section,source_file,recommended_placement,dataset,retriever,gate_position,attack_seed,metric,value,mean_over_seeds,std_over_seeds,n_seeds,comparison_value,difference_value,notes
simplified_vs_multi_stage,phase5_主实验与 ablation/phase5d_control_ablation/simplified_multistage_results.csv,main_text,hotpotqa,bge_dense,,13,simplified_Clean_F1,0.12952481,,,,0.13987974,,seed-level value; all seeds retained
simplified_vs_multi_stage,phase5_主实验与 ablation/phase5d_control_ablation/simplified_multistage_results.csv,main_text,hotpotqa,bge_dense,,42,simplified_Clean_F1,0.12952481,,,,0.13987974,,seed-level value; all seeds retained
simplified_vs_multi_stage,phase5_主实验与 ablation/phase5d_control_ablation/simplified_multistage_results.csv,main_text,hotpotqa,bge_dense,,2026,simplified_Clean_F1,0.12952481,,,,0.13987974,,seed-level value; all seeds retained
simplified_vs_multi_stage,phase5_主实验与 ablation/phase5d_control_ablation/simplified_multistage_results.csv,main_text,hotpotqa,bge_dense,,mean±std,simplified_Clean_F1,,0.12952481,0.00000000,3,,,sample std across seeds; no seed filtering
simplified_vs_multi_stage,phase5_主实验与 ablation/phase5d_control_ablation/simplified_multistage_results.csv,main_text,hotpotqa,bge_dense,,13,multi_stage_Clean_F1,0.13987974,,,,0.12952481,,seed-level value; all seeds retained
simplified_vs_multi_stage,phase5_主实验与 ablation/phase5d_control_ablation/simplified_multistage_results.csv,main_text,hotpotqa,bge_dense,,42,multi_stage_Clean_F1,0.13987974,,,,0.12952481,,seed-level value; all seeds retained
simplified_vs_multi_stage,phase5_主实验与 ablation/phase5d_control_ablation/simplified_multistage_results.csv,main_text,hotpotqa,bge_dense,,2026,multi_stage_Clean_F1,0.13987974,,,,0.12952481,,seed-level value; all seeds retained
simplified_vs_multi_stage,phase5_主实验与 ablation/phase5d_control_ablation/simplified_multistage_results.csv,main_text,hotpotqa,bge_dense,,mean±std,multi_stage_Clean_F1,,0.13987974,0.00000000,3,,,sample std across seeds; no seed filtering
simplified_vs_multi_stage,phase5_主实验与 ablation/phase5d_control_ablation/simplified_multistage_results.csv,main_text,hotpotqa,bge_dense,,13,simplified_minus_multistage_Clean_F1,-0.01035493,,,,,,seed-level value; all seeds retained
simplified_vs_multi_stage,phase5_主实验与 ablation/phase5d_control_ablation/simplified_multistage_results.csv,main_text,hotpotqa,bge_dense,,42,simplified_minus_multistage_Clean_F1,-0.01035493,,,,,,seed-level value; all seeds retained
simplified_vs_multi_stage,phase5_主实验与 ablation/phase5d_control_ablation/simplified_multistage_results.csv,main_text,hotpotqa,bge_dense,,2026,simplified_minus_multistage_Clean_F1,-0.01035493,,,,,,seed-level value; all seeds retained
simplified_vs_multi_stage,phase5_主实验与 ablation/phase5d_control_ablation/simplified_multistage_results.csv,main_text,hotpotqa,bge_dense,,mean±std,simplified_minus_multistage_Clean_F1,,-0.01035493,0.00000000,3,,,sample std across seeds; no seed filtering
simplified_vs_multi_stage,phase5_主实验与 ablation/phase5d_control_ablation/simplified_multistage_results.csv,main_text,hotpotqa,bge_dense,,13,simplified_ASR_no_gate,0.49000000,,,,0.45666667,,seed-level value; all seeds retained
simplified_vs_multi_stage,phase5_主实验与 ablation/phase5d_control_ablation/simplified_multistage_results.csv,main_text,hotpotqa,bge_dense,,42,simplified_ASR_no_gate,0.49666667,,,,0.46000000,,seed-level value; all seeds retained
simplified_vs_multi_stage,phase5_主实验与 ablation/phase5d_control_ablation/simplified_multistage_results.csv,main_text,hotpotqa,bge_dense,,2026,simplified_ASR_no_gate,0.47666667,,,,0.48000000,,seed-level value; all seeds retained
simplified_vs_multi_stage,phase5_主实验与 ablation/phase5d_control_ablation/simplified_multistage_results.csv,main_text,hotpotqa,bge_dense,,mean±std,simplified_ASR_no_gate,,0.48777778,0.01018350,3,,,sample std across seeds; no seed filtering
simplified_vs_multi_stage,phase5_主实验与 ablation/phase5d_control_ablation/simplified_multistage_results.csv,main_text,hotpotqa,bge_dense,,13,multi_stage_ASR_no_gate,0.45666667,,,,0.49000000,,seed-level value; all seeds retained
simplified_vs_multi_stage,phase5_主实验与 ablation/phase5d_control_ablation/simplified_multistage_results.csv,main_text,hotpotqa,bge_dense,,42,multi_stage_ASR_no_gate,0.46000000,,,,0.49666667,,seed-level value; all seeds retained
simplified_vs_multi_stage,phase5_主实验与 ablation/phase5d_control_ablation/simplified_multistage_results.csv,main_text,hotpotqa,bge_dense,,2026,multi_stage_ASR_no_gate,0.48000000,,,,0.47666667,,seed-level value; all seeds retained
simplified_vs_multi_stage,phase5_主实验与 ablation/phase5d_control_ablation/simplified_multistage_results.csv,main_text,hotpotqa,bge_dense,,mean±std,multi_stage_ASR_no_gate,,0.46555556,0.01261980,3,,,sample std across seeds; no seed filtering
simplified_vs_multi_stage,phase5_主实验与 ablation/phase5d_control_ablation/simplified_multistage_results.csv,main_text,hotpotqa,bge_dense,,13,simplified_minus_multistage_ASR,0.03333333,,,,,,seed-level value; all seeds retained
simplified_vs_multi_stage,phase5_主实验与 ablation/phase5d_control_ablation/simplified_multistage_results.csv,main_text,hotpotqa,bge_dense,,42,simplified_minus_multistage_ASR,0.03666667,,,,,,seed-level value; all seeds retained
simplified_vs_multi_stage,phase5_主实验与 ablation/phase5d_control_ablation/simplified_multistage_results.csv,main_text,hotpotqa,bge_dense,,2026,simplified_minus_multistage_ASR,-0.00333333,,,,,,seed-level value; all seeds retained
simplified_vs_multi_stage,phase5_主实验与 ablation/phase5d_control_ablation/simplified_multistage_results.csv,main_text,hotpotqa,bge_dense,,mean±std,simplified_minus_multistage_ASR,,0.02222222,0.02219443,3,,,sample std across seeds; no seed filtering
simplified_vs_multi_stage,phase5_主实验与 ablation/phase5d_control_ablation/simplified_multistage_results.csv,main_text,hotpotqa,bm25,,13,simplified_Clean_F1,0.10706153,,,,0.14602016,,seed-level value; all seeds retained
simplified_vs_multi_stage,phase5_主实验与 ablation/phase5d_control_ablation/simplified_multistage_results.csv,main_text,hotpotqa,bm25,,42,simplified_Clean_F1,0.10706153,,,,0.14602016,,seed-level value; all seeds retained
simplified_vs_multi_stage,phase5_主实验与 ablation/phase5d_control_ablation/simplified_multistage_results.csv,main_text,hotpotqa,bm25,,2026,simplified_Clean_F1,0.10706153,,,,0.14602016,,seed-level value; all seeds retained
simplified_vs_multi_stage,phase5_主实验与 ablation/phase5d_control_ablation/simplified_multistage_results.csv,main_text,hotpotqa,bm25,,mean±std,simplified_Clean_F1,,0.10706153,0.00000000,3,,,sample std across seeds; no seed filtering
simplified_vs_multi_stage,phase5_主实验与 ablation/phase5d_control_ablation/simplified_multistage_results.csv,main_text,hotpotqa,bm25,,13,multi_stage_Clean_F1,0.14602016,,,,0.10706153,,seed-level value; all seeds retained
simplified_vs_multi_stage,phase5_主实验与 ablation/phase5d_control_ablation/simplified_multistage_results.csv,main_text,hotpotqa,bm25,,42,multi_stage_Clean_F1,0.14602016,,,,0.10706153,,seed-level value; all seeds retained
simplified_vs_multi_stage,phase5_主实验与 ablation/phase5d_control_ablation/simplified_multistage_results.csv,main_text,hotpotqa,bm25,,2026,multi_stage_Clean_F1,0.14602016,,,,0.10706153,,seed-level value; all seeds retained
simplified_vs_multi_stage,phase5_主实验与 ablation/phase5d_control_ablation/simplified_multistage_results.csv,main_text,hotpotqa,bm25,,mean±std,multi_stage_Clean_F1,,0.14602016,0.00000000,3,,,sample std across seeds; no seed filtering
simplified_vs_multi_stage,phase5_主实验与 ablation/phase5d_control_ablation/simplified_multistage_results.csv,main_text,hotpotqa,bm25,,13,simplified_minus_multistage_Clean_F1,-0.03895863,,,,,,seed-level value; all seeds retained
simplified_vs_multi_stage,phase5_主实验与 ablation/phase5d_control_ablation/simplified_multistage_results.csv,main_text,hotpotqa,bm25,,42,simplified_minus_multistage_Clean_F1,-0.03895863,,,,,,seed-level value; all seeds retained
simplified_vs_multi_stage,phase5_主实验与 ablation/phase5d_control_ablation/simplified_multistage_results.csv,main_text,hotpotqa,bm25,,2026,simplified_minus_multistage_Clean_F1,-0.03895863,,,,,,seed-level value; all seeds retained
simplified_vs_multi_stage,phase5_主实验与 ablation/phase5d_control_ablation/simplified_multistage_results.csv,main_text,hotpotqa,bm25,,mean±std,simplified_minus_multistage_Clean_F1,,-0.03895863,0.00000000,3,,,sample std across seeds; no seed filtering
simplified_vs_multi_stage,phase5_主实验与 ablation/phase5d_control_ablation/simplified_multistage_results.csv,main_text,hotpotqa,bm25,,13,simplified_ASR_no_gate,0.63000000,,,,0.46666667,,seed-level value; all seeds retained
simplified_vs_multi_stage,phase5_主实验与 ablation/phase5d_control_ablation/simplified_multistage_results.csv,main_text,hotpotqa,bm25,,42,simplified_ASR_no_gate,0.62333333,,,,0.46333333,,seed-level value; all seeds retained
simplified_vs_multi_stage,phase5_主实验与 ablation/phase5d_control_ablation/simplified_multistage_results.csv,main_text,hotpotqa,bm25,,2026,simplified_ASR_no_gate,0.62333333,,,,0.48000000,,seed-level value; all seeds retained
simplified_vs_multi_stage,phase5_主实验与 ablation/phase5d_control_ablation/simplified_multistage_results.csv,main_text,hotpotqa,bm25,,mean±std,simplified_ASR_no_gate,,0.62555556,0.00384900,3,,,sample std across seeds; no seed filtering
simplified_vs_multi_stage,phase5_主实验与 ablation/phase5d_control_ablation/simplified_multistage_results.csv,main_text,hotpotqa,bm25,,13,multi_stage_ASR_no_gate,0.46666667,,,,0.63000000,,seed-level value; all seeds retained
simplified_vs_multi_stage,phase5_主实验与 ablation/phase5d_control_ablation/simplified_multistage_results.csv,main_text,hotpotqa,bm25,,42,multi_stage_ASR_no_gate,0.46333333,,,,0.62333333,,seed-level value; all seeds retained
simplified_vs_multi_stage,phase5_主实验与 ablation/phase5d_control_ablation/simplified_multistage_results.csv,main_text,hotpotqa,bm25,,2026,multi_stage_ASR_no_gate,0.48000000,,,,0.62333333,,seed-level value; all seeds retained
simplified_vs_multi_stage,phase5_主实验与 ablation/phase5d_control_ablation/simplified_multistage_results.csv,main_text,hotpotqa,bm25,,mean±std,multi_stage_ASR_no_gate,,0.47000000,0.00881917,3,,,sample std across seeds; no seed filtering
simplified_vs_multi_stage,phase5_主实验与 ablation/phase5d_control_ablation/simplified_multistage_results.csv,main_text,hotpotqa,bm25,,13,simplified_minus_multistage_ASR,0.16333333,,,,,,seed-level value; all seeds retained
simplified_vs_multi_stage,phase5_主实验与 ablation/phase5d_control_ablation/simplified_multistage_results.csv,main_text,hotpotqa,bm25,,42,simplified_minus_multistage_ASR,0.16000000,,,,,,seed-level value; all seeds retained
simplified_vs_multi_stage,phase5_主实验与 ablation/phase5d_control_ablation/simplified_multistage_results.csv,main_text,hotpotqa,bm25,,2026,simplified_minus_multistage_ASR,0.14333333,,,,,,seed-level value; all seeds retained
simplified_vs_multi_stage,phase5_主实验与 ablation/phase5d_control_ablation/simplified_multistage_results.csv,main_text,hotpotqa,bm25,,mean±std,simplified_minus_multistage_ASR,,0.15555556,0.01071517,3,,,sample std across seeds; no seed filtering
simplified_vs_multi_stage,phase5_主实验与 ablation/phase5d_control_ablation/simplified_multistage_results.csv,main_text,nq,bge_dense,,13,simplified_Clean_F1,0.16662732,,,,0.14495647,,seed-level value; all seeds retained
simplified_vs_multi_stage,phase5_主实验与 ablation/phase5d_control_ablation/simplified_multistage_results.csv,main_text,nq,bge_dense,,42,simplified_Clean_F1,0.16662732,,,,0.14495647,,seed-level value; all seeds retained
simplified_vs_multi_stage,phase5_主实验与 ablation/phase5d_control_ablation/simplified_multistage_results.csv,main_text,nq,bge_dense,,2026,simplified_Clean_F1,0.16662732,,,,0.14495647,,seed-level value; all seeds retained
simplified_vs_multi_stage,phase5_主实验与 ablation/phase5d_control_ablation/simplified_multistage_results.csv,main_text,nq,bge_dense,,mean±std,simplified_Clean_F1,,0.16662732,0.00000000,3,,,sample std across seeds; no seed filtering
simplified_vs_multi_stage,phase5_主实验与 ablation/phase5d_control_ablation/simplified_multistage_results.csv,main_text,nq,bge_dense,,13,multi_stage_Clean_F1,0.14495647,,,,0.16662732,,seed-level value; all seeds retained
simplified_vs_multi_stage,phase5_主实验与 ablation/phase5d_control_ablation/simplified_multistage_results.csv,main_text,nq,bge_dense,,42,multi_stage_Clean_F1,0.14495647,,,,0.16662732,,seed-level value; all seeds retained
simplified_vs_multi_stage,phase5_主实验与 ablation/phase5d_control_ablation/simplified_multistage_results.csv,main_text,nq,bge_dense,,2026,multi_stage_Clean_F1,0.14495647,,,,0.16662732,,seed-level value; all seeds retained
simplified_vs_multi_stage,phase5_主实验与 ablation/phase5d_control_ablation/simplified_multistage_results.csv,main_text,nq,bge_dense,,mean±std,multi_stage_Clean_F1,,0.14495647,0.00000000,3,,,sample std across seeds; no seed filtering
simplified_vs_multi_stage,phase5_主实验与 ablation/phase5d_control_ablation/simplified_multistage_results.csv,main_text,nq,bge_dense,,13,simplified_minus_multistage_Clean_F1,0.02167085,,,,,,seed-level value; all seeds retained
simplified_vs_multi_stage,phase5_主实验与 ablation/phase5d_control_ablation/simplified_multistage_results.csv,main_text,nq,bge_dense,,42,simplified_minus_multistage_Clean_F1,0.02167085,,,,,,seed-level value; all seeds retained
simplified_vs_multi_stage,phase5_主实验与 ablation/phase5d_control_ablation/simplified_multistage_results.csv,main_text,nq,bge_dense,,2026,simplified_minus_multistage_Clean_F1,0.02167085,,,,,,seed-level value; all seeds retained
simplified_vs_multi_stage,phase5_主实验与 ablation/phase5d_control_ablation/simplified_multistage_results.csv,main_text,nq,bge_dense,,mean±std,simplified_minus_multistage_Clean_F1,,0.02167085,0.00000000,3,,,sample std across seeds; no seed filtering
simplified_vs_multi_stage,phase5_主实验与 ablation/phase5d_control_ablation/simplified_multistage_results.csv,main_text,nq,bge_dense,,13,simplified_ASR_no_gate,0.37666667,,,,0.26666667,,seed-level value; all seeds retained
simplified_vs_multi_stage,phase5_主实验与 ablation/phase5d_control_ablation/simplified_multistage_results.csv,main_text,nq,bge_dense,,42,simplified_ASR_no_gate,0.43000000,,,,0.31666667,,seed-level value; all seeds retained
simplified_vs_multi_stage,phase5_主实验与 ablation/phase5d_control_ablation/simplified_multistage_results.csv,main_text,nq,bge_dense,,2026,simplified_ASR_no_gate,0.41333333,,,,0.30333333,,seed-level value; all seeds retained
simplified_vs_multi_stage,phase5_主实验与 ablation/phase5d_control_ablation/simplified_multistage_results.csv,main_text,nq,bge_dense,,mean±std,simplified_ASR_no_gate,,0.40666667,0.02728451,3,,,sample std across seeds; no seed filtering
simplified_vs_multi_stage,phase5_主实验与 ablation/phase5d_control_ablation/simplified_multistage_results.csv,main_text,nq,bge_dense,,13,multi_stage_ASR_no_gate,0.26666667,,,,0.37666667,,seed-level value; all seeds retained
simplified_vs_multi_stage,phase5_主实验与 ablation/phase5d_control_ablation/simplified_multistage_results.csv,main_text,nq,bge_dense,,42,multi_stage_ASR_no_gate,0.31666667,,,,0.43000000,,seed-level value; all seeds retained
simplified_vs_multi_stage,phase5_主实验与 ablation/phase5d_control_ablation/simplified_multistage_results.csv,main_text,nq,bge_dense,,2026,multi_stage_ASR_no_gate,0.30333333,,,,0.41333333,,seed-level value; all seeds retained
simplified_vs_multi_stage,phase5_主实验与 ablation/phase5d_control_ablation/simplified_multistage_results.csv,main_text,nq,bge_dense,,mean±std,multi_stage_ASR_no_gate,,0.29555556,0.02589151,3,,,sample std across seeds; no seed filtering
simplified_vs_multi_stage,phase5_主实验与 ablation/phase5d_control_ablation/simplified_multistage_results.csv,main_text,nq,bge_dense,,13,simplified_minus_multistage_ASR,0.11000000,,,,,,seed-level value; all seeds retained
simplified_vs_multi_stage,phase5_主实验与 ablation/phase5d_control_ablation/simplified_multistage_results.csv,main_text,nq,bge_dense,,42,simplified_minus_multistage_ASR,0.11333333,,,,,,seed-level value; all seeds retained
simplified_vs_multi_stage,phase5_主实验与 ablation/phase5d_control_ablation/simplified_multistage_results.csv,main_text,nq,bge_dense,,2026,simplified_minus_multistage_ASR,0.11000000,,,,,,seed-level value; all seeds retained
simplified_vs_multi_stage,phase5_主实验与 ablation/phase5d_control_ablation/simplified_multistage_results.csv,main_text,nq,bge_dense,,mean±std,simplified_minus_multistage_ASR,,0.11111111,0.00192450,3,,,sample std across seeds; no seed filtering
simplified_vs_multi_stage,phase5_主实验与 ablation/phase5d_control_ablation/simplified_multistage_results.csv,main_text,nq,bm25,,13,simplified_Clean_F1,0.11526151,,,,0.15141955,,seed-level value; all seeds retained
simplified_vs_multi_stage,phase5_主实验与 ablation/phase5d_control_ablation/simplified_multistage_results.csv,main_text,nq,bm25,,42,simplified_Clean_F1,0.11526151,,,,0.15141955,,seed-level value; all seeds retained
simplified_vs_multi_stage,phase5_主实验与 ablation/phase5d_control_ablation/simplified_multistage_results.csv,main_text,nq,bm25,,2026,simplified_Clean_F1,0.11526151,,,,0.15141955,,seed-level value; all seeds retained
simplified_vs_multi_stage,phase5_主实验与 ablation/phase5d_control_ablation/simplified_multistage_results.csv,main_text,nq,bm25,,mean±std,simplified_Clean_F1,,0.11526151,0.00000000,3,,,sample std across seeds; no seed filtering
simplified_vs_multi_stage,phase5_主实验与 ablation/phase5d_control_ablation/simplified_multistage_results.csv,main_text,nq,bm25,,13,multi_stage_Clean_F1,0.15141955,,,,0.11526151,,seed-level value; all seeds retained
simplified_vs_multi_stage,phase5_主实验与 ablation/phase5d_control_ablation/simplified_multistage_results.csv,main_text,nq,bm25,,42,multi_stage_Clean_F1,0.15141955,,,,0.11526151,,seed-level value; all seeds retained
simplified_vs_multi_stage,phase5_主实验与 ablation/phase5d_control_ablation/simplified_multistage_results.csv,main_text,nq,bm25,,2026,multi_stage_Clean_F1,0.15141955,,,,0.11526151,,seed-level value; all seeds retained
simplified_vs_multi_stage,phase5_主实验与 ablation/phase5d_control_ablation/simplified_multistage_results.csv,main_text,nq,bm25,,mean±std,multi_stage_Clean_F1,,0.15141955,0.00000000,3,,,sample std across seeds; no seed filtering
simplified_vs_multi_stage,phase5_主实验与 ablation/phase5d_control_ablation/simplified_multistage_results.csv,main_text,nq,bm25,,13,simplified_minus_multistage_Clean_F1,-0.03615804,,,,,,seed-level value; all seeds retained
simplified_vs_multi_stage,phase5_主实验与 ablation/phase5d_control_ablation/simplified_multistage_results.csv,main_text,nq,bm25,,42,simplified_minus_multistage_Clean_F1,-0.03615804,,,,,,seed-level value; all seeds retained
simplified_vs_multi_stage,phase5_主实验与 ablation/phase5d_control_ablation/simplified_multistage_results.csv,main_text,nq,bm25,,2026,simplified_minus_multistage_Clean_F1,-0.03615804,,,,,,seed-level value; all seeds retained
simplified_vs_multi_stage,phase5_主实验与 ablation/phase5d_control_ablation/simplified_multistage_results.csv,main_text,nq,bm25,,mean±std,simplified_minus_multistage_Clean_F1,,-0.03615804,0.00000000,3,,,sample std across seeds; no seed filtering
simplified_vs_multi_stage,phase5_主实验与 ablation/phase5d_control_ablation/simplified_multistage_results.csv,main_text,nq,bm25,,13,simplified_ASR_no_gate,0.59000000,,,,0.38333333,,seed-level value; all seeds retained
simplified_vs_multi_stage,phase5_主实验与 ablation/phase5d_control_ablation/simplified_multistage_results.csv,main_text,nq,bm25,,42,simplified_ASR_no_gate,0.63000000,,,,0.44000000,,seed-level value; all seeds retained
simplified_vs_multi_stage,phase5_主实验与 ablation/phase5d_control_ablation/simplified_multistage_results.csv,main_text,nq,bm25,,2026,simplified_ASR_no_gate,0.58000000,,,,0.43333333,,seed-level value; all seeds retained
simplified_vs_multi_stage,phase5_主实验与 ablation/phase5d_control_ablation/simplified_multistage_results.csv,main_text,nq,bm25,,mean±std,simplified_ASR_no_gate,,0.60000000,0.02645751,3,,,sample std across seeds; no seed filtering
simplified_vs_multi_stage,phase5_主实验与 ablation/phase5d_control_ablation/simplified_multistage_results.csv,main_text,nq,bm25,,13,multi_stage_ASR_no_gate,0.38333333,,,,0.59000000,,seed-level value; all seeds retained
simplified_vs_multi_stage,phase5_主实验与 ablation/phase5d_control_ablation/simplified_multistage_results.csv,main_text,nq,bm25,,42,multi_stage_ASR_no_gate,0.44000000,,,,0.63000000,,seed-level value; all seeds retained
simplified_vs_multi_stage,phase5_主实验与 ablation/phase5d_control_ablation/simplified_multistage_results.csv,main_text,nq,bm25,,2026,multi_stage_ASR_no_gate,0.43333333,,,,0.58000000,,seed-level value; all seeds retained
simplified_vs_multi_stage,phase5_主实验与 ablation/phase5d_control_ablation/simplified_multistage_results.csv,main_text,nq,bm25,,mean±std,multi_stage_ASR_no_gate,,0.41888889,0.03097191,3,,,sample std across seeds; no seed filtering
simplified_vs_multi_stage,phase5_主实验与 ablation/phase5d_control_ablation/simplified_multistage_results.csv,main_text,nq,bm25,,13,simplified_minus_multistage_ASR,0.20666667,,,,,,seed-level value; all seeds retained
simplified_vs_multi_stage,phase5_主实验与 ablation/phase5d_control_ablation/simplified_multistage_results.csv,main_text,nq,bm25,,42,simplified_minus_multistage_ASR,0.19000000,,,,,,seed-level value; all seeds retained
simplified_vs_multi_stage,phase5_主实验与 ablation/phase5d_control_ablation/simplified_multistage_results.csv,main_text,nq,bm25,,2026,simplified_minus_multistage_ASR,0.14666667,,,,,,seed-level value; all seeds retained
simplified_vs_multi_stage,phase5_主实验与 ablation/phase5d_control_ablation/simplified_multistage_results.csv,main_text,nq,bm25,,mean±std,simplified_minus_multistage_ASR,,0.18111111,0.03097191,3,,,sample std across seeds; no seed filtering
p_ret_p_gen_gate_position,phase5_主实验与 ablation/phase5_main_matrix/gate_position_results.csv,main_text,hotpotqa,bge_dense,P_gen,13,ASR_no_gate,0.45666667,,,,,,seed-level value; all seeds retained
p_ret_p_gen_gate_position,phase5_主实验与 ablation/phase5_main_matrix/gate_position_results.csv,main_text,hotpotqa,bge_dense,P_gen,42,ASR_no_gate,0.46000000,,,,,,seed-level value; all seeds retained
p_ret_p_gen_gate_position,phase5_主实验与 ablation/phase5_main_matrix/gate_position_results.csv,main_text,hotpotqa,bge_dense,P_gen,2026,ASR_no_gate,0.48000000,,,,,,seed-level value; all seeds retained
p_ret_p_gen_gate_position,phase5_主实验与 ablation/phase5_main_matrix/gate_position_results.csv,main_text,hotpotqa,bge_dense,P_gen,mean±std,ASR_no_gate,,0.46555556,0.01261980,3,,,sample std across seeds; no seed filtering
p_ret_p_gen_gate_position,phase5_主实验与 ablation/phase5_main_matrix/gate_position_results.csv,main_text,hotpotqa,bge_dense,P_gen,13,ASR_gate,0.01333333,,,,,,seed-level value; all seeds retained
p_ret_p_gen_gate_position,phase5_主实验与 ablation/phase5_main_matrix/gate_position_results.csv,main_text,hotpotqa,bge_dense,P_gen,42,ASR_gate,0.01333333,,,,,,seed-level value; all seeds retained
p_ret_p_gen_gate_position,phase5_主实验与 ablation/phase5_main_matrix/gate_position_results.csv,main_text,hotpotqa,bge_dense,P_gen,2026,ASR_gate,0.01666667,,,,,,seed-level value; all seeds retained
p_ret_p_gen_gate_position,phase5_主实验与 ablation/phase5_main_matrix/gate_position_results.csv,main_text,hotpotqa,bge_dense,P_gen,mean±std,ASR_gate,,0.01444444,0.00192450,3,,,sample std across seeds; no seed filtering
p_ret_p_gen_gate_position,phase5_主实验与 ablation/phase5_main_matrix/gate_position_results.csv,main_text,hotpotqa,bge_dense,P_gen,13,ASR-Drop,0.44333333,,,,,,seed-level value; all seeds retained
p_ret_p_gen_gate_position,phase5_主实验与 ablation/phase5_main_matrix/gate_position_results.csv,main_text,hotpotqa,bge_dense,P_gen,42,ASR-Drop,0.44666667,,,,,,seed-level value; all seeds retained
p_ret_p_gen_gate_position,phase5_主实验与 ablation/phase5_main_matrix/gate_position_results.csv,main_text,hotpotqa,bge_dense,P_gen,2026,ASR-Drop,0.46333333,,,,,,seed-level value; all seeds retained
p_ret_p_gen_gate_position,phase5_主实验与 ablation/phase5_main_matrix/gate_position_results.csv,main_text,hotpotqa,bge_dense,P_gen,mean±std,ASR-Drop,,0.45111111,0.01071517,3,,,sample std across seeds; no seed filtering
p_ret_p_gen_gate_position,phase5_主实验与 ablation/phase5_main_matrix/gate_position_results.csv,main_text,hotpotqa,bge_dense,P_gen,13,TPR,0.97486413,,,,,,seed-level value; all seeds retained
p_ret_p_gen_gate_position,phase5_主实验与 ablation/phase5_main_matrix/gate_position_results.csv,main_text,hotpotqa,bge_dense,P_gen,42,TPR,0.96969697,,,,,,seed-level value; all seeds retained
p_ret_p_gen_gate_position,phase5_主实验与 ablation/phase5_main_matrix/gate_position_results.csv,main_text,hotpotqa,bge_dense,P_gen,2026,TPR,0.95794393,,,,,,seed-level value; all seeds retained
p_ret_p_gen_gate_position,phase5_主实验与 ablation/phase5_main_matrix/gate_position_results.csv,main_text,hotpotqa,bge_dense,P_gen,mean±std,TPR,,0.96750168,0.00867109,3,,,sample std across seeds; no seed filtering
p_ret_p_gen_gate_position,phase5_主实验与 ablation/phase5_main_matrix/gate_position_results.csv,main_text,hotpotqa,bge_dense,P_gen,13,FPR_clean,0.22918808,,,,,,seed-level value; all seeds retained
p_ret_p_gen_gate_position,phase5_主实验与 ablation/phase5_main_matrix/gate_position_results.csv,main_text,hotpotqa,bge_dense,P_gen,42,FPR_clean,0.22918808,,,,,,seed-level value; all seeds retained
p_ret_p_gen_gate_position,phase5_主实验与 ablation/phase5_main_matrix/gate_position_results.csv,main_text,hotpotqa,bge_dense,P_gen,2026,FPR_clean,0.22918808,,,,,,seed-level value; all seeds retained
p_ret_p_gen_gate_position,phase5_主实验与 ablation/phase5_main_matrix/gate_position_results.csv,main_text,hotpotqa,bge_dense,P_gen,mean±std,FPR_clean,,0.22918808,0.00000000,3,,,sample std across seeds; no seed filtering
p_ret_p_gen_gate_position,phase5_主实验与 ablation/phase5_main_matrix/gate_position_results.csv,main_text,hotpotqa,bge_dense,P_gen,13,Utility Drop,0.06026399,,,,,,seed-level value; all seeds retained
p_ret_p_gen_gate_position,phase5_主实验与 ablation/phase5_main_matrix/gate_position_results.csv,main_text,hotpotqa,bge_dense,P_gen,42,Utility Drop,0.06026399,,,,,,seed-level value; all seeds retained
p_ret_p_gen_gate_position,phase5_主实验与 ablation/phase5_main_matrix/gate_position_results.csv,main_text,hotpotqa,bge_dense,P_gen,2026,Utility Drop,0.06026399,,,,,,seed-level value; all seeds retained
p_ret_p_gen_gate_position,phase5_主实验与 ablation/phase5_main_matrix/gate_position_results.csv,main_text,hotpotqa,bge_dense,P_gen,mean±std,Utility Drop,,0.06026399,0.00000000,3,,,sample std across seeds; no seed filtering
p_ret_p_gen_gate_position,phase5_主实验与 ablation/phase5_main_matrix/gate_position_results.csv,main_text,hotpotqa,bge_dense,P_gen,13,Clean_F1_no_gate,0.13987974,,,,,,seed-level value; all seeds retained
p_ret_p_gen_gate_position,phase5_主实验与 ablation/phase5_main_matrix/gate_position_results.csv,main_text,hotpotqa,bge_dense,P_gen,42,Clean_F1_no_gate,0.13987974,,,,,,seed-level value; all seeds retained
p_ret_p_gen_gate_position,phase5_主实验与 ablation/phase5_main_matrix/gate_position_results.csv,main_text,hotpotqa,bge_dense,P_gen,2026,Clean_F1_no_gate,0.13987974,,,,,,seed-level value; all seeds retained
p_ret_p_gen_gate_position,phase5_主实验与 ablation/phase5_main_matrix/gate_position_results.csv,main_text,hotpotqa,bge_dense,P_gen,mean±std,Clean_F1_no_gate,,0.13987974,0.00000000,3,,,sample std across seeds; no seed filtering
p_ret_p_gen_gate_position,phase5_主实验与 ablation/phase5_main_matrix/gate_position_results.csv,main_text,hotpotqa,bge_dense,P_gen,13,Clean_F1_gate,0.07961575,,,,,,seed-level value; all seeds retained
p_ret_p_gen_gate_position,phase5_主实验与 ablation/phase5_main_matrix/gate_position_results.csv,main_text,hotpotqa,bge_dense,P_gen,42,Clean_F1_gate,0.07961575,,,,,,seed-level value; all seeds retained
p_ret_p_gen_gate_position,phase5_主实验与 ablation/phase5_main_matrix/gate_position_results.csv,main_text,hotpotqa,bge_dense,P_gen,2026,Clean_F1_gate,0.07961575,,,,,,seed-level value; all seeds retained
p_ret_p_gen_gate_position,phase5_主实验与 ablation/phase5_main_matrix/gate_position_results.csv,main_text,hotpotqa,bge_dense,P_gen,mean±std,Clean_F1_gate,,0.07961575,0.00000000,3,,,sample std across seeds; no seed filtering
p_ret_p_gen_gate_position,phase5_主实验与 ablation/phase5_main_matrix/gate_position_results.csv,main_text,hotpotqa,bge_dense,P_gen,13,PoisonPresence@5,0.03333333,,,,,,seed-level value; all seeds retained
p_ret_p_gen_gate_position,phase5_主实验与 ablation/phase5_main_matrix/gate_position_results.csv,main_text,hotpotqa,bge_dense,P_gen,42,PoisonPresence@5,0.04000000,,,,,,seed-level value; all seeds retained
p_ret_p_gen_gate_position,phase5_主实验与 ablation/phase5_main_matrix/gate_position_results.csv,main_text,hotpotqa,bge_dense,P_gen,2026,PoisonPresence@5,0.05333333,,,,,,seed-level value; all seeds retained
p_ret_p_gen_gate_position,phase5_主实验与 ablation/phase5_main_matrix/gate_position_results.csv,main_text,hotpotqa,bge_dense,P_gen,mean±std,PoisonPresence@5,,0.04222222,0.01018350,3,,,sample std across seeds; no seed filtering
p_ret_p_gen_gate_position,phase5_主实验与 ablation/phase5_main_matrix/gate_position_results.csv,main_text,hotpotqa,bge_dense,P_ret,13,ASR_no_gate,0.45666667,,,,,,seed-level value; all seeds retained
p_ret_p_gen_gate_position,phase5_主实验与 ablation/phase5_main_matrix/gate_position_results.csv,main_text,hotpotqa,bge_dense,P_ret,42,ASR_no_gate,0.46000000,,,,,,seed-level value; all seeds retained
p_ret_p_gen_gate_position,phase5_主实验与 ablation/phase5_main_matrix/gate_position_results.csv,main_text,hotpotqa,bge_dense,P_ret,2026,ASR_no_gate,0.48000000,,,,,,seed-level value; all seeds retained
p_ret_p_gen_gate_position,phase5_主实验与 ablation/phase5_main_matrix/gate_position_results.csv,main_text,hotpotqa,bge_dense,P_ret,mean±std,ASR_no_gate,,0.46555556,0.01261980,3,,,sample std across seeds; no seed filtering
p_ret_p_gen_gate_position,phase5_主实验与 ablation/phase5_main_matrix/gate_position_results.csv,main_text,hotpotqa,bge_dense,P_ret,13,ASR_gate,0.01333333,,,,,,seed-level value; all seeds retained
p_ret_p_gen_gate_position,phase5_主实验与 ablation/phase5_main_matrix/gate_position_results.csv,main_text,hotpotqa,bge_dense,P_ret,42,ASR_gate,0.01333333,,,,,,seed-level value; all seeds retained
p_ret_p_gen_gate_position,phase5_主实验与 ablation/phase5_main_matrix/gate_position_results.csv,main_text,hotpotqa,bge_dense,P_ret,2026,ASR_gate,0.01666667,,,,,,seed-level value; all seeds retained
p_ret_p_gen_gate_position,phase5_主实验与 ablation/phase5_main_matrix/gate_position_results.csv,main_text,hotpotqa,bge_dense,P_ret,mean±std,ASR_gate,,0.01444444,0.00192450,3,,,sample std across seeds; no seed filtering
p_ret_p_gen_gate_position,phase5_主实验与 ablation/phase5_main_matrix/gate_position_results.csv,main_text,hotpotqa,bge_dense,P_ret,13,ASR-Drop,0.44333333,,,,,,seed-level value; all seeds retained
p_ret_p_gen_gate_position,phase5_主实验与 ablation/phase5_main_matrix/gate_position_results.csv,main_text,hotpotqa,bge_dense,P_ret,42,ASR-Drop,0.44666667,,,,,,seed-level value; all seeds retained
p_ret_p_gen_gate_position,phase5_主实验与 ablation/phase5_main_matrix/gate_position_results.csv,main_text,hotpotqa,bge_dense,P_ret,2026,ASR-Drop,0.46333333,,,,,,seed-level value; all seeds retained
p_ret_p_gen_gate_position,phase5_主实验与 ablation/phase5_main_matrix/gate_position_results.csv,main_text,hotpotqa,bge_dense,P_ret,mean±std,ASR-Drop,,0.45111111,0.01071517,3,,,sample std across seeds; no seed filtering
p_ret_p_gen_gate_position,phase5_主实验与 ablation/phase5_main_matrix/gate_position_results.csv,main_text,hotpotqa,bge_dense,P_ret,13,TPR,0.84872979,,,,,,seed-level value; all seeds retained
p_ret_p_gen_gate_position,phase5_主实验与 ablation/phase5_main_matrix/gate_position_results.csv,main_text,hotpotqa,bge_dense,P_ret,42,TPR,0.83001706,,,,,,seed-level value; all seeds retained
p_ret_p_gen_gate_position,phase5_主实验与 ablation/phase5_main_matrix/gate_position_results.csv,main_text,hotpotqa,bge_dense,P_ret,2026,TPR,0.82904517,,,,,,seed-level value; all seeds retained
p_ret_p_gen_gate_position,phase5_主实验与 ablation/phase5_main_matrix/gate_position_results.csv,main_text,hotpotqa,bge_dense,P_ret,mean±std,TPR,,0.83593067,0.01109501,3,,,sample std across seeds; no seed filtering
p_ret_p_gen_gate_position,phase5_主实验与 ablation/phase5_main_matrix/gate_position_results.csv,main_text,hotpotqa,bge_dense,P_ret,13,FPR_clean,0.05146667,,,,,,seed-level value; all seeds retained
p_ret_p_gen_gate_position,phase5_主实验与 ablation/phase5_main_matrix/gate_position_results.csv,main_text,hotpotqa,bge_dense,P_ret,42,FPR_clean,0.05146667,,,,,,seed-level value; all seeds retained
p_ret_p_gen_gate_position,phase5_主实验与 ablation/phase5_main_matrix/gate_position_results.csv,main_text,hotpotqa,bge_dense,P_ret,2026,FPR_clean,0.05146667,,,,,,seed-level value; all seeds retained
p_ret_p_gen_gate_position,phase5_主实验与 ablation/phase5_main_matrix/gate_position_results.csv,main_text,hotpotqa,bge_dense,P_ret,mean±std,FPR_clean,,0.05146667,0.00000000,3,,,sample std across seeds; no seed filtering
p_ret_p_gen_gate_position,phase5_主实验与 ablation/phase5_main_matrix/gate_position_results.csv,main_text,hotpotqa,bge_dense,P_ret,13,Utility Drop,0.06026399,,,,,,seed-level value; all seeds retained
p_ret_p_gen_gate_position,phase5_主实验与 ablation/phase5_main_matrix/gate_position_results.csv,main_text,hotpotqa,bge_dense,P_ret,42,Utility Drop,0.06026399,,,,,,seed-level value; all seeds retained
p_ret_p_gen_gate_position,phase5_主实验与 ablation/phase5_main_matrix/gate_position_results.csv,main_text,hotpotqa,bge_dense,P_ret,2026,Utility Drop,0.06026399,,,,,,seed-level value; all seeds retained
p_ret_p_gen_gate_position,phase5_主实验与 ablation/phase5_main_matrix/gate_position_results.csv,main_text,hotpotqa,bge_dense,P_ret,mean±std,Utility Drop,,0.06026399,0.00000000,3,,,sample std across seeds; no seed filtering
p_ret_p_gen_gate_position,phase5_主实验与 ablation/phase5_main_matrix/gate_position_results.csv,main_text,hotpotqa,bge_dense,P_ret,13,Clean_F1_no_gate,0.13987974,,,,,,seed-level value; all seeds retained
p_ret_p_gen_gate_position,phase5_主实验与 ablation/phase5_main_matrix/gate_position_results.csv,main_text,hotpotqa,bge_dense,P_ret,42,Clean_F1_no_gate,0.13987974,,,,,,seed-level value; all seeds retained
p_ret_p_gen_gate_position,phase5_主实验与 ablation/phase5_main_matrix/gate_position_results.csv,main_text,hotpotqa,bge_dense,P_ret,2026,Clean_F1_no_gate,0.13987974,,,,,,seed-level value; all seeds retained
p_ret_p_gen_gate_position,phase5_主实验与 ablation/phase5_main_matrix/gate_position_results.csv,main_text,hotpotqa,bge_dense,P_ret,mean±std,Clean_F1_no_gate,,0.13987974,0.00000000,3,,,sample std across seeds; no seed filtering
p_ret_p_gen_gate_position,phase5_主实验与 ablation/phase5_main_matrix/gate_position_results.csv,main_text,hotpotqa,bge_dense,P_ret,13,Clean_F1_gate,0.07961575,,,,,,seed-level value; all seeds retained
p_ret_p_gen_gate_position,phase5_主实验与 ablation/phase5_main_matrix/gate_position_results.csv,main_text,hotpotqa,bge_dense,P_ret,42,Clean_F1_gate,0.07961575,,,,,,seed-level value; all seeds retained
p_ret_p_gen_gate_position,phase5_主实验与 ablation/phase5_main_matrix/gate_position_results.csv,main_text,hotpotqa,bge_dense,P_ret,2026,Clean_F1_gate,0.07961575,,,,,,seed-level value; all seeds retained
p_ret_p_gen_gate_position,phase5_主实验与 ablation/phase5_main_matrix/gate_position_results.csv,main_text,hotpotqa,bge_dense,P_ret,mean±std,Clean_F1_gate,,0.07961575,0.00000000,3,,,sample std across seeds; no seed filtering
p_ret_p_gen_gate_position,phase5_主实验与 ablation/phase5_main_matrix/gate_position_results.csv,main_text,hotpotqa,bge_dense,P_ret,13,PoisonPresence@5,0.03333333,,,,,,seed-level value; all seeds retained
p_ret_p_gen_gate_position,phase5_主实验与 ablation/phase5_main_matrix/gate_position_results.csv,main_text,hotpotqa,bge_dense,P_ret,42,PoisonPresence@5,0.04000000,,,,,,seed-level value; all seeds retained
p_ret_p_gen_gate_position,phase5_主实验与 ablation/phase5_main_matrix/gate_position_results.csv,main_text,hotpotqa,bge_dense,P_ret,2026,PoisonPresence@5,0.05333333,,,,,,seed-level value; all seeds retained
p_ret_p_gen_gate_position,phase5_主实验与 ablation/phase5_main_matrix/gate_position_results.csv,main_text,hotpotqa,bge_dense,P_ret,mean±std,PoisonPresence@5,,0.04222222,0.01018350,3,,,sample std across seeds; no seed filtering
p_ret_p_gen_gate_position,phase5_主实验与 ablation/phase5_main_matrix/gate_position_results.csv,main_text,hotpotqa,bm25,P_gen,13,ASR_no_gate,0.46666667,,,,,,seed-level value; all seeds retained
p_ret_p_gen_gate_position,phase5_主实验与 ablation/phase5_main_matrix/gate_position_results.csv,main_text,hotpotqa,bm25,P_gen,42,ASR_no_gate,0.46333333,,,,,,seed-level value; all seeds retained
p_ret_p_gen_gate_position,phase5_主实验与 ablation/phase5_main_matrix/gate_position_results.csv,main_text,hotpotqa,bm25,P_gen,2026,ASR_no_gate,0.48000000,,,,,,seed-level value; all seeds retained
p_ret_p_gen_gate_position,phase5_主实验与 ablation/phase5_main_matrix/gate_position_results.csv,main_text,hotpotqa,bm25,P_gen,mean±std,ASR_no_gate,,0.47000000,0.00881917,3,,,sample std across seeds; no seed filtering
p_ret_p_gen_gate_position,phase5_主实验与 ablation/phase5_main_matrix/gate_position_results.csv,main_text,hotpotqa,bm25,P_gen,13,ASR_gate,0.00666667,,,,,,seed-level value; all seeds retained
p_ret_p_gen_gate_position,phase5_主实验与 ablation/phase5_main_matrix/gate_position_results.csv,main_text,hotpotqa,bm25,P_gen,42,ASR_gate,0.00333333,,,,,,seed-level value; all seeds retained
p_ret_p_gen_gate_position,phase5_主实验与 ablation/phase5_main_matrix/gate_position_results.csv,main_text,hotpotqa,bm25,P_gen,2026,ASR_gate,0.00000000,,,,,,seed-level value; all seeds retained
p_ret_p_gen_gate_position,phase5_主实验与 ablation/phase5_main_matrix/gate_position_results.csv,main_text,hotpotqa,bm25,P_gen,mean±std,ASR_gate,,0.00333333,0.00333333,3,,,sample std across seeds; no seed filtering
p_ret_p_gen_gate_position,phase5_主实验与 ablation/phase5_main_matrix/gate_position_results.csv,main_text,hotpotqa,bm25,P_gen,13,ASR-Drop,0.46000000,,,,,,seed-level value; all seeds retained
p_ret_p_gen_gate_position,phase5_主实验与 ablation/phase5_main_matrix/gate_position_results.csv,main_text,hotpotqa,bm25,P_gen,42,ASR-Drop,0.46000000,,,,,,seed-level value; all seeds retained
p_ret_p_gen_gate_position,phase5_主实验与 ablation/phase5_main_matrix/gate_position_results.csv,main_text,hotpotqa,bm25,P_gen,2026,ASR-Drop,0.48000000,,,,,,seed-level value; all seeds retained
p_ret_p_gen_gate_position,phase5_主实验与 ablation/phase5_main_matrix/gate_position_results.csv,main_text,hotpotqa,bm25,P_gen,mean±std,ASR-Drop,,0.46666667,0.01154701,3,,,sample std across seeds; no seed filtering
p_ret_p_gen_gate_position,phase5_主实验与 ablation/phase5_main_matrix/gate_position_results.csv,main_text,hotpotqa,bm25,P_gen,13,TPR,0.97131682,,,,,,seed-level value; all seeds retained
p_ret_p_gen_gate_position,phase5_主实验与 ablation/phase5_main_matrix/gate_position_results.csv,main_text,hotpotqa,bm25,P_gen,42,TPR,0.97087379,,,,,,seed-level value; all seeds retained
p_ret_p_gen_gate_position,phase5_主实验与 ablation/phase5_main_matrix/gate_position_results.csv,main_text,hotpotqa,bm25,P_gen,2026,TPR,0.96389426,,,,,,seed-level value; all seeds retained
p_ret_p_gen_gate_position,phase5_主实验与 ablation/phase5_main_matrix/gate_position_results.csv,main_text,hotpotqa,bm25,P_gen,mean±std,TPR,,0.96869496,0.00416342,3,,,sample std across seeds; no seed filtering
p_ret_p_gen_gate_position,phase5_主实验与 ablation/phase5_main_matrix/gate_position_results.csv,main_text,hotpotqa,bm25,P_gen,13,FPR_clean,0.19700214,,,,,,seed-level value; all seeds retained
p_ret_p_gen_gate_position,phase5_主实验与 ablation/phase5_main_matrix/gate_position_results.csv,main_text,hotpotqa,bm25,P_gen,42,FPR_clean,0.19700214,,,,,,seed-level value; all seeds retained
p_ret_p_gen_gate_position,phase5_主实验与 ablation/phase5_main_matrix/gate_position_results.csv,main_text,hotpotqa,bm25,P_gen,2026,FPR_clean,0.19700214,,,,,,seed-level value; all seeds retained
p_ret_p_gen_gate_position,phase5_主实验与 ablation/phase5_main_matrix/gate_position_results.csv,main_text,hotpotqa,bm25,P_gen,mean±std,FPR_clean,,0.19700214,0.00000000,3,,,sample std across seeds; no seed filtering
p_ret_p_gen_gate_position,phase5_主实验与 ablation/phase5_main_matrix/gate_position_results.csv,main_text,hotpotqa,bm25,P_gen,13,Utility Drop,0.05155533,,,,,,seed-level value; all seeds retained
p_ret_p_gen_gate_position,phase5_主实验与 ablation/phase5_main_matrix/gate_position_results.csv,main_text,hotpotqa,bm25,P_gen,42,Utility Drop,0.05155533,,,,,,seed-level value; all seeds retained
p_ret_p_gen_gate_position,phase5_主实验与 ablation/phase5_main_matrix/gate_position_results.csv,main_text,hotpotqa,bm25,P_gen,2026,Utility Drop,0.05155533,,,,,,seed-level value; all seeds retained
p_ret_p_gen_gate_position,phase5_主实验与 ablation/phase5_main_matrix/gate_position_results.csv,main_text,hotpotqa,bm25,P_gen,mean±std,Utility Drop,,0.05155533,0.00000000,3,,,sample std across seeds; no seed filtering
p_ret_p_gen_gate_position,phase5_主实验与 ablation/phase5_main_matrix/gate_position_results.csv,main_text,hotpotqa,bm25,P_gen,13,Clean_F1_no_gate,0.14602016,,,,,,seed-level value; all seeds retained
p_ret_p_gen_gate_position,phase5_主实验与 ablation/phase5_main_matrix/gate_position_results.csv,main_text,hotpotqa,bm25,P_gen,42,Clean_F1_no_gate,0.14602016,,,,,,seed-level value; all seeds retained
p_ret_p_gen_gate_position,phase5_主实验与 ablation/phase5_main_matrix/gate_position_results.csv,main_text,hotpotqa,bm25,P_gen,2026,Clean_F1_no_gate,0.14602016,,,,,,seed-level value; all seeds retained
p_ret_p_gen_gate_position,phase5_主实验与 ablation/phase5_main_matrix/gate_position_results.csv,main_text,hotpotqa,bm25,P_gen,mean±std,Clean_F1_no_gate,,0.14602016,0.00000000,3,,,sample std across seeds; no seed filtering
p_ret_p_gen_gate_position,phase5_主实验与 ablation/phase5_main_matrix/gate_position_results.csv,main_text,hotpotqa,bm25,P_gen,13,Clean_F1_gate,0.09446483,,,,,,seed-level value; all seeds retained
p_ret_p_gen_gate_position,phase5_主实验与 ablation/phase5_main_matrix/gate_position_results.csv,main_text,hotpotqa,bm25,P_gen,42,Clean_F1_gate,0.09446483,,,,,,seed-level value; all seeds retained
p_ret_p_gen_gate_position,phase5_主实验与 ablation/phase5_main_matrix/gate_position_results.csv,main_text,hotpotqa,bm25,P_gen,2026,Clean_F1_gate,0.09446483,,,,,,seed-level value; all seeds retained
p_ret_p_gen_gate_position,phase5_主实验与 ablation/phase5_main_matrix/gate_position_results.csv,main_text,hotpotqa,bm25,P_gen,mean±std,Clean_F1_gate,,0.09446483,0.00000000,3,,,sample std across seeds; no seed filtering
p_ret_p_gen_gate_position,phase5_主实验与 ablation/phase5_main_matrix/gate_position_results.csv,main_text,hotpotqa,bm25,P_gen,13,PoisonPresence@5,0.04666667,,,,,,seed-level value; all seeds retained
p_ret_p_gen_gate_position,phase5_主实验与 ablation/phase5_main_matrix/gate_position_results.csv,main_text,hotpotqa,bm25,P_gen,42,PoisonPresence@5,0.04333333,,,,,,seed-level value; all seeds retained
p_ret_p_gen_gate_position,phase5_主实验与 ablation/phase5_main_matrix/gate_position_results.csv,main_text,hotpotqa,bm25,P_gen,2026,PoisonPresence@5,0.05666667,,,,,,seed-level value; all seeds retained
p_ret_p_gen_gate_position,phase5_主实验与 ablation/phase5_main_matrix/gate_position_results.csv,main_text,hotpotqa,bm25,P_gen,mean±std,PoisonPresence@5,,0.04888889,0.00693889,3,,,sample std across seeds; no seed filtering
p_ret_p_gen_gate_position,phase5_主实验与 ablation/phase5_main_matrix/gate_position_results.csv,main_text,hotpotqa,bm25,P_ret,13,ASR_no_gate,0.46666667,,,,,,seed-level value; all seeds retained
p_ret_p_gen_gate_position,phase5_主实验与 ablation/phase5_main_matrix/gate_position_results.csv,main_text,hotpotqa,bm25,P_ret,42,ASR_no_gate,0.46333333,,,,,,seed-level value; all seeds retained
p_ret_p_gen_gate_position,phase5_主实验与 ablation/phase5_main_matrix/gate_position_results.csv,main_text,hotpotqa,bm25,P_ret,2026,ASR_no_gate,0.48000000,,,,,,seed-level value; all seeds retained
p_ret_p_gen_gate_position,phase5_主实验与 ablation/phase5_main_matrix/gate_position_results.csv,main_text,hotpotqa,bm25,P_ret,mean±std,ASR_no_gate,,0.47000000,0.00881917,3,,,sample std across seeds; no seed filtering
p_ret_p_gen_gate_position,phase5_主实验与 ablation/phase5_main_matrix/gate_position_results.csv,main_text,hotpotqa,bm25,P_ret,13,ASR_gate,0.00666667,,,,,,seed-level value; all seeds retained
p_ret_p_gen_gate_position,phase5_主实验与 ablation/phase5_main_matrix/gate_position_results.csv,main_text,hotpotqa,bm25,P_ret,42,ASR_gate,0.00333333,,,,,,seed-level value; all seeds retained
p_ret_p_gen_gate_position,phase5_主实验与 ablation/phase5_main_matrix/gate_position_results.csv,main_text,hotpotqa,bm25,P_ret,2026,ASR_gate,0.00000000,,,,,,seed-level value; all seeds retained
p_ret_p_gen_gate_position,phase5_主实验与 ablation/phase5_main_matrix/gate_position_results.csv,main_text,hotpotqa,bm25,P_ret,mean±std,ASR_gate,,0.00333333,0.00333333,3,,,sample std across seeds; no seed filtering
p_ret_p_gen_gate_position,phase5_主实验与 ablation/phase5_main_matrix/gate_position_results.csv,main_text,hotpotqa,bm25,P_ret,13,ASR-Drop,0.46000000,,,,,,seed-level value; all seeds retained
p_ret_p_gen_gate_position,phase5_主实验与 ablation/phase5_main_matrix/gate_position_results.csv,main_text,hotpotqa,bm25,P_ret,42,ASR-Drop,0.46000000,,,,,,seed-level value; all seeds retained
p_ret_p_gen_gate_position,phase5_主实验与 ablation/phase5_main_matrix/gate_position_results.csv,main_text,hotpotqa,bm25,P_ret,2026,ASR-Drop,0.48000000,,,,,,seed-level value; all seeds retained
p_ret_p_gen_gate_position,phase5_主实验与 ablation/phase5_main_matrix/gate_position_results.csv,main_text,hotpotqa,bm25,P_ret,mean±std,ASR-Drop,,0.46666667,0.01154701,3,,,sample std across seeds; no seed filtering
p_ret_p_gen_gate_position,phase5_主实验与 ablation/phase5_main_matrix/gate_position_results.csv,main_text,hotpotqa,bm25,P_ret,13,TPR,0.70488722,,,,,,seed-level value; all seeds retained
p_ret_p_gen_gate_position,phase5_主实验与 ablation/phase5_main_matrix/gate_position_results.csv,main_text,hotpotqa,bm25,P_ret,42,TPR,0.70257611,,,,,,seed-level value; all seeds retained
p_ret_p_gen_gate_position,phase5_主实验与 ablation/phase5_main_matrix/gate_position_results.csv,main_text,hotpotqa,bm25,P_ret,2026,TPR,0.68430657,,,,,,seed-level value; all seeds retained
p_ret_p_gen_gate_position,phase5_主实验与 ablation/phase5_main_matrix/gate_position_results.csv,main_text,hotpotqa,bm25,P_ret,mean±std,TPR,,0.69725663,0.01127446,3,,,sample std across seeds; no seed filtering
p_ret_p_gen_gate_position,phase5_主实验与 ablation/phase5_main_matrix/gate_position_results.csv,main_text,hotpotqa,bm25,P_ret,13,FPR_clean,0.04780000,,,,,,seed-level value; all seeds retained
p_ret_p_gen_gate_position,phase5_主实验与 ablation/phase5_main_matrix/gate_position_results.csv,main_text,hotpotqa,bm25,P_ret,42,FPR_clean,0.04780000,,,,,,seed-level value; all seeds retained
p_ret_p_gen_gate_position,phase5_主实验与 ablation/phase5_main_matrix/gate_position_results.csv,main_text,hotpotqa,bm25,P_ret,2026,FPR_clean,0.04780000,,,,,,seed-level value; all seeds retained
p_ret_p_gen_gate_position,phase5_主实验与 ablation/phase5_main_matrix/gate_position_results.csv,main_text,hotpotqa,bm25,P_ret,mean±std,FPR_clean,,0.04780000,0.00000000,3,,,sample std across seeds; no seed filtering
p_ret_p_gen_gate_position,phase5_主实验与 ablation/phase5_main_matrix/gate_position_results.csv,main_text,hotpotqa,bm25,P_ret,13,Utility Drop,0.05155533,,,,,,seed-level value; all seeds retained
p_ret_p_gen_gate_position,phase5_主实验与 ablation/phase5_main_matrix/gate_position_results.csv,main_text,hotpotqa,bm25,P_ret,42,Utility Drop,0.05155533,,,,,,seed-level value; all seeds retained
p_ret_p_gen_gate_position,phase5_主实验与 ablation/phase5_main_matrix/gate_position_results.csv,main_text,hotpotqa,bm25,P_ret,2026,Utility Drop,0.05155533,,,,,,seed-level value; all seeds retained
p_ret_p_gen_gate_position,phase5_主实验与 ablation/phase5_main_matrix/gate_position_results.csv,main_text,hotpotqa,bm25,P_ret,mean±std,Utility Drop,,0.05155533,0.00000000,3,,,sample std across seeds; no seed filtering
p_ret_p_gen_gate_position,phase5_主实验与 ablation/phase5_main_matrix/gate_position_results.csv,main_text,hotpotqa,bm25,P_ret,13,Clean_F1_no_gate,0.14602016,,,,,,seed-level value; all seeds retained
p_ret_p_gen_gate_position,phase5_主实验与 ablation/phase5_main_matrix/gate_position_results.csv,main_text,hotpotqa,bm25,P_ret,42,Clean_F1_no_gate,0.14602016,,,,,,seed-level value; all seeds retained
p_ret_p_gen_gate_position,phase5_主实验与 ablation/phase5_main_matrix/gate_position_results.csv,main_text,hotpotqa,bm25,P_ret,2026,Clean_F1_no_gate,0.14602016,,,,,,seed-level value; all seeds retained
p_ret_p_gen_gate_position,phase5_主实验与 ablation/phase5_main_matrix/gate_position_results.csv,main_text,hotpotqa,bm25,P_ret,mean±std,Clean_F1_no_gate,,0.14602016,0.00000000,3,,,sample std across seeds; no seed filtering
p_ret_p_gen_gate_position,phase5_主实验与 ablation/phase5_main_matrix/gate_position_results.csv,main_text,hotpotqa,bm25,P_ret,13,Clean_F1_gate,0.09446483,,,,,,seed-level value; all seeds retained
p_ret_p_gen_gate_position,phase5_主实验与 ablation/phase5_main_matrix/gate_position_results.csv,main_text,hotpotqa,bm25,P_ret,42,Clean_F1_gate,0.09446483,,,,,,seed-level value; all seeds retained
p_ret_p_gen_gate_position,phase5_主实验与 ablation/phase5_main_matrix/gate_position_results.csv,main_text,hotpotqa,bm25,P_ret,2026,Clean_F1_gate,0.09446483,,,,,,seed-level value; all seeds retained
p_ret_p_gen_gate_position,phase5_主实验与 ablation/phase5_main_matrix/gate_position_results.csv,main_text,hotpotqa,bm25,P_ret,mean±std,Clean_F1_gate,,0.09446483,0.00000000,3,,,sample std across seeds; no seed filtering
p_ret_p_gen_gate_position,phase5_主实验与 ablation/phase5_main_matrix/gate_position_results.csv,main_text,hotpotqa,bm25,P_ret,13,PoisonPresence@5,0.04666667,,,,,,seed-level value; all seeds retained
p_ret_p_gen_gate_position,phase5_主实验与 ablation/phase5_main_matrix/gate_position_results.csv,main_text,hotpotqa,bm25,P_ret,42,PoisonPresence@5,0.04333333,,,,,,seed-level value; all seeds retained
p_ret_p_gen_gate_position,phase5_主实验与 ablation/phase5_main_matrix/gate_position_results.csv,main_text,hotpotqa,bm25,P_ret,2026,PoisonPresence@5,0.05666667,,,,,,seed-level value; all seeds retained
p_ret_p_gen_gate_position,phase5_主实验与 ablation/phase5_main_matrix/gate_position_results.csv,main_text,hotpotqa,bm25,P_ret,mean±std,PoisonPresence@5,,0.04888889,0.00693889,3,,,sample std across seeds; no seed filtering
p_ret_p_gen_gate_position,phase5_主实验与 ablation/phase5_main_matrix/gate_position_results.csv,main_text,nq,bge_dense,P_gen,13,ASR_no_gate,0.26666667,,,,,,seed-level value; all seeds retained
p_ret_p_gen_gate_position,phase5_主实验与 ablation/phase5_main_matrix/gate_position_results.csv,main_text,nq,bge_dense,P_gen,42,ASR_no_gate,0.31666667,,,,,,seed-level value; all seeds retained
p_ret_p_gen_gate_position,phase5_主实验与 ablation/phase5_main_matrix/gate_position_results.csv,main_text,nq,bge_dense,P_gen,2026,ASR_no_gate,0.30333333,,,,,,seed-level value; all seeds retained
p_ret_p_gen_gate_position,phase5_主实验与 ablation/phase5_main_matrix/gate_position_results.csv,main_text,nq,bge_dense,P_gen,mean±std,ASR_no_gate,,0.29555556,0.02589151,3,,,sample std across seeds; no seed filtering
p_ret_p_gen_gate_position,phase5_主实验与 ablation/phase5_main_matrix/gate_position_results.csv,main_text,nq,bge_dense,P_gen,13,ASR_gate,0.24666667,,,,,,seed-level value; all seeds retained
p_ret_p_gen_gate_position,phase5_主实验与 ablation/phase5_main_matrix/gate_position_results.csv,main_text,nq,bge_dense,P_gen,42,ASR_gate,0.28000000,,,,,,seed-level value; all seeds retained
p_ret_p_gen_gate_position,phase5_主实验与 ablation/phase5_main_matrix/gate_position_results.csv,main_text,nq,bge_dense,P_gen,2026,ASR_gate,0.26000000,,,,,,seed-level value; all seeds retained
p_ret_p_gen_gate_position,phase5_主实验与 ablation/phase5_main_matrix/gate_position_results.csv,main_text,nq,bge_dense,P_gen,mean±std,ASR_gate,,0.26222222,0.01677741,3,,,sample std across seeds; no seed filtering
p_ret_p_gen_gate_position,phase5_主实验与 ablation/phase5_main_matrix/gate_position_results.csv,main_text,nq,bge_dense,P_gen,13,ASR-Drop,0.02000000,,,,,,seed-level value; all seeds retained
p_ret_p_gen_gate_position,phase5_主实验与 ablation/phase5_main_matrix/gate_position_results.csv,main_text,nq,bge_dense,P_gen,42,ASR-Drop,0.03666667,,,,,,seed-level value; all seeds retained
p_ret_p_gen_gate_position,phase5_主实验与 ablation/phase5_main_matrix/gate_position_results.csv,main_text,nq,bge_dense,P_gen,2026,ASR-Drop,0.04333333,,,,,,seed-level value; all seeds retained
p_ret_p_gen_gate_position,phase5_主实验与 ablation/phase5_main_matrix/gate_position_results.csv,main_text,nq,bge_dense,P_gen,mean±std,ASR-Drop,,0.03333333,0.01201850,3,,,sample std across seeds; no seed filtering
p_ret_p_gen_gate_position,phase5_主实验与 ablation/phase5_main_matrix/gate_position_results.csv,main_text,nq,bge_dense,P_gen,13,TPR,0.19920319,,,,,,seed-level value; all seeds retained
p_ret_p_gen_gate_position,phase5_主实验与 ablation/phase5_main_matrix/gate_position_results.csv,main_text,nq,bge_dense,P_gen,42,TPR,0.21043771,,,,,,seed-level value; all seeds retained
p_ret_p_gen_gate_position,phase5_主实验与 ablation/phase5_main_matrix/gate_position_results.csv,main_text,nq,bge_dense,P_gen,2026,TPR,0.19886364,,,,,,seed-level value; all seeds retained
p_ret_p_gen_gate_position,phase5_主实验与 ablation/phase5_main_matrix/gate_position_results.csv,main_text,nq,bge_dense,P_gen,mean±std,TPR,,0.20283484,0.00658646,3,,,sample std across seeds; no seed filtering
p_ret_p_gen_gate_position,phase5_主实验与 ablation/phase5_main_matrix/gate_position_results.csv,main_text,nq,bge_dense,P_gen,13,FPR_clean,0.09200969,,,,,,seed-level value; all seeds retained
p_ret_p_gen_gate_position,phase5_主实验与 ablation/phase5_main_matrix/gate_position_results.csv,main_text,nq,bge_dense,P_gen,42,FPR_clean,0.09200969,,,,,,seed-level value; all seeds retained
p_ret_p_gen_gate_position,phase5_主实验与 ablation/phase5_main_matrix/gate_position_results.csv,main_text,nq,bge_dense,P_gen,2026,FPR_clean,0.09200969,,,,,,seed-level value; all seeds retained
p_ret_p_gen_gate_position,phase5_主实验与 ablation/phase5_main_matrix/gate_position_results.csv,main_text,nq,bge_dense,P_gen,mean±std,FPR_clean,,0.09200969,0.00000000,3,,,sample std across seeds; no seed filtering
p_ret_p_gen_gate_position,phase5_主实验与 ablation/phase5_main_matrix/gate_position_results.csv,main_text,nq,bge_dense,P_gen,13,Utility Drop,0.01294527,,,,,,seed-level value; all seeds retained
p_ret_p_gen_gate_position,phase5_主实验与 ablation/phase5_main_matrix/gate_position_results.csv,main_text,nq,bge_dense,P_gen,42,Utility Drop,0.01294527,,,,,,seed-level value; all seeds retained
p_ret_p_gen_gate_position,phase5_主实验与 ablation/phase5_main_matrix/gate_position_results.csv,main_text,nq,bge_dense,P_gen,2026,Utility Drop,0.01294527,,,,,,seed-level value; all seeds retained
p_ret_p_gen_gate_position,phase5_主实验与 ablation/phase5_main_matrix/gate_position_results.csv,main_text,nq,bge_dense,P_gen,mean±std,Utility Drop,,0.01294527,0.00000000,3,,,sample std across seeds; no seed filtering
p_ret_p_gen_gate_position,phase5_主实验与 ablation/phase5_main_matrix/gate_position_results.csv,main_text,nq,bge_dense,P_gen,13,Clean_F1_no_gate,0.14495647,,,,,,seed-level value; all seeds retained
p_ret_p_gen_gate_position,phase5_主实验与 ablation/phase5_main_matrix/gate_position_results.csv,main_text,nq,bge_dense,P_gen,42,Clean_F1_no_gate,0.14495647,,,,,,seed-level value; all seeds retained
p_ret_p_gen_gate_position,phase5_主实验与 ablation/phase5_main_matrix/gate_position_results.csv,main_text,nq,bge_dense,P_gen,2026,Clean_F1_no_gate,0.14495647,,,,,,seed-level value; all seeds retained
p_ret_p_gen_gate_position,phase5_主实验与 ablation/phase5_main_matrix/gate_position_results.csv,main_text,nq,bge_dense,P_gen,mean±std,Clean_F1_no_gate,,0.14495647,0.00000000,3,,,sample std across seeds; no seed filtering
p_ret_p_gen_gate_position,phase5_主实验与 ablation/phase5_main_matrix/gate_position_results.csv,main_text,nq,bge_dense,P_gen,13,Clean_F1_gate,0.13201120,,,,,,seed-level value; all seeds retained
p_ret_p_gen_gate_position,phase5_主实验与 ablation/phase5_main_matrix/gate_position_results.csv,main_text,nq,bge_dense,P_gen,42,Clean_F1_gate,0.13201120,,,,,,seed-level value; all seeds retained
p_ret_p_gen_gate_position,phase5_主实验与 ablation/phase5_main_matrix/gate_position_results.csv,main_text,nq,bge_dense,P_gen,2026,Clean_F1_gate,0.13201120,,,,,,seed-level value; all seeds retained
p_ret_p_gen_gate_position,phase5_主实验与 ablation/phase5_main_matrix/gate_position_results.csv,main_text,nq,bge_dense,P_gen,mean±std,Clean_F1_gate,,0.13201120,0.00000000,3,,,sample std across seeds; no seed filtering
p_ret_p_gen_gate_position,phase5_主实验与 ablation/phase5_main_matrix/gate_position_results.csv,main_text,nq,bge_dense,P_gen,13,PoisonPresence@5,0.34666667,,,,,,seed-level value; all seeds retained
p_ret_p_gen_gate_position,phase5_主实验与 ablation/phase5_main_matrix/gate_position_results.csv,main_text,nq,bge_dense,P_gen,42,PoisonPresence@5,0.40000000,,,,,,seed-level value; all seeds retained
p_ret_p_gen_gate_position,phase5_主实验与 ablation/phase5_main_matrix/gate_position_results.csv,main_text,nq,bge_dense,P_gen,2026,PoisonPresence@5,0.37000000,,,,,,seed-level value; all seeds retained
p_ret_p_gen_gate_position,phase5_主实验与 ablation/phase5_main_matrix/gate_position_results.csv,main_text,nq,bge_dense,P_gen,mean±std,PoisonPresence@5,,0.37222222,0.02673602,3,,,sample std across seeds; no seed filtering
p_ret_p_gen_gate_position,phase5_主实验与 ablation/phase5_main_matrix/gate_position_results.csv,main_text,nq,bge_dense,P_ret,13,ASR_no_gate,0.26666667,,,,,,seed-level value; all seeds retained
p_ret_p_gen_gate_position,phase5_主实验与 ablation/phase5_main_matrix/gate_position_results.csv,main_text,nq,bge_dense,P_ret,42,ASR_no_gate,0.31666667,,,,,,seed-level value; all seeds retained
p_ret_p_gen_gate_position,phase5_主实验与 ablation/phase5_main_matrix/gate_position_results.csv,main_text,nq,bge_dense,P_ret,2026,ASR_no_gate,0.30333333,,,,,,seed-level value; all seeds retained
p_ret_p_gen_gate_position,phase5_主实验与 ablation/phase5_main_matrix/gate_position_results.csv,main_text,nq,bge_dense,P_ret,mean±std,ASR_no_gate,,0.29555556,0.02589151,3,,,sample std across seeds; no seed filtering
p_ret_p_gen_gate_position,phase5_主实验与 ablation/phase5_main_matrix/gate_position_results.csv,main_text,nq,bge_dense,P_ret,13,ASR_gate,0.24666667,,,,,,seed-level value; all seeds retained
p_ret_p_gen_gate_position,phase5_主实验与 ablation/phase5_main_matrix/gate_position_results.csv,main_text,nq,bge_dense,P_ret,42,ASR_gate,0.28000000,,,,,,seed-level value; all seeds retained
p_ret_p_gen_gate_position,phase5_主实验与 ablation/phase5_main_matrix/gate_position_results.csv,main_text,nq,bge_dense,P_ret,2026,ASR_gate,0.26000000,,,,,,seed-level value; all seeds retained
p_ret_p_gen_gate_position,phase5_主实验与 ablation/phase5_main_matrix/gate_position_results.csv,main_text,nq,bge_dense,P_ret,mean±std,ASR_gate,,0.26222222,0.01677741,3,,,sample std across seeds; no seed filtering
p_ret_p_gen_gate_position,phase5_主实验与 ablation/phase5_main_matrix/gate_position_results.csv,main_text,nq,bge_dense,P_ret,13,ASR-Drop,0.02000000,,,,,,seed-level value; all seeds retained
p_ret_p_gen_gate_position,phase5_主实验与 ablation/phase5_main_matrix/gate_position_results.csv,main_text,nq,bge_dense,P_ret,42,ASR-Drop,0.03666667,,,,,,seed-level value; all seeds retained
p_ret_p_gen_gate_position,phase5_主实验与 ablation/phase5_main_matrix/gate_position_results.csv,main_text,nq,bge_dense,P_ret,2026,ASR-Drop,0.04333333,,,,,,seed-level value; all seeds retained
p_ret_p_gen_gate_position,phase5_主实验与 ablation/phase5_main_matrix/gate_position_results.csv,main_text,nq,bge_dense,P_ret,mean±std,ASR-Drop,,0.03333333,0.01201850,3,,,sample std across seeds; no seed filtering
p_ret_p_gen_gate_position,phase5_主实验与 ablation/phase5_main_matrix/gate_position_results.csv,main_text,nq,bge_dense,P_ret,13,TPR,0.12837838,,,,,,seed-level value; all seeds retained
p_ret_p_gen_gate_position,phase5_主实验与 ablation/phase5_main_matrix/gate_position_results.csv,main_text,nq,bge_dense,P_ret,42,TPR,0.12178620,,,,,,seed-level value; all seeds retained
p_ret_p_gen_gate_position,phase5_主实验与 ablation/phase5_main_matrix/gate_position_results.csv,main_text,nq,bge_dense,P_ret,2026,TPR,0.10702341,,,,,,seed-level value; all seeds retained
p_ret_p_gen_gate_position,phase5_主实验与 ablation/phase5_main_matrix/gate_position_results.csv,main_text,nq,bge_dense,P_ret,mean±std,TPR,,0.11906266,0.01093489,3,,,sample std across seeds; no seed filtering
p_ret_p_gen_gate_position,phase5_主实验与 ablation/phase5_main_matrix/gate_position_results.csv,main_text,nq,bge_dense,P_ret,13,FPR_clean,0.05046667,,,,,,seed-level value; all seeds retained
p_ret_p_gen_gate_position,phase5_主实验与 ablation/phase5_main_matrix/gate_position_results.csv,main_text,nq,bge_dense,P_ret,42,FPR_clean,0.05046667,,,,,,seed-level value; all seeds retained
p_ret_p_gen_gate_position,phase5_主实验与 ablation/phase5_main_matrix/gate_position_results.csv,main_text,nq,bge_dense,P_ret,2026,FPR_clean,0.05046667,,,,,,seed-level value; all seeds retained
p_ret_p_gen_gate_position,phase5_主实验与 ablation/phase5_main_matrix/gate_position_results.csv,main_text,nq,bge_dense,P_ret,mean±std,FPR_clean,,0.05046667,0.00000000,3,,,sample std across seeds; no seed filtering
p_ret_p_gen_gate_position,phase5_主实验与 ablation/phase5_main_matrix/gate_position_results.csv,main_text,nq,bge_dense,P_ret,13,Utility Drop,0.01294527,,,,,,seed-level value; all seeds retained
p_ret_p_gen_gate_position,phase5_主实验与 ablation/phase5_main_matrix/gate_position_results.csv,main_text,nq,bge_dense,P_ret,42,Utility Drop,0.01294527,,,,,,seed-level value; all seeds retained
p_ret_p_gen_gate_position,phase5_主实验与 ablation/phase5_main_matrix/gate_position_results.csv,main_text,nq,bge_dense,P_ret,2026,Utility Drop,0.01294527,,,,,,seed-level value; all seeds retained
p_ret_p_gen_gate_position,phase5_主实验与 ablation/phase5_main_matrix/gate_position_results.csv,main_text,nq,bge_dense,P_ret,mean±std,Utility Drop,,0.01294527,0.00000000,3,,,sample std across seeds; no seed filtering
p_ret_p_gen_gate_position,phase5_主实验与 ablation/phase5_main_matrix/gate_position_results.csv,main_text,nq,bge_dense,P_ret,13,Clean_F1_no_gate,0.14495647,,,,,,seed-level value; all seeds retained
p_ret_p_gen_gate_position,phase5_主实验与 ablation/phase5_main_matrix/gate_position_results.csv,main_text,nq,bge_dense,P_ret,42,Clean_F1_no_gate,0.14495647,,,,,,seed-level value; all seeds retained
p_ret_p_gen_gate_position,phase5_主实验与 ablation/phase5_main_matrix/gate_position_results.csv,main_text,nq,bge_dense,P_ret,2026,Clean_F1_no_gate,0.14495647,,,,,,seed-level value; all seeds retained
p_ret_p_gen_gate_position,phase5_主实验与 ablation/phase5_main_matrix/gate_position_results.csv,main_text,nq,bge_dense,P_ret,mean±std,Clean_F1_no_gate,,0.14495647,0.00000000,3,,,sample std across seeds; no seed filtering
p_ret_p_gen_gate_position,phase5_主实验与 ablation/phase5_main_matrix/gate_position_results.csv,main_text,nq,bge_dense,P_ret,13,Clean_F1_gate,0.13201120,,,,,,seed-level value; all seeds retained
p_ret_p_gen_gate_position,phase5_主实验与 ablation/phase5_main_matrix/gate_position_results.csv,main_text,nq,bge_dense,P_ret,42,Clean_F1_gate,0.13201120,,,,,,seed-level value; all seeds retained
p_ret_p_gen_gate_position,phase5_主实验与 ablation/phase5_main_matrix/gate_position_results.csv,main_text,nq,bge_dense,P_ret,2026,Clean_F1_gate,0.13201120,,,,,,seed-level value; all seeds retained
p_ret_p_gen_gate_position,phase5_主实验与 ablation/phase5_main_matrix/gate_position_results.csv,main_text,nq,bge_dense,P_ret,mean±std,Clean_F1_gate,,0.13201120,0.00000000,3,,,sample std across seeds; no seed filtering
p_ret_p_gen_gate_position,phase5_主实验与 ablation/phase5_main_matrix/gate_position_results.csv,main_text,nq,bge_dense,P_ret,13,PoisonPresence@5,0.34666667,,,,,,seed-level value; all seeds retained
p_ret_p_gen_gate_position,phase5_主实验与 ablation/phase5_main_matrix/gate_position_results.csv,main_text,nq,bge_dense,P_ret,42,PoisonPresence@5,0.40000000,,,,,,seed-level value; all seeds retained
p_ret_p_gen_gate_position,phase5_主实验与 ablation/phase5_main_matrix/gate_position_results.csv,main_text,nq,bge_dense,P_ret,2026,PoisonPresence@5,0.37000000,,,,,,seed-level value; all seeds retained
p_ret_p_gen_gate_position,phase5_主实验与 ablation/phase5_main_matrix/gate_position_results.csv,main_text,nq,bge_dense,P_ret,mean±std,PoisonPresence@5,,0.37222222,0.02673602,3,,,sample std across seeds; no seed filtering
p_ret_p_gen_gate_position,phase5_主实验与 ablation/phase5_main_matrix/gate_position_results.csv,main_text,nq,bm25,P_gen,13,ASR_no_gate,0.38333333,,,,,,seed-level value; all seeds retained
p_ret_p_gen_gate_position,phase5_主实验与 ablation/phase5_main_matrix/gate_position_results.csv,main_text,nq,bm25,P_gen,42,ASR_no_gate,0.44000000,,,,,,seed-level value; all seeds retained
p_ret_p_gen_gate_position,phase5_主实验与 ablation/phase5_main_matrix/gate_position_results.csv,main_text,nq,bm25,P_gen,2026,ASR_no_gate,0.43333333,,,,,,seed-level value; all seeds retained
p_ret_p_gen_gate_position,phase5_主实验与 ablation/phase5_main_matrix/gate_position_results.csv,main_text,nq,bm25,P_gen,mean±std,ASR_no_gate,,0.41888889,0.03097191,3,,,sample std across seeds; no seed filtering
p_ret_p_gen_gate_position,phase5_主实验与 ablation/phase5_main_matrix/gate_position_results.csv,main_text,nq,bm25,P_gen,13,ASR_gate,0.34333333,,,,,,seed-level value; all seeds retained
p_ret_p_gen_gate_position,phase5_主实验与 ablation/phase5_main_matrix/gate_position_results.csv,main_text,nq,bm25,P_gen,42,ASR_gate,0.40666667,,,,,,seed-level value; all seeds retained
p_ret_p_gen_gate_position,phase5_主实验与 ablation/phase5_main_matrix/gate_position_results.csv,main_text,nq,bm25,P_gen,2026,ASR_gate,0.38333333,,,,,,seed-level value; all seeds retained
p_ret_p_gen_gate_position,phase5_主实验与 ablation/phase5_main_matrix/gate_position_results.csv,main_text,nq,bm25,P_gen,mean±std,ASR_gate,,0.37777778,0.03203008,3,,,sample std across seeds; no seed filtering
p_ret_p_gen_gate_position,phase5_主实验与 ablation/phase5_main_matrix/gate_position_results.csv,main_text,nq,bm25,P_gen,13,ASR-Drop,0.04000000,,,,,,seed-level value; all seeds retained
p_ret_p_gen_gate_position,phase5_主实验与 ablation/phase5_main_matrix/gate_position_results.csv,main_text,nq,bm25,P_gen,42,ASR-Drop,0.03333333,,,,,,seed-level value; all seeds retained
p_ret_p_gen_gate_position,phase5_主实验与 ablation/phase5_main_matrix/gate_position_results.csv,main_text,nq,bm25,P_gen,2026,ASR-Drop,0.05000000,,,,,,seed-level value; all seeds retained
p_ret_p_gen_gate_position,phase5_主实验与 ablation/phase5_main_matrix/gate_position_results.csv,main_text,nq,bm25,P_gen,mean±std,ASR-Drop,,0.04111111,0.00838870,3,,,sample std across seeds; no seed filtering
p_ret_p_gen_gate_position,phase5_主实验与 ablation/phase5_main_matrix/gate_position_results.csv,main_text,nq,bm25,P_gen,13,TPR,0.17301038,,,,,,seed-level value; all seeds retained
p_ret_p_gen_gate_position,phase5_主实验与 ablation/phase5_main_matrix/gate_position_results.csv,main_text,nq,bm25,P_gen,42,TPR,0.14054054,,,,,,seed-level value; all seeds retained
p_ret_p_gen_gate_position,phase5_主实验与 ablation/phase5_main_matrix/gate_position_results.csv,main_text,nq,bm25,P_gen,2026,TPR,0.16496018,,,,,,seed-level value; all seeds retained
p_ret_p_gen_gate_position,phase5_主实验与 ablation/phase5_main_matrix/gate_position_results.csv,main_text,nq,bm25,P_gen,mean±std,TPR,,0.15950370,0.01690865,3,,,sample std across seeds; no seed filtering
p_ret_p_gen_gate_position,phase5_主实验与 ablation/phase5_main_matrix/gate_position_results.csv,main_text,nq,bm25,P_gen,13,FPR_clean,0.08925319,,,,,,seed-level value; all seeds retained
p_ret_p_gen_gate_position,phase5_主实验与 ablation/phase5_main_matrix/gate_position_results.csv,main_text,nq,bm25,P_gen,42,FPR_clean,0.08925319,,,,,,seed-level value; all seeds retained
p_ret_p_gen_gate_position,phase5_主实验与 ablation/phase5_main_matrix/gate_position_results.csv,main_text,nq,bm25,P_gen,2026,FPR_clean,0.08925319,,,,,,seed-level value; all seeds retained
p_ret_p_gen_gate_position,phase5_主实验与 ablation/phase5_main_matrix/gate_position_results.csv,main_text,nq,bm25,P_gen,mean±std,FPR_clean,,0.08925319,0.00000000,3,,,sample std across seeds; no seed filtering
p_ret_p_gen_gate_position,phase5_主实验与 ablation/phase5_main_matrix/gate_position_results.csv,main_text,nq,bm25,P_gen,13,Utility Drop,0.01353866,,,,,,seed-level value; all seeds retained
p_ret_p_gen_gate_position,phase5_主实验与 ablation/phase5_main_matrix/gate_position_results.csv,main_text,nq,bm25,P_gen,42,Utility Drop,0.01353866,,,,,,seed-level value; all seeds retained
p_ret_p_gen_gate_position,phase5_主实验与 ablation/phase5_main_matrix/gate_position_results.csv,main_text,nq,bm25,P_gen,2026,Utility Drop,0.01353866,,,,,,seed-level value; all seeds retained
p_ret_p_gen_gate_position,phase5_主实验与 ablation/phase5_main_matrix/gate_position_results.csv,main_text,nq,bm25,P_gen,mean±std,Utility Drop,,0.01353866,0.00000000,3,,,sample std across seeds; no seed filtering
p_ret_p_gen_gate_position,phase5_主实验与 ablation/phase5_main_matrix/gate_position_results.csv,main_text,nq,bm25,P_gen,13,Clean_F1_no_gate,0.15141955,,,,,,seed-level value; all seeds retained
p_ret_p_gen_gate_position,phase5_主实验与 ablation/phase5_main_matrix/gate_position_results.csv,main_text,nq,bm25,P_gen,42,Clean_F1_no_gate,0.15141955,,,,,,seed-level value; all seeds retained
p_ret_p_gen_gate_position,phase5_主实验与 ablation/phase5_main_matrix/gate_position_results.csv,main_text,nq,bm25,P_gen,2026,Clean_F1_no_gate,0.15141955,,,,,,seed-level value; all seeds retained
p_ret_p_gen_gate_position,phase5_主实验与 ablation/phase5_main_matrix/gate_position_results.csv,main_text,nq,bm25,P_gen,mean±std,Clean_F1_no_gate,,0.15141955,0.00000000,3,,,sample std across seeds; no seed filtering
p_ret_p_gen_gate_position,phase5_主实验与 ablation/phase5_main_matrix/gate_position_results.csv,main_text,nq,bm25,P_gen,13,Clean_F1_gate,0.13788089,,,,,,seed-level value; all seeds retained
p_ret_p_gen_gate_position,phase5_主实验与 ablation/phase5_main_matrix/gate_position_results.csv,main_text,nq,bm25,P_gen,42,Clean_F1_gate,0.13788089,,,,,,seed-level value; all seeds retained
p_ret_p_gen_gate_position,phase5_主实验与 ablation/phase5_main_matrix/gate_position_results.csv,main_text,nq,bm25,P_gen,2026,Clean_F1_gate,0.13788089,,,,,,seed-level value; all seeds retained
p_ret_p_gen_gate_position,phase5_主实验与 ablation/phase5_main_matrix/gate_position_results.csv,main_text,nq,bm25,P_gen,mean±std,Clean_F1_gate,,0.13788089,0.00000000,3,,,sample std across seeds; no seed filtering
p_ret_p_gen_gate_position,phase5_主实验与 ablation/phase5_main_matrix/gate_position_results.csv,main_text,nq,bm25,P_gen,13,PoisonPresence@5,0.58333333,,,,,,seed-level value; all seeds retained
p_ret_p_gen_gate_position,phase5_主实验与 ablation/phase5_main_matrix/gate_position_results.csv,main_text,nq,bm25,P_gen,42,PoisonPresence@5,0.63000000,,,,,,seed-level value; all seeds retained
p_ret_p_gen_gate_position,phase5_主实验与 ablation/phase5_main_matrix/gate_position_results.csv,main_text,nq,bm25,P_gen,2026,PoisonPresence@5,0.59000000,,,,,,seed-level value; all seeds retained
p_ret_p_gen_gate_position,phase5_主实验与 ablation/phase5_main_matrix/gate_position_results.csv,main_text,nq,bm25,P_gen,mean±std,PoisonPresence@5,,0.60111111,0.02523959,3,,,sample std across seeds; no seed filtering
p_ret_p_gen_gate_position,phase5_主实验与 ablation/phase5_main_matrix/gate_position_results.csv,main_text,nq,bm25,P_ret,13,ASR_no_gate,0.38333333,,,,,,seed-level value; all seeds retained
p_ret_p_gen_gate_position,phase5_主实验与 ablation/phase5_main_matrix/gate_position_results.csv,main_text,nq,bm25,P_ret,42,ASR_no_gate,0.44000000,,,,,,seed-level value; all seeds retained
p_ret_p_gen_gate_position,phase5_主实验与 ablation/phase5_main_matrix/gate_position_results.csv,main_text,nq,bm25,P_ret,2026,ASR_no_gate,0.43333333,,,,,,seed-level value; all seeds retained
p_ret_p_gen_gate_position,phase5_主实验与 ablation/phase5_main_matrix/gate_position_results.csv,main_text,nq,bm25,P_ret,mean±std,ASR_no_gate,,0.41888889,0.03097191,3,,,sample std across seeds; no seed filtering
p_ret_p_gen_gate_position,phase5_主实验与 ablation/phase5_main_matrix/gate_position_results.csv,main_text,nq,bm25,P_ret,13,ASR_gate,0.34333333,,,,,,seed-level value; all seeds retained
p_ret_p_gen_gate_position,phase5_主实验与 ablation/phase5_main_matrix/gate_position_results.csv,main_text,nq,bm25,P_ret,42,ASR_gate,0.40666667,,,,,,seed-level value; all seeds retained
p_ret_p_gen_gate_position,phase5_主实验与 ablation/phase5_main_matrix/gate_position_results.csv,main_text,nq,bm25,P_ret,2026,ASR_gate,0.38333333,,,,,,seed-level value; all seeds retained
p_ret_p_gen_gate_position,phase5_主实验与 ablation/phase5_main_matrix/gate_position_results.csv,main_text,nq,bm25,P_ret,mean±std,ASR_gate,,0.37777778,0.03203008,3,,,sample std across seeds; no seed filtering
p_ret_p_gen_gate_position,phase5_主实验与 ablation/phase5_main_matrix/gate_position_results.csv,main_text,nq,bm25,P_ret,13,ASR-Drop,0.04000000,,,,,,seed-level value; all seeds retained
p_ret_p_gen_gate_position,phase5_主实验与 ablation/phase5_main_matrix/gate_position_results.csv,main_text,nq,bm25,P_ret,42,ASR-Drop,0.03333333,,,,,,seed-level value; all seeds retained
p_ret_p_gen_gate_position,phase5_主实验与 ablation/phase5_main_matrix/gate_position_results.csv,main_text,nq,bm25,P_ret,2026,ASR-Drop,0.05000000,,,,,,seed-level value; all seeds retained
p_ret_p_gen_gate_position,phase5_主实验与 ablation/phase5_main_matrix/gate_position_results.csv,main_text,nq,bm25,P_ret,mean±std,ASR-Drop,,0.04111111,0.00838870,3,,,sample std across seeds; no seed filtering
p_ret_p_gen_gate_position,phase5_主实验与 ablation/phase5_main_matrix/gate_position_results.csv,main_text,nq,bm25,P_ret,13,TPR,0.12911556,,,,,,seed-level value; all seeds retained
p_ret_p_gen_gate_position,phase5_主实验与 ablation/phase5_main_matrix/gate_position_results.csv,main_text,nq,bm25,P_ret,42,TPR,0.10974822,,,,,,seed-level value; all seeds retained
p_ret_p_gen_gate_position,phase5_主实验与 ablation/phase5_main_matrix/gate_position_results.csv,main_text,nq,bm25,P_ret,2026,TPR,0.11326861,,,,,,seed-level value; all seeds retained
p_ret_p_gen_gate_position,phase5_主实验与 ablation/phase5_main_matrix/gate_position_results.csv,main_text,nq,bm25,P_ret,mean±std,TPR,,0.11737746,0.01031675,3,,,sample std across seeds; no seed filtering
p_ret_p_gen_gate_position,phase5_主实验与 ablation/phase5_main_matrix/gate_position_results.csv,main_text,nq,bm25,P_ret,13,FPR_clean,0.04426667,,,,,,seed-level value; all seeds retained
p_ret_p_gen_gate_position,phase5_主实验与 ablation/phase5_main_matrix/gate_position_results.csv,main_text,nq,bm25,P_ret,42,FPR_clean,0.04426667,,,,,,seed-level value; all seeds retained
p_ret_p_gen_gate_position,phase5_主实验与 ablation/phase5_main_matrix/gate_position_results.csv,main_text,nq,bm25,P_ret,2026,FPR_clean,0.04426667,,,,,,seed-level value; all seeds retained
p_ret_p_gen_gate_position,phase5_主实验与 ablation/phase5_main_matrix/gate_position_results.csv,main_text,nq,bm25,P_ret,mean±std,FPR_clean,,0.04426667,0.00000000,3,,,sample std across seeds; no seed filtering
p_ret_p_gen_gate_position,phase5_主实验与 ablation/phase5_main_matrix/gate_position_results.csv,main_text,nq,bm25,P_ret,13,Utility Drop,0.01353866,,,,,,seed-level value; all seeds retained
p_ret_p_gen_gate_position,phase5_主实验与 ablation/phase5_main_matrix/gate_position_results.csv,main_text,nq,bm25,P_ret,42,Utility Drop,0.01353866,,,,,,seed-level value; all seeds retained
p_ret_p_gen_gate_position,phase5_主实验与 ablation/phase5_main_matrix/gate_position_results.csv,main_text,nq,bm25,P_ret,2026,Utility Drop,0.01353866,,,,,,seed-level value; all seeds retained
p_ret_p_gen_gate_position,phase5_主实验与 ablation/phase5_main_matrix/gate_position_results.csv,main_text,nq,bm25,P_ret,mean±std,Utility Drop,,0.01353866,0.00000000,3,,,sample std across seeds; no seed filtering
p_ret_p_gen_gate_position,phase5_主实验与 ablation/phase5_main_matrix/gate_position_results.csv,main_text,nq,bm25,P_ret,13,Clean_F1_no_gate,0.15141955,,,,,,seed-level value; all seeds retained
p_ret_p_gen_gate_position,phase5_主实验与 ablation/phase5_main_matrix/gate_position_results.csv,main_text,nq,bm25,P_ret,42,Clean_F1_no_gate,0.15141955,,,,,,seed-level value; all seeds retained
p_ret_p_gen_gate_position,phase5_主实验与 ablation/phase5_main_matrix/gate_position_results.csv,main_text,nq,bm25,P_ret,2026,Clean_F1_no_gate,0.15141955,,,,,,seed-level value; all seeds retained
p_ret_p_gen_gate_position,phase5_主实验与 ablation/phase5_main_matrix/gate_position_results.csv,main_text,nq,bm25,P_ret,mean±std,Clean_F1_no_gate,,0.15141955,0.00000000,3,,,sample std across seeds; no seed filtering
p_ret_p_gen_gate_position,phase5_主实验与 ablation/phase5_main_matrix/gate_position_results.csv,main_text,nq,bm25,P_ret,13,Clean_F1_gate,0.13788089,,,,,,seed-level value; all seeds retained
p_ret_p_gen_gate_position,phase5_主实验与 ablation/phase5_main_matrix/gate_position_results.csv,main_text,nq,bm25,P_ret,42,Clean_F1_gate,0.13788089,,,,,,seed-level value; all seeds retained
p_ret_p_gen_gate_position,phase5_主实验与 ablation/phase5_main_matrix/gate_position_results.csv,main_text,nq,bm25,P_ret,2026,Clean_F1_gate,0.13788089,,,,,,seed-level value; all seeds retained
p_ret_p_gen_gate_position,phase5_主实验与 ablation/phase5_main_matrix/gate_position_results.csv,main_text,nq,bm25,P_ret,mean±std,Clean_F1_gate,,0.13788089,0.00000000,3,,,sample std across seeds; no seed filtering
p_ret_p_gen_gate_position,phase5_主实验与 ablation/phase5_main_matrix/gate_position_results.csv,main_text,nq,bm25,P_ret,13,PoisonPresence@5,0.58333333,,,,,,seed-level value; all seeds retained
p_ret_p_gen_gate_position,phase5_主实验与 ablation/phase5_main_matrix/gate_position_results.csv,main_text,nq,bm25,P_ret,42,PoisonPresence@5,0.63000000,,,,,,seed-level value; all seeds retained
p_ret_p_gen_gate_position,phase5_主实验与 ablation/phase5_main_matrix/gate_position_results.csv,main_text,nq,bm25,P_ret,2026,PoisonPresence@5,0.59000000,,,,,,seed-level value; all seeds retained
p_ret_p_gen_gate_position,phase5_主实验与 ablation/phase5_main_matrix/gate_position_results.csv,main_text,nq,bm25,P_ret,mean±std,PoisonPresence@5,,0.60111111,0.02523959,3,,,sample std across seeds; no seed filtering
multi_signal_vs_single_signal,phase5_主实验与 ablation/phase5d_control_ablation/single_signal_ablation_results.csv,supplement_or_ablation_table,hotpotqa,bge_dense,P_gen,13,single_signal_ASR-Drop,0.45333333,,,,0.44333333,,seed-level value; all seeds retained
multi_signal_vs_single_signal,phase5_主实验与 ablation/phase5d_control_ablation/single_signal_ablation_results.csv,supplement_or_ablation_table,hotpotqa,bge_dense,P_gen,42,single_signal_ASR-Drop,0.46000000,,,,0.44666667,,seed-level value; all seeds retained
multi_signal_vs_single_signal,phase5_主实验与 ablation/phase5d_control_ablation/single_signal_ablation_results.csv,supplement_or_ablation_table,hotpotqa,bge_dense,P_gen,2026,single_signal_ASR-Drop,0.48000000,,,,0.46333333,,seed-level value; all seeds retained
multi_signal_vs_single_signal,phase5_主实验与 ablation/phase5d_control_ablation/single_signal_ablation_results.csv,supplement_or_ablation_table,hotpotqa,bge_dense,P_gen,mean±std,single_signal_ASR-Drop,,0.46444444,0.01387777,3,,,sample std across seeds; no seed filtering
multi_signal_vs_single_signal,phase5_主实验与 ablation/phase5d_control_ablation/single_signal_ablation_results.csv,supplement_or_ablation_table,hotpotqa,bge_dense,P_gen,13,multi_signal_ASR-Drop,0.44333333,,,,0.45333333,,seed-level value; all seeds retained
multi_signal_vs_single_signal,phase5_主实验与 ablation/phase5d_control_ablation/single_signal_ablation_results.csv,supplement_or_ablation_table,hotpotqa,bge_dense,P_gen,42,multi_signal_ASR-Drop,0.44666667,,,,0.46000000,,seed-level value; all seeds retained
multi_signal_vs_single_signal,phase5_主实验与 ablation/phase5d_control_ablation/single_signal_ablation_results.csv,supplement_or_ablation_table,hotpotqa,bge_dense,P_gen,2026,multi_signal_ASR-Drop,0.46333333,,,,0.48000000,,seed-level value; all seeds retained
multi_signal_vs_single_signal,phase5_主实验与 ablation/phase5d_control_ablation/single_signal_ablation_results.csv,supplement_or_ablation_table,hotpotqa,bge_dense,P_gen,mean±std,multi_signal_ASR-Drop,,0.45111111,0.01071517,3,,,sample std across seeds; no seed filtering
multi_signal_vs_single_signal,phase5_主实验与 ablation/phase5d_control_ablation/single_signal_ablation_results.csv,supplement_or_ablation_table,hotpotqa,bge_dense,P_gen,13,single_signal_FPR_clean,0.20592906,,,,0.22918808,,seed-level value; all seeds retained
multi_signal_vs_single_signal,phase5_主实验与 ablation/phase5d_control_ablation/single_signal_ablation_results.csv,supplement_or_ablation_table,hotpotqa,bge_dense,P_gen,42,single_signal_FPR_clean,0.20592906,,,,0.22918808,,seed-level value; all seeds retained
multi_signal_vs_single_signal,phase5_主实验与 ablation/phase5d_control_ablation/single_signal_ablation_results.csv,supplement_or_ablation_table,hotpotqa,bge_dense,P_gen,2026,single_signal_FPR_clean,0.20592906,,,,0.22918808,,seed-level value; all seeds retained
multi_signal_vs_single_signal,phase5_主实验与 ablation/phase5d_control_ablation/single_signal_ablation_results.csv,supplement_or_ablation_table,hotpotqa,bge_dense,P_gen,mean±std,single_signal_FPR_clean,,0.20592906,0.00000000,3,,,sample std across seeds; no seed filtering
multi_signal_vs_single_signal,phase5_主实验与 ablation/phase5d_control_ablation/single_signal_ablation_results.csv,supplement_or_ablation_table,hotpotqa,bge_dense,P_gen,13,multi_signal_FPR_clean,0.22918808,,,,0.20592906,,seed-level value; all seeds retained
multi_signal_vs_single_signal,phase5_主实验与 ablation/phase5d_control_ablation/single_signal_ablation_results.csv,supplement_or_ablation_table,hotpotqa,bge_dense,P_gen,42,multi_signal_FPR_clean,0.22918808,,,,0.20592906,,seed-level value; all seeds retained
multi_signal_vs_single_signal,phase5_主实验与 ablation/phase5d_control_ablation/single_signal_ablation_results.csv,supplement_or_ablation_table,hotpotqa,bge_dense,P_gen,2026,multi_signal_FPR_clean,0.22918808,,,,0.20592906,,seed-level value; all seeds retained
multi_signal_vs_single_signal,phase5_主实验与 ablation/phase5d_control_ablation/single_signal_ablation_results.csv,supplement_or_ablation_table,hotpotqa,bge_dense,P_gen,mean±std,multi_signal_FPR_clean,,0.22918808,0.00000000,3,,,sample std across seeds; no seed filtering
multi_signal_vs_single_signal,phase5_主实验与 ablation/phase5d_control_ablation/single_signal_ablation_results.csv,supplement_or_ablation_table,hotpotqa,bge_dense,P_gen,13,single_signal_TPR,0.99326599,,,,0.97486413,,seed-level value; all seeds retained
multi_signal_vs_single_signal,phase5_主实验与 ablation/phase5d_control_ablation/single_signal_ablation_results.csv,supplement_or_ablation_table,hotpotqa,bge_dense,P_gen,42,single_signal_TPR,0.99665552,,,,0.96969697,,seed-level value; all seeds retained
multi_signal_vs_single_signal,phase5_主实验与 ablation/phase5d_control_ablation/single_signal_ablation_results.csv,supplement_or_ablation_table,hotpotqa,bge_dense,P_gen,2026,single_signal_TPR,0.99069149,,,,0.95794393,,seed-level value; all seeds retained
multi_signal_vs_single_signal,phase5_主实验与 ablation/phase5d_control_ablation/single_signal_ablation_results.csv,supplement_or_ablation_table,hotpotqa,bge_dense,P_gen,mean±std,single_signal_TPR,,0.99353767,0.00299128,3,,,sample std across seeds; no seed filtering
multi_signal_vs_single_signal,phase5_主实验与 ablation/phase5d_control_ablation/single_signal_ablation_results.csv,supplement_or_ablation_table,hotpotqa,bge_dense,P_gen,13,multi_signal_TPR,0.97486413,,,,0.99326599,,seed-level value; all seeds retained
multi_signal_vs_single_signal,phase5_主实验与 ablation/phase5d_control_ablation/single_signal_ablation_results.csv,supplement_or_ablation_table,hotpotqa,bge_dense,P_gen,42,multi_signal_TPR,0.96969697,,,,0.99665552,,seed-level value; all seeds retained
multi_signal_vs_single_signal,phase5_主实验与 ablation/phase5d_control_ablation/single_signal_ablation_results.csv,supplement_or_ablation_table,hotpotqa,bge_dense,P_gen,2026,multi_signal_TPR,0.95794393,,,,0.99069149,,seed-level value; all seeds retained
multi_signal_vs_single_signal,phase5_主实验与 ablation/phase5d_control_ablation/single_signal_ablation_results.csv,supplement_or_ablation_table,hotpotqa,bge_dense,P_gen,mean±std,multi_signal_TPR,,0.96750168,0.00867109,3,,,sample std across seeds; no seed filtering
multi_signal_vs_single_signal,phase5_主实验与 ablation/phase5d_control_ablation/single_signal_ablation_results.csv,supplement_or_ablation_table,hotpotqa,bge_dense,P_gen,13,single_signal_Utility_Drop,0.05225827,,,,0.06026399,,seed-level value; all seeds retained
multi_signal_vs_single_signal,phase5_主实验与 ablation/phase5d_control_ablation/single_signal_ablation_results.csv,supplement_or_ablation_table,hotpotqa,bge_dense,P_gen,42,single_signal_Utility_Drop,0.05225827,,,,0.06026399,,seed-level value; all seeds retained
multi_signal_vs_single_signal,phase5_主实验与 ablation/phase5d_control_ablation/single_signal_ablation_results.csv,supplement_or_ablation_table,hotpotqa,bge_dense,P_gen,2026,single_signal_Utility_Drop,0.05225827,,,,0.06026399,,seed-level value; all seeds retained
multi_signal_vs_single_signal,phase5_主实验与 ablation/phase5d_control_ablation/single_signal_ablation_results.csv,supplement_or_ablation_table,hotpotqa,bge_dense,P_gen,mean±std,single_signal_Utility_Drop,,0.05225827,0.00000000,3,,,sample std across seeds; no seed filtering
multi_signal_vs_single_signal,phase5_主实验与 ablation/phase5d_control_ablation/single_signal_ablation_results.csv,supplement_or_ablation_table,hotpotqa,bge_dense,P_gen,13,multi_signal_Utility_Drop,0.06026399,,,,0.05225827,,seed-level value; all seeds retained
multi_signal_vs_single_signal,phase5_主实验与 ablation/phase5d_control_ablation/single_signal_ablation_results.csv,supplement_or_ablation_table,hotpotqa,bge_dense,P_gen,42,multi_signal_Utility_Drop,0.06026399,,,,0.05225827,,seed-level value; all seeds retained
multi_signal_vs_single_signal,phase5_主实验与 ablation/phase5d_control_ablation/single_signal_ablation_results.csv,supplement_or_ablation_table,hotpotqa,bge_dense,P_gen,2026,multi_signal_Utility_Drop,0.06026399,,,,0.05225827,,seed-level value; all seeds retained
multi_signal_vs_single_signal,phase5_主实验与 ablation/phase5d_control_ablation/single_signal_ablation_results.csv,supplement_or_ablation_table,hotpotqa,bge_dense,P_gen,mean±std,multi_signal_Utility_Drop,,0.06026399,0.00000000,3,,,sample std across seeds; no seed filtering
multi_signal_vs_single_signal,phase5_主实验与 ablation/phase5d_control_ablation/single_signal_ablation_results.csv,supplement_or_ablation_table,hotpotqa,bge_dense,P_ret,13,single_signal_ASR-Drop,0.45333333,,,,0.44333333,,seed-level value; all seeds retained
multi_signal_vs_single_signal,phase5_主实验与 ablation/phase5d_control_ablation/single_signal_ablation_results.csv,supplement_or_ablation_table,hotpotqa,bge_dense,P_ret,42,single_signal_ASR-Drop,0.46000000,,,,0.44666667,,seed-level value; all seeds retained
multi_signal_vs_single_signal,phase5_主实验与 ablation/phase5d_control_ablation/single_signal_ablation_results.csv,supplement_or_ablation_table,hotpotqa,bge_dense,P_ret,2026,single_signal_ASR-Drop,0.48000000,,,,0.46333333,,seed-level value; all seeds retained
multi_signal_vs_single_signal,phase5_主实验与 ablation/phase5d_control_ablation/single_signal_ablation_results.csv,supplement_or_ablation_table,hotpotqa,bge_dense,P_ret,mean±std,single_signal_ASR-Drop,,0.46444444,0.01387777,3,,,sample std across seeds; no seed filtering
multi_signal_vs_single_signal,phase5_主实验与 ablation/phase5d_control_ablation/single_signal_ablation_results.csv,supplement_or_ablation_table,hotpotqa,bge_dense,P_ret,13,multi_signal_ASR-Drop,0.44333333,,,,0.45333333,,seed-level value; all seeds retained
multi_signal_vs_single_signal,phase5_主实验与 ablation/phase5d_control_ablation/single_signal_ablation_results.csv,supplement_or_ablation_table,hotpotqa,bge_dense,P_ret,42,multi_signal_ASR-Drop,0.44666667,,,,0.46000000,,seed-level value; all seeds retained
multi_signal_vs_single_signal,phase5_主实验与 ablation/phase5d_control_ablation/single_signal_ablation_results.csv,supplement_or_ablation_table,hotpotqa,bge_dense,P_ret,2026,multi_signal_ASR-Drop,0.46333333,,,,0.48000000,,seed-level value; all seeds retained
multi_signal_vs_single_signal,phase5_主实验与 ablation/phase5d_control_ablation/single_signal_ablation_results.csv,supplement_or_ablation_table,hotpotqa,bge_dense,P_ret,mean±std,multi_signal_ASR-Drop,,0.45111111,0.01071517,3,,,sample std across seeds; no seed filtering
multi_signal_vs_single_signal,phase5_主实验与 ablation/phase5d_control_ablation/single_signal_ablation_results.csv,supplement_or_ablation_table,hotpotqa,bge_dense,P_ret,13,single_signal_FPR_clean,0.04153333,,,,0.05146667,,seed-level value; all seeds retained
multi_signal_vs_single_signal,phase5_主实验与 ablation/phase5d_control_ablation/single_signal_ablation_results.csv,supplement_or_ablation_table,hotpotqa,bge_dense,P_ret,42,single_signal_FPR_clean,0.04153333,,,,0.05146667,,seed-level value; all seeds retained
multi_signal_vs_single_signal,phase5_主实验与 ablation/phase5d_control_ablation/single_signal_ablation_results.csv,supplement_or_ablation_table,hotpotqa,bge_dense,P_ret,2026,single_signal_FPR_clean,0.04153333,,,,0.05146667,,seed-level value; all seeds retained
multi_signal_vs_single_signal,phase5_主实验与 ablation/phase5d_control_ablation/single_signal_ablation_results.csv,supplement_or_ablation_table,hotpotqa,bge_dense,P_ret,mean±std,single_signal_FPR_clean,,0.04153333,0.00000000,3,,,sample std across seeds; no seed filtering
multi_signal_vs_single_signal,phase5_主实验与 ablation/phase5d_control_ablation/single_signal_ablation_results.csv,supplement_or_ablation_table,hotpotqa,bge_dense,P_ret,13,multi_signal_FPR_clean,0.05146667,,,,0.04153333,,seed-level value; all seeds retained
multi_signal_vs_single_signal,phase5_主实验与 ablation/phase5d_control_ablation/single_signal_ablation_results.csv,supplement_or_ablation_table,hotpotqa,bge_dense,P_ret,42,multi_signal_FPR_clean,0.05146667,,,,0.04153333,,seed-level value; all seeds retained
multi_signal_vs_single_signal,phase5_主实验与 ablation/phase5d_control_ablation/single_signal_ablation_results.csv,supplement_or_ablation_table,hotpotqa,bge_dense,P_ret,2026,multi_signal_FPR_clean,0.05146667,,,,0.04153333,,seed-level value; all seeds retained
multi_signal_vs_single_signal,phase5_主实验与 ablation/phase5d_control_ablation/single_signal_ablation_results.csv,supplement_or_ablation_table,hotpotqa,bge_dense,P_ret,mean±std,multi_signal_FPR_clean,,0.05146667,0.00000000,3,,,sample std across seeds; no seed filtering
multi_signal_vs_single_signal,phase5_主实验与 ablation/phase5d_control_ablation/single_signal_ablation_results.csv,supplement_or_ablation_table,hotpotqa,bge_dense,P_ret,13,single_signal_TPR,0.87182448,,,,0.84872979,,seed-level value; all seeds retained
multi_signal_vs_single_signal,phase5_主实验与 ablation/phase5d_control_ablation/single_signal_ablation_results.csv,supplement_or_ablation_table,hotpotqa,bge_dense,P_ret,42,single_signal_TPR,0.85844230,,,,0.83001706,,seed-level value; all seeds retained
multi_signal_vs_single_signal,phase5_主实验与 ablation/phase5d_control_ablation/single_signal_ablation_results.csv,supplement_or_ablation_table,hotpotqa,bge_dense,P_ret,2026,single_signal_TPR,0.86335049,,,,0.82904517,,seed-level value; all seeds retained
multi_signal_vs_single_signal,phase5_主实验与 ablation/phase5d_control_ablation/single_signal_ablation_results.csv,supplement_or_ablation_table,hotpotqa,bge_dense,P_ret,mean±std,single_signal_TPR,,0.86453909,0.00676981,3,,,sample std across seeds; no seed filtering
multi_signal_vs_single_signal,phase5_主实验与 ablation/phase5d_control_ablation/single_signal_ablation_results.csv,supplement_or_ablation_table,hotpotqa,bge_dense,P_ret,13,multi_signal_TPR,0.84872979,,,,0.87182448,,seed-level value; all seeds retained
multi_signal_vs_single_signal,phase5_主实验与 ablation/phase5d_control_ablation/single_signal_ablation_results.csv,supplement_or_ablation_table,hotpotqa,bge_dense,P_ret,42,multi_signal_TPR,0.83001706,,,,0.85844230,,seed-level value; all seeds retained
multi_signal_vs_single_signal,phase5_主实验与 ablation/phase5d_control_ablation/single_signal_ablation_results.csv,supplement_or_ablation_table,hotpotqa,bge_dense,P_ret,2026,multi_signal_TPR,0.82904517,,,,0.86335049,,seed-level value; all seeds retained
multi_signal_vs_single_signal,phase5_主实验与 ablation/phase5d_control_ablation/single_signal_ablation_results.csv,supplement_or_ablation_table,hotpotqa,bge_dense,P_ret,mean±std,multi_signal_TPR,,0.83593067,0.01109501,3,,,sample std across seeds; no seed filtering
multi_signal_vs_single_signal,phase5_主实验与 ablation/phase5d_control_ablation/single_signal_ablation_results.csv,supplement_or_ablation_table,hotpotqa,bge_dense,P_ret,13,single_signal_Utility_Drop,0.05225827,,,,0.06026399,,seed-level value; all seeds retained
multi_signal_vs_single_signal,phase5_主实验与 ablation/phase5d_control_ablation/single_signal_ablation_results.csv,supplement_or_ablation_table,hotpotqa,bge_dense,P_ret,42,single_signal_Utility_Drop,0.05225827,,,,0.06026399,,seed-level value; all seeds retained
multi_signal_vs_single_signal,phase5_主实验与 ablation/phase5d_control_ablation/single_signal_ablation_results.csv,supplement_or_ablation_table,hotpotqa,bge_dense,P_ret,2026,single_signal_Utility_Drop,0.05225827,,,,0.06026399,,seed-level value; all seeds retained
multi_signal_vs_single_signal,phase5_主实验与 ablation/phase5d_control_ablation/single_signal_ablation_results.csv,supplement_or_ablation_table,hotpotqa,bge_dense,P_ret,mean±std,single_signal_Utility_Drop,,0.05225827,0.00000000,3,,,sample std across seeds; no seed filtering
multi_signal_vs_single_signal,phase5_主实验与 ablation/phase5d_control_ablation/single_signal_ablation_results.csv,supplement_or_ablation_table,hotpotqa,bge_dense,P_ret,13,multi_signal_Utility_Drop,0.06026399,,,,0.05225827,,seed-level value; all seeds retained
multi_signal_vs_single_signal,phase5_主实验与 ablation/phase5d_control_ablation/single_signal_ablation_results.csv,supplement_or_ablation_table,hotpotqa,bge_dense,P_ret,42,multi_signal_Utility_Drop,0.06026399,,,,0.05225827,,seed-level value; all seeds retained
multi_signal_vs_single_signal,phase5_主实验与 ablation/phase5d_control_ablation/single_signal_ablation_results.csv,supplement_or_ablation_table,hotpotqa,bge_dense,P_ret,2026,multi_signal_Utility_Drop,0.06026399,,,,0.05225827,,seed-level value; all seeds retained
multi_signal_vs_single_signal,phase5_主实验与 ablation/phase5d_control_ablation/single_signal_ablation_results.csv,supplement_or_ablation_table,hotpotqa,bge_dense,P_ret,mean±std,multi_signal_Utility_Drop,,0.06026399,0.00000000,3,,,sample std across seeds; no seed filtering
multi_signal_vs_single_signal,phase5_主实验与 ablation/phase5d_control_ablation/single_signal_ablation_results.csv,supplement_or_ablation_table,hotpotqa,bm25,P_gen,13,single_signal_ASR-Drop,0.46333333,,,,0.46000000,,seed-level value; all seeds retained
multi_signal_vs_single_signal,phase5_主实验与 ablation/phase5d_control_ablation/single_signal_ablation_results.csv,supplement_or_ablation_table,hotpotqa,bm25,P_gen,42,single_signal_ASR-Drop,0.46000000,,,,0.46000000,,seed-level value; all seeds retained
multi_signal_vs_single_signal,phase5_主实验与 ablation/phase5d_control_ablation/single_signal_ablation_results.csv,supplement_or_ablation_table,hotpotqa,bm25,P_gen,2026,single_signal_ASR-Drop,0.48000000,,,,0.48000000,,seed-level value; all seeds retained
multi_signal_vs_single_signal,phase5_主实验与 ablation/phase5d_control_ablation/single_signal_ablation_results.csv,supplement_or_ablation_table,hotpotqa,bm25,P_gen,mean±std,single_signal_ASR-Drop,,0.46777778,0.01071517,3,,,sample std across seeds; no seed filtering
multi_signal_vs_single_signal,phase5_主实验与 ablation/phase5d_control_ablation/single_signal_ablation_results.csv,supplement_or_ablation_table,hotpotqa,bm25,P_gen,13,multi_signal_ASR-Drop,0.46000000,,,,0.46333333,,seed-level value; all seeds retained
multi_signal_vs_single_signal,phase5_主实验与 ablation/phase5d_control_ablation/single_signal_ablation_results.csv,supplement_or_ablation_table,hotpotqa,bm25,P_gen,42,multi_signal_ASR-Drop,0.46000000,,,,0.46000000,,seed-level value; all seeds retained
multi_signal_vs_single_signal,phase5_主实验与 ablation/phase5d_control_ablation/single_signal_ablation_results.csv,supplement_or_ablation_table,hotpotqa,bm25,P_gen,2026,multi_signal_ASR-Drop,0.48000000,,,,0.48000000,,seed-level value; all seeds retained
multi_signal_vs_single_signal,phase5_主实验与 ablation/phase5d_control_ablation/single_signal_ablation_results.csv,supplement_or_ablation_table,hotpotqa,bm25,P_gen,mean±std,multi_signal_ASR-Drop,,0.46666667,0.01154701,3,,,sample std across seeds; no seed filtering
multi_signal_vs_single_signal,phase5_主实验与 ablation/phase5d_control_ablation/single_signal_ablation_results.csv,supplement_or_ablation_table,hotpotqa,bm25,P_gen,13,single_signal_FPR_clean,0.20170303,,,,0.19700214,,seed-level value; all seeds retained
multi_signal_vs_single_signal,phase5_主实验与 ablation/phase5d_control_ablation/single_signal_ablation_results.csv,supplement_or_ablation_table,hotpotqa,bm25,P_gen,42,single_signal_FPR_clean,0.20170303,,,,0.19700214,,seed-level value; all seeds retained
multi_signal_vs_single_signal,phase5_主实验与 ablation/phase5d_control_ablation/single_signal_ablation_results.csv,supplement_or_ablation_table,hotpotqa,bm25,P_gen,2026,single_signal_FPR_clean,0.20170303,,,,0.19700214,,seed-level value; all seeds retained
multi_signal_vs_single_signal,phase5_主实验与 ablation/phase5d_control_ablation/single_signal_ablation_results.csv,supplement_or_ablation_table,hotpotqa,bm25,P_gen,mean±std,single_signal_FPR_clean,,0.20170303,0.00000000,3,,,sample std across seeds; no seed filtering
multi_signal_vs_single_signal,phase5_主实验与 ablation/phase5d_control_ablation/single_signal_ablation_results.csv,supplement_or_ablation_table,hotpotqa,bm25,P_gen,13,multi_signal_FPR_clean,0.19700214,,,,0.20170303,,seed-level value; all seeds retained
multi_signal_vs_single_signal,phase5_主实验与 ablation/phase5d_control_ablation/single_signal_ablation_results.csv,supplement_or_ablation_table,hotpotqa,bm25,P_gen,42,multi_signal_FPR_clean,0.19700214,,,,0.20170303,,seed-level value; all seeds retained
multi_signal_vs_single_signal,phase5_主实验与 ablation/phase5d_control_ablation/single_signal_ablation_results.csv,supplement_or_ablation_table,hotpotqa,bm25,P_gen,2026,multi_signal_FPR_clean,0.19700214,,,,0.20170303,,seed-level value; all seeds retained
multi_signal_vs_single_signal,phase5_主实验与 ablation/phase5d_control_ablation/single_signal_ablation_results.csv,supplement_or_ablation_table,hotpotqa,bm25,P_gen,mean±std,multi_signal_FPR_clean,,0.19700214,0.00000000,3,,,sample std across seeds; no seed filtering
multi_signal_vs_single_signal,phase5_主实验与 ablation/phase5d_control_ablation/single_signal_ablation_results.csv,supplement_or_ablation_table,hotpotqa,bm25,P_gen,13,single_signal_TPR,0.97783572,,,,0.97131682,,seed-level value; all seeds retained
multi_signal_vs_single_signal,phase5_主实验与 ablation/phase5d_control_ablation/single_signal_ablation_results.csv,supplement_or_ablation_table,hotpotqa,bm25,P_gen,42,single_signal_TPR,0.97600519,,,,0.97087379,,seed-level value; all seeds retained
multi_signal_vs_single_signal,phase5_主实验与 ablation/phase5d_control_ablation/single_signal_ablation_results.csv,supplement_or_ablation_table,hotpotqa,bm25,P_gen,2026,single_signal_TPR,0.97087379,,,,0.96389426,,seed-level value; all seeds retained
multi_signal_vs_single_signal,phase5_主实验与 ablation/phase5d_control_ablation/single_signal_ablation_results.csv,supplement_or_ablation_table,hotpotqa,bm25,P_gen,mean±std,single_signal_TPR,,0.97490490,0.00360903,3,,,sample std across seeds; no seed filtering
multi_signal_vs_single_signal,phase5_主实验与 ablation/phase5d_control_ablation/single_signal_ablation_results.csv,supplement_or_ablation_table,hotpotqa,bm25,P_gen,13,multi_signal_TPR,0.97131682,,,,0.97783572,,seed-level value; all seeds retained
multi_signal_vs_single_signal,phase5_主实验与 ablation/phase5d_control_ablation/single_signal_ablation_results.csv,supplement_or_ablation_table,hotpotqa,bm25,P_gen,42,multi_signal_TPR,0.97087379,,,,0.97600519,,seed-level value; all seeds retained
multi_signal_vs_single_signal,phase5_主实验与 ablation/phase5d_control_ablation/single_signal_ablation_results.csv,supplement_or_ablation_table,hotpotqa,bm25,P_gen,2026,multi_signal_TPR,0.96389426,,,,0.97087379,,seed-level value; all seeds retained
multi_signal_vs_single_signal,phase5_主实验与 ablation/phase5d_control_ablation/single_signal_ablation_results.csv,supplement_or_ablation_table,hotpotqa,bm25,P_gen,mean±std,multi_signal_TPR,,0.96869496,0.00416342,3,,,sample std across seeds; no seed filtering
multi_signal_vs_single_signal,phase5_主实验与 ablation/phase5d_control_ablation/single_signal_ablation_results.csv,supplement_or_ablation_table,hotpotqa,bm25,P_gen,13,single_signal_Utility_Drop,0.03889710,,,,0.05155533,,seed-level value; all seeds retained
multi_signal_vs_single_signal,phase5_主实验与 ablation/phase5d_control_ablation/single_signal_ablation_results.csv,supplement_or_ablation_table,hotpotqa,bm25,P_gen,42,single_signal_Utility_Drop,0.03889710,,,,0.05155533,,seed-level value; all seeds retained
multi_signal_vs_single_signal,phase5_主实验与 ablation/phase5d_control_ablation/single_signal_ablation_results.csv,supplement_or_ablation_table,hotpotqa,bm25,P_gen,2026,single_signal_Utility_Drop,0.03889710,,,,0.05155533,,seed-level value; all seeds retained
multi_signal_vs_single_signal,phase5_主实验与 ablation/phase5d_control_ablation/single_signal_ablation_results.csv,supplement_or_ablation_table,hotpotqa,bm25,P_gen,mean±std,single_signal_Utility_Drop,,0.03889710,0.00000000,3,,,sample std across seeds; no seed filtering
multi_signal_vs_single_signal,phase5_主实验与 ablation/phase5d_control_ablation/single_signal_ablation_results.csv,supplement_or_ablation_table,hotpotqa,bm25,P_gen,13,multi_signal_Utility_Drop,0.05155533,,,,0.03889710,,seed-level value; all seeds retained
multi_signal_vs_single_signal,phase5_主实验与 ablation/phase5d_control_ablation/single_signal_ablation_results.csv,supplement_or_ablation_table,hotpotqa,bm25,P_gen,42,multi_signal_Utility_Drop,0.05155533,,,,0.03889710,,seed-level value; all seeds retained
multi_signal_vs_single_signal,phase5_主实验与 ablation/phase5d_control_ablation/single_signal_ablation_results.csv,supplement_or_ablation_table,hotpotqa,bm25,P_gen,2026,multi_signal_Utility_Drop,0.05155533,,,,0.03889710,,seed-level value; all seeds retained
multi_signal_vs_single_signal,phase5_主实验与 ablation/phase5d_control_ablation/single_signal_ablation_results.csv,supplement_or_ablation_table,hotpotqa,bm25,P_gen,mean±std,multi_signal_Utility_Drop,,0.05155533,0.00000000,3,,,sample std across seeds; no seed filtering
multi_signal_vs_single_signal,phase5_主实验与 ablation/phase5d_control_ablation/single_signal_ablation_results.csv,supplement_or_ablation_table,hotpotqa,bm25,P_ret,13,single_signal_ASR-Drop,0.46333333,,,,0.46000000,,seed-level value; all seeds retained
multi_signal_vs_single_signal,phase5_主实验与 ablation/phase5d_control_ablation/single_signal_ablation_results.csv,supplement_or_ablation_table,hotpotqa,bm25,P_ret,42,single_signal_ASR-Drop,0.46000000,,,,0.46000000,,seed-level value; all seeds retained
multi_signal_vs_single_signal,phase5_主实验与 ablation/phase5d_control_ablation/single_signal_ablation_results.csv,supplement_or_ablation_table,hotpotqa,bm25,P_ret,2026,single_signal_ASR-Drop,0.48000000,,,,0.48000000,,seed-level value; all seeds retained
multi_signal_vs_single_signal,phase5_主实验与 ablation/phase5d_control_ablation/single_signal_ablation_results.csv,supplement_or_ablation_table,hotpotqa,bm25,P_ret,mean±std,single_signal_ASR-Drop,,0.46777778,0.01071517,3,,,sample std across seeds; no seed filtering
multi_signal_vs_single_signal,phase5_主实验与 ablation/phase5d_control_ablation/single_signal_ablation_results.csv,supplement_or_ablation_table,hotpotqa,bm25,P_ret,13,multi_signal_ASR-Drop,0.46000000,,,,0.46333333,,seed-level value; all seeds retained
multi_signal_vs_single_signal,phase5_主实验与 ablation/phase5d_control_ablation/single_signal_ablation_results.csv,supplement_or_ablation_table,hotpotqa,bm25,P_ret,42,multi_signal_ASR-Drop,0.46000000,,,,0.46000000,,seed-level value; all seeds retained
multi_signal_vs_single_signal,phase5_主实验与 ablation/phase5d_control_ablation/single_signal_ablation_results.csv,supplement_or_ablation_table,hotpotqa,bm25,P_ret,2026,multi_signal_ASR-Drop,0.48000000,,,,0.48000000,,seed-level value; all seeds retained
multi_signal_vs_single_signal,phase5_主实验与 ablation/phase5d_control_ablation/single_signal_ablation_results.csv,supplement_or_ablation_table,hotpotqa,bm25,P_ret,mean±std,multi_signal_ASR-Drop,,0.46666667,0.01154701,3,,,sample std across seeds; no seed filtering
multi_signal_vs_single_signal,phase5_主实验与 ablation/phase5d_control_ablation/single_signal_ablation_results.csv,supplement_or_ablation_table,hotpotqa,bm25,P_ret,13,single_signal_FPR_clean,0.03980000,,,,0.04780000,,seed-level value; all seeds retained
multi_signal_vs_single_signal,phase5_主实验与 ablation/phase5d_control_ablation/single_signal_ablation_results.csv,supplement_or_ablation_table,hotpotqa,bm25,P_ret,42,single_signal_FPR_clean,0.03980000,,,,0.04780000,,seed-level value; all seeds retained
multi_signal_vs_single_signal,phase5_主实验与 ablation/phase5d_control_ablation/single_signal_ablation_results.csv,supplement_or_ablation_table,hotpotqa,bm25,P_ret,2026,single_signal_FPR_clean,0.03980000,,,,0.04780000,,seed-level value; all seeds retained
multi_signal_vs_single_signal,phase5_主实验与 ablation/phase5d_control_ablation/single_signal_ablation_results.csv,supplement_or_ablation_table,hotpotqa,bm25,P_ret,mean±std,single_signal_FPR_clean,,0.03980000,0.00000000,3,,,sample std across seeds; no seed filtering
multi_signal_vs_single_signal,phase5_主实验与 ablation/phase5d_control_ablation/single_signal_ablation_results.csv,supplement_or_ablation_table,hotpotqa,bm25,P_ret,13,multi_signal_FPR_clean,0.04780000,,,,0.03980000,,seed-level value; all seeds retained
multi_signal_vs_single_signal,phase5_主实验与 ablation/phase5d_control_ablation/single_signal_ablation_results.csv,supplement_or_ablation_table,hotpotqa,bm25,P_ret,42,multi_signal_FPR_clean,0.04780000,,,,0.03980000,,seed-level value; all seeds retained
multi_signal_vs_single_signal,phase5_主实验与 ablation/phase5d_control_ablation/single_signal_ablation_results.csv,supplement_or_ablation_table,hotpotqa,bm25,P_ret,2026,multi_signal_FPR_clean,0.04780000,,,,0.03980000,,seed-level value; all seeds retained
multi_signal_vs_single_signal,phase5_主实验与 ablation/phase5d_control_ablation/single_signal_ablation_results.csv,supplement_or_ablation_table,hotpotqa,bm25,P_ret,mean±std,multi_signal_FPR_clean,,0.04780000,0.00000000,3,,,sample std across seeds; no seed filtering
multi_signal_vs_single_signal,phase5_主实验与 ablation/phase5d_control_ablation/single_signal_ablation_results.csv,supplement_or_ablation_table,hotpotqa,bm25,P_ret,13,single_signal_TPR,0.71663534,,,,0.70488722,,seed-level value; all seeds retained
multi_signal_vs_single_signal,phase5_主实验与 ablation/phase5d_control_ablation/single_signal_ablation_results.csv,supplement_or_ablation_table,hotpotqa,bm25,P_ret,42,single_signal_TPR,0.71428571,,,,0.70257611,,seed-level value; all seeds retained
multi_signal_vs_single_signal,phase5_主实验与 ablation/phase5d_control_ablation/single_signal_ablation_results.csv,supplement_or_ablation_table,hotpotqa,bm25,P_ret,2026,single_signal_TPR,0.69571168,,,,0.68430657,,seed-level value; all seeds retained
multi_signal_vs_single_signal,phase5_主实验与 ablation/phase5d_control_ablation/single_signal_ablation_results.csv,supplement_or_ablation_table,hotpotqa,bm25,P_ret,mean±std,single_signal_TPR,,0.70887758,0.01146237,3,,,sample std across seeds; no seed filtering
multi_signal_vs_single_signal,phase5_主实验与 ablation/phase5d_control_ablation/single_signal_ablation_results.csv,supplement_or_ablation_table,hotpotqa,bm25,P_ret,13,multi_signal_TPR,0.70488722,,,,0.71663534,,seed-level value; all seeds retained
multi_signal_vs_single_signal,phase5_主实验与 ablation/phase5d_control_ablation/single_signal_ablation_results.csv,supplement_or_ablation_table,hotpotqa,bm25,P_ret,42,multi_signal_TPR,0.70257611,,,,0.71428571,,seed-level value; all seeds retained
multi_signal_vs_single_signal,phase5_主实验与 ablation/phase5d_control_ablation/single_signal_ablation_results.csv,supplement_or_ablation_table,hotpotqa,bm25,P_ret,2026,multi_signal_TPR,0.68430657,,,,0.69571168,,seed-level value; all seeds retained
multi_signal_vs_single_signal,phase5_主实验与 ablation/phase5d_control_ablation/single_signal_ablation_results.csv,supplement_or_ablation_table,hotpotqa,bm25,P_ret,mean±std,multi_signal_TPR,,0.69725663,0.01127446,3,,,sample std across seeds; no seed filtering
multi_signal_vs_single_signal,phase5_主实验与 ablation/phase5d_control_ablation/single_signal_ablation_results.csv,supplement_or_ablation_table,hotpotqa,bm25,P_ret,13,single_signal_Utility_Drop,0.03889710,,,,0.05155533,,seed-level value; all seeds retained
multi_signal_vs_single_signal,phase5_主实验与 ablation/phase5d_control_ablation/single_signal_ablation_results.csv,supplement_or_ablation_table,hotpotqa,bm25,P_ret,42,single_signal_Utility_Drop,0.03889710,,,,0.05155533,,seed-level value; all seeds retained
multi_signal_vs_single_signal,phase5_主实验与 ablation/phase5d_control_ablation/single_signal_ablation_results.csv,supplement_or_ablation_table,hotpotqa,bm25,P_ret,2026,single_signal_Utility_Drop,0.03889710,,,,0.05155533,,seed-level value; all seeds retained
multi_signal_vs_single_signal,phase5_主实验与 ablation/phase5d_control_ablation/single_signal_ablation_results.csv,supplement_or_ablation_table,hotpotqa,bm25,P_ret,mean±std,single_signal_Utility_Drop,,0.03889710,0.00000000,3,,,sample std across seeds; no seed filtering
multi_signal_vs_single_signal,phase5_主实验与 ablation/phase5d_control_ablation/single_signal_ablation_results.csv,supplement_or_ablation_table,hotpotqa,bm25,P_ret,13,multi_signal_Utility_Drop,0.05155533,,,,0.03889710,,seed-level value; all seeds retained
multi_signal_vs_single_signal,phase5_主实验与 ablation/phase5d_control_ablation/single_signal_ablation_results.csv,supplement_or_ablation_table,hotpotqa,bm25,P_ret,42,multi_signal_Utility_Drop,0.05155533,,,,0.03889710,,seed-level value; all seeds retained
multi_signal_vs_single_signal,phase5_主实验与 ablation/phase5d_control_ablation/single_signal_ablation_results.csv,supplement_or_ablation_table,hotpotqa,bm25,P_ret,2026,multi_signal_Utility_Drop,0.05155533,,,,0.03889710,,seed-level value; all seeds retained
multi_signal_vs_single_signal,phase5_主实验与 ablation/phase5d_control_ablation/single_signal_ablation_results.csv,supplement_or_ablation_table,hotpotqa,bm25,P_ret,mean±std,multi_signal_Utility_Drop,,0.05155533,0.00000000,3,,,sample std across seeds; no seed filtering
multi_signal_vs_single_signal,phase5_主实验与 ablation/phase5d_control_ablation/single_signal_ablation_results.csv,supplement_or_ablation_table,nq,bge_dense,P_gen,13,single_signal_ASR-Drop,0.26666667,,,,0.02000000,,seed-level value; all seeds retained
multi_signal_vs_single_signal,phase5_主实验与 ablation/phase5d_control_ablation/single_signal_ablation_results.csv,supplement_or_ablation_table,nq,bge_dense,P_gen,42,single_signal_ASR-Drop,0.31666667,,,,0.03666667,,seed-level value; all seeds retained
multi_signal_vs_single_signal,phase5_主实验与 ablation/phase5d_control_ablation/single_signal_ablation_results.csv,supplement_or_ablation_table,nq,bge_dense,P_gen,2026,single_signal_ASR-Drop,0.30333333,,,,0.04333333,,seed-level value; all seeds retained
multi_signal_vs_single_signal,phase5_主实验与 ablation/phase5d_control_ablation/single_signal_ablation_results.csv,supplement_or_ablation_table,nq,bge_dense,P_gen,mean±std,single_signal_ASR-Drop,,0.29555556,0.02589151,3,,,sample std across seeds; no seed filtering
multi_signal_vs_single_signal,phase5_主实验与 ablation/phase5d_control_ablation/single_signal_ablation_results.csv,supplement_or_ablation_table,nq,bge_dense,P_gen,13,multi_signal_ASR-Drop,0.02000000,,,,0.26666667,,seed-level value; all seeds retained
multi_signal_vs_single_signal,phase5_主实验与 ablation/phase5d_control_ablation/single_signal_ablation_results.csv,supplement_or_ablation_table,nq,bge_dense,P_gen,42,multi_signal_ASR-Drop,0.03666667,,,,0.31666667,,seed-level value; all seeds retained
multi_signal_vs_single_signal,phase5_主实验与 ablation/phase5d_control_ablation/single_signal_ablation_results.csv,supplement_or_ablation_table,nq,bge_dense,P_gen,2026,multi_signal_ASR-Drop,0.04333333,,,,0.30333333,,seed-level value; all seeds retained
multi_signal_vs_single_signal,phase5_主实验与 ablation/phase5d_control_ablation/single_signal_ablation_results.csv,supplement_or_ablation_table,nq,bge_dense,P_gen,mean±std,multi_signal_ASR-Drop,,0.03333333,0.01201850,3,,,sample std across seeds; no seed filtering
multi_signal_vs_single_signal,phase5_主实验与 ablation/phase5d_control_ablation/single_signal_ablation_results.csv,supplement_or_ablation_table,nq,bge_dense,P_gen,13,single_signal_FPR_clean,0.10886377,,,,0.09200969,,seed-level value; all seeds retained
multi_signal_vs_single_signal,phase5_主实验与 ablation/phase5d_control_ablation/single_signal_ablation_results.csv,supplement_or_ablation_table,nq,bge_dense,P_gen,42,single_signal_FPR_clean,0.10886377,,,,0.09200969,,seed-level value; all seeds retained
multi_signal_vs_single_signal,phase5_主实验与 ablation/phase5d_control_ablation/single_signal_ablation_results.csv,supplement_or_ablation_table,nq,bge_dense,P_gen,2026,single_signal_FPR_clean,0.10886377,,,,0.09200969,,seed-level value; all seeds retained
multi_signal_vs_single_signal,phase5_主实验与 ablation/phase5d_control_ablation/single_signal_ablation_results.csv,supplement_or_ablation_table,nq,bge_dense,P_gen,mean±std,single_signal_FPR_clean,,0.10886377,0.00000000,3,,,sample std across seeds; no seed filtering
multi_signal_vs_single_signal,phase5_主实验与 ablation/phase5d_control_ablation/single_signal_ablation_results.csv,supplement_or_ablation_table,nq,bge_dense,P_gen,13,multi_signal_FPR_clean,0.09200969,,,,0.10886377,,seed-level value; all seeds retained
multi_signal_vs_single_signal,phase5_主实验与 ablation/phase5d_control_ablation/single_signal_ablation_results.csv,supplement_or_ablation_table,nq,bge_dense,P_gen,42,multi_signal_FPR_clean,0.09200969,,,,0.10886377,,seed-level value; all seeds retained
multi_signal_vs_single_signal,phase5_主实验与 ablation/phase5d_control_ablation/single_signal_ablation_results.csv,supplement_or_ablation_table,nq,bge_dense,P_gen,2026,multi_signal_FPR_clean,0.09200969,,,,0.10886377,,seed-level value; all seeds retained
multi_signal_vs_single_signal,phase5_主实验与 ablation/phase5d_control_ablation/single_signal_ablation_results.csv,supplement_or_ablation_table,nq,bge_dense,P_gen,mean±std,multi_signal_FPR_clean,,0.09200969,0.00000000,3,,,sample std across seeds; no seed filtering
multi_signal_vs_single_signal,phase5_主实验与 ablation/phase5d_control_ablation/single_signal_ablation_results.csv,supplement_or_ablation_table,nq,bge_dense,P_gen,13,single_signal_TPR,1.00000000,,,,0.19920319,,seed-level value; all seeds retained
multi_signal_vs_single_signal,phase5_主实验与 ablation/phase5d_control_ablation/single_signal_ablation_results.csv,supplement_or_ablation_table,nq,bge_dense,P_gen,42,single_signal_TPR,1.00000000,,,,0.21043771,,seed-level value; all seeds retained
multi_signal_vs_single_signal,phase5_主实验与 ablation/phase5d_control_ablation/single_signal_ablation_results.csv,supplement_or_ablation_table,nq,bge_dense,P_gen,2026,single_signal_TPR,1.00000000,,,,0.19886364,,seed-level value; all seeds retained
multi_signal_vs_single_signal,phase5_主实验与 ablation/phase5d_control_ablation/single_signal_ablation_results.csv,supplement_or_ablation_table,nq,bge_dense,P_gen,mean±std,single_signal_TPR,,1.00000000,0.00000000,3,,,sample std across seeds; no seed filtering
multi_signal_vs_single_signal,phase5_主实验与 ablation/phase5d_control_ablation/single_signal_ablation_results.csv,supplement_or_ablation_table,nq,bge_dense,P_gen,13,multi_signal_TPR,0.19920319,,,,1.00000000,,seed-level value; all seeds retained
multi_signal_vs_single_signal,phase5_主实验与 ablation/phase5d_control_ablation/single_signal_ablation_results.csv,supplement_or_ablation_table,nq,bge_dense,P_gen,42,multi_signal_TPR,0.21043771,,,,1.00000000,,seed-level value; all seeds retained
multi_signal_vs_single_signal,phase5_主实验与 ablation/phase5d_control_ablation/single_signal_ablation_results.csv,supplement_or_ablation_table,nq,bge_dense,P_gen,2026,multi_signal_TPR,0.19886364,,,,1.00000000,,seed-level value; all seeds retained
multi_signal_vs_single_signal,phase5_主实验与 ablation/phase5d_control_ablation/single_signal_ablation_results.csv,supplement_or_ablation_table,nq,bge_dense,P_gen,mean±std,multi_signal_TPR,,0.20283484,0.00658646,3,,,sample std across seeds; no seed filtering
multi_signal_vs_single_signal,phase5_主实验与 ablation/phase5d_control_ablation/single_signal_ablation_results.csv,supplement_or_ablation_table,nq,bge_dense,P_gen,13,single_signal_Utility_Drop,0.01572724,,,,0.01294527,,seed-level value; all seeds retained
multi_signal_vs_single_signal,phase5_主实验与 ablation/phase5d_control_ablation/single_signal_ablation_results.csv,supplement_or_ablation_table,nq,bge_dense,P_gen,42,single_signal_Utility_Drop,0.01572724,,,,0.01294527,,seed-level value; all seeds retained
multi_signal_vs_single_signal,phase5_主实验与 ablation/phase5d_control_ablation/single_signal_ablation_results.csv,supplement_or_ablation_table,nq,bge_dense,P_gen,2026,single_signal_Utility_Drop,0.01572724,,,,0.01294527,,seed-level value; all seeds retained
multi_signal_vs_single_signal,phase5_主实验与 ablation/phase5d_control_ablation/single_signal_ablation_results.csv,supplement_or_ablation_table,nq,bge_dense,P_gen,mean±std,single_signal_Utility_Drop,,0.01572724,0.00000000,3,,,sample std across seeds; no seed filtering
multi_signal_vs_single_signal,phase5_主实验与 ablation/phase5d_control_ablation/single_signal_ablation_results.csv,supplement_or_ablation_table,nq,bge_dense,P_gen,13,multi_signal_Utility_Drop,0.01294527,,,,0.01572724,,seed-level value; all seeds retained
multi_signal_vs_single_signal,phase5_主实验与 ablation/phase5d_control_ablation/single_signal_ablation_results.csv,supplement_or_ablation_table,nq,bge_dense,P_gen,42,multi_signal_Utility_Drop,0.01294527,,,,0.01572724,,seed-level value; all seeds retained
multi_signal_vs_single_signal,phase5_主实验与 ablation/phase5d_control_ablation/single_signal_ablation_results.csv,supplement_or_ablation_table,nq,bge_dense,P_gen,2026,multi_signal_Utility_Drop,0.01294527,,,,0.01572724,,seed-level value; all seeds retained
multi_signal_vs_single_signal,phase5_主实验与 ablation/phase5d_control_ablation/single_signal_ablation_results.csv,supplement_or_ablation_table,nq,bge_dense,P_gen,mean±std,multi_signal_Utility_Drop,,0.01294527,0.00000000,3,,,sample std across seeds; no seed filtering
multi_signal_vs_single_signal,phase5_主实验与 ablation/phase5d_control_ablation/single_signal_ablation_results.csv,supplement_or_ablation_table,nq,bge_dense,P_ret,13,single_signal_ASR-Drop,0.26666667,,,,0.02000000,,seed-level value; all seeds retained
multi_signal_vs_single_signal,phase5_主实验与 ablation/phase5d_control_ablation/single_signal_ablation_results.csv,supplement_or_ablation_table,nq,bge_dense,P_ret,42,single_signal_ASR-Drop,0.31666667,,,,0.03666667,,seed-level value; all seeds retained
multi_signal_vs_single_signal,phase5_主实验与 ablation/phase5d_control_ablation/single_signal_ablation_results.csv,supplement_or_ablation_table,nq,bge_dense,P_ret,2026,single_signal_ASR-Drop,0.30333333,,,,0.04333333,,seed-level value; all seeds retained
multi_signal_vs_single_signal,phase5_主实验与 ablation/phase5d_control_ablation/single_signal_ablation_results.csv,supplement_or_ablation_table,nq,bge_dense,P_ret,mean±std,single_signal_ASR-Drop,,0.29555556,0.02589151,3,,,sample std across seeds; no seed filtering
multi_signal_vs_single_signal,phase5_主实验与 ablation/phase5d_control_ablation/single_signal_ablation_results.csv,supplement_or_ablation_table,nq,bge_dense,P_ret,13,multi_signal_ASR-Drop,0.02000000,,,,0.26666667,,seed-level value; all seeds retained
multi_signal_vs_single_signal,phase5_主实验与 ablation/phase5d_control_ablation/single_signal_ablation_results.csv,supplement_or_ablation_table,nq,bge_dense,P_ret,42,multi_signal_ASR-Drop,0.03666667,,,,0.31666667,,seed-level value; all seeds retained
multi_signal_vs_single_signal,phase5_主实验与 ablation/phase5d_control_ablation/single_signal_ablation_results.csv,supplement_or_ablation_table,nq,bge_dense,P_ret,2026,multi_signal_ASR-Drop,0.04333333,,,,0.30333333,,seed-level value; all seeds retained
multi_signal_vs_single_signal,phase5_主实验与 ablation/phase5d_control_ablation/single_signal_ablation_results.csv,supplement_or_ablation_table,nq,bge_dense,P_ret,mean±std,multi_signal_ASR-Drop,,0.03333333,0.01201850,3,,,sample std across seeds; no seed filtering
multi_signal_vs_single_signal,phase5_主实验与 ablation/phase5d_control_ablation/single_signal_ablation_results.csv,supplement_or_ablation_table,nq,bge_dense,P_ret,13,single_signal_FPR_clean,0.02926667,,,,0.05046667,,seed-level value; all seeds retained
multi_signal_vs_single_signal,phase5_主实验与 ablation/phase5d_control_ablation/single_signal_ablation_results.csv,supplement_or_ablation_table,nq,bge_dense,P_ret,42,single_signal_FPR_clean,0.02926667,,,,0.05046667,,seed-level value; all seeds retained
multi_signal_vs_single_signal,phase5_主实验与 ablation/phase5d_control_ablation/single_signal_ablation_results.csv,supplement_or_ablation_table,nq,bge_dense,P_ret,2026,single_signal_FPR_clean,0.02926667,,,,0.05046667,,seed-level value; all seeds retained
multi_signal_vs_single_signal,phase5_主实验与 ablation/phase5d_control_ablation/single_signal_ablation_results.csv,supplement_or_ablation_table,nq,bge_dense,P_ret,mean±std,single_signal_FPR_clean,,0.02926667,0.00000000,3,,,sample std across seeds; no seed filtering
multi_signal_vs_single_signal,phase5_主实验与 ablation/phase5d_control_ablation/single_signal_ablation_results.csv,supplement_or_ablation_table,nq,bge_dense,P_ret,13,multi_signal_FPR_clean,0.05046667,,,,0.02926667,,seed-level value; all seeds retained
multi_signal_vs_single_signal,phase5_主实验与 ablation/phase5d_control_ablation/single_signal_ablation_results.csv,supplement_or_ablation_table,nq,bge_dense,P_ret,42,multi_signal_FPR_clean,0.05046667,,,,0.02926667,,seed-level value; all seeds retained
multi_signal_vs_single_signal,phase5_主实验与 ablation/phase5d_control_ablation/single_signal_ablation_results.csv,supplement_or_ablation_table,nq,bge_dense,P_ret,2026,multi_signal_FPR_clean,0.05046667,,,,0.02926667,,seed-level value; all seeds retained
multi_signal_vs_single_signal,phase5_主实验与 ablation/phase5d_control_ablation/single_signal_ablation_results.csv,supplement_or_ablation_table,nq,bge_dense,P_ret,mean±std,multi_signal_FPR_clean,,0.05046667,0.00000000,3,,,sample std across seeds; no seed filtering
multi_signal_vs_single_signal,phase5_主实验与 ablation/phase5d_control_ablation/single_signal_ablation_results.csv,supplement_or_ablation_table,nq,bge_dense,P_ret,13,single_signal_TPR,0.98648649,,,,0.12837838,,seed-level value; all seeds retained
multi_signal_vs_single_signal,phase5_主实验与 ablation/phase5d_control_ablation/single_signal_ablation_results.csv,supplement_or_ablation_table,nq,bge_dense,P_ret,42,single_signal_TPR,0.98985115,,,,0.12178620,,seed-level value; all seeds retained
multi_signal_vs_single_signal,phase5_主实验与 ablation/phase5d_control_ablation/single_signal_ablation_results.csv,supplement_or_ablation_table,nq,bge_dense,P_ret,2026,single_signal_TPR,0.98327759,,,,0.10702341,,seed-level value; all seeds retained
multi_signal_vs_single_signal,phase5_主实验与 ablation/phase5d_control_ablation/single_signal_ablation_results.csv,supplement_or_ablation_table,nq,bge_dense,P_ret,mean±std,single_signal_TPR,,0.98653841,0.00328709,3,,,sample std across seeds; no seed filtering
multi_signal_vs_single_signal,phase5_主实验与 ablation/phase5d_control_ablation/single_signal_ablation_results.csv,supplement_or_ablation_table,nq,bge_dense,P_ret,13,multi_signal_TPR,0.12837838,,,,0.98648649,,seed-level value; all seeds retained
multi_signal_vs_single_signal,phase5_主实验与 ablation/phase5d_control_ablation/single_signal_ablation_results.csv,supplement_or_ablation_table,nq,bge_dense,P_ret,42,multi_signal_TPR,0.12178620,,,,0.98985115,,seed-level value; all seeds retained
multi_signal_vs_single_signal,phase5_主实验与 ablation/phase5d_control_ablation/single_signal_ablation_results.csv,supplement_or_ablation_table,nq,bge_dense,P_ret,2026,multi_signal_TPR,0.10702341,,,,0.98327759,,seed-level value; all seeds retained
multi_signal_vs_single_signal,phase5_主实验与 ablation/phase5d_control_ablation/single_signal_ablation_results.csv,supplement_or_ablation_table,nq,bge_dense,P_ret,mean±std,multi_signal_TPR,,0.11906266,0.01093489,3,,,sample std across seeds; no seed filtering
multi_signal_vs_single_signal,phase5_主实验与 ablation/phase5d_control_ablation/single_signal_ablation_results.csv,supplement_or_ablation_table,nq,bge_dense,P_ret,13,single_signal_Utility_Drop,0.01572724,,,,0.01294527,,seed-level value; all seeds retained
multi_signal_vs_single_signal,phase5_主实验与 ablation/phase5d_control_ablation/single_signal_ablation_results.csv,supplement_or_ablation_table,nq,bge_dense,P_ret,42,single_signal_Utility_Drop,0.01572724,,,,0.01294527,,seed-level value; all seeds retained
multi_signal_vs_single_signal,phase5_主实验与 ablation/phase5d_control_ablation/single_signal_ablation_results.csv,supplement_or_ablation_table,nq,bge_dense,P_ret,2026,single_signal_Utility_Drop,0.01572724,,,,0.01294527,,seed-level value; all seeds retained
multi_signal_vs_single_signal,phase5_主实验与 ablation/phase5d_control_ablation/single_signal_ablation_results.csv,supplement_or_ablation_table,nq,bge_dense,P_ret,mean±std,single_signal_Utility_Drop,,0.01572724,0.00000000,3,,,sample std across seeds; no seed filtering
multi_signal_vs_single_signal,phase5_主实验与 ablation/phase5d_control_ablation/single_signal_ablation_results.csv,supplement_or_ablation_table,nq,bge_dense,P_ret,13,multi_signal_Utility_Drop,0.01294527,,,,0.01572724,,seed-level value; all seeds retained
multi_signal_vs_single_signal,phase5_主实验与 ablation/phase5d_control_ablation/single_signal_ablation_results.csv,supplement_or_ablation_table,nq,bge_dense,P_ret,42,multi_signal_Utility_Drop,0.01294527,,,,0.01572724,,seed-level value; all seeds retained
multi_signal_vs_single_signal,phase5_主实验与 ablation/phase5d_control_ablation/single_signal_ablation_results.csv,supplement_or_ablation_table,nq,bge_dense,P_ret,2026,multi_signal_Utility_Drop,0.01294527,,,,0.01572724,,seed-level value; all seeds retained
multi_signal_vs_single_signal,phase5_主实验与 ablation/phase5d_control_ablation/single_signal_ablation_results.csv,supplement_or_ablation_table,nq,bge_dense,P_ret,mean±std,multi_signal_Utility_Drop,,0.01294527,0.00000000,3,,,sample std across seeds; no seed filtering
multi_signal_vs_single_signal,phase5_主实验与 ablation/phase5d_control_ablation/single_signal_ablation_results.csv,supplement_or_ablation_table,nq,bm25,P_gen,13,single_signal_ASR-Drop,0.38333333,,,,0.04000000,,seed-level value; all seeds retained
multi_signal_vs_single_signal,phase5_主实验与 ablation/phase5d_control_ablation/single_signal_ablation_results.csv,supplement_or_ablation_table,nq,bm25,P_gen,42,single_signal_ASR-Drop,0.44000000,,,,0.03333333,,seed-level value; all seeds retained
multi_signal_vs_single_signal,phase5_主实验与 ablation/phase5d_control_ablation/single_signal_ablation_results.csv,supplement_or_ablation_table,nq,bm25,P_gen,2026,single_signal_ASR-Drop,0.43333333,,,,0.05000000,,seed-level value; all seeds retained
multi_signal_vs_single_signal,phase5_主实验与 ablation/phase5d_control_ablation/single_signal_ablation_results.csv,supplement_or_ablation_table,nq,bm25,P_gen,mean±std,single_signal_ASR-Drop,,0.41888889,0.03097191,3,,,sample std across seeds; no seed filtering
multi_signal_vs_single_signal,phase5_主实验与 ablation/phase5d_control_ablation/single_signal_ablation_results.csv,supplement_or_ablation_table,nq,bm25,P_gen,13,multi_signal_ASR-Drop,0.04000000,,,,0.38333333,,seed-level value; all seeds retained
multi_signal_vs_single_signal,phase5_主实验与 ablation/phase5d_control_ablation/single_signal_ablation_results.csv,supplement_or_ablation_table,nq,bm25,P_gen,42,multi_signal_ASR-Drop,0.03333333,,,,0.44000000,,seed-level value; all seeds retained
multi_signal_vs_single_signal,phase5_主实验与 ablation/phase5d_control_ablation/single_signal_ablation_results.csv,supplement_or_ablation_table,nq,bm25,P_gen,2026,multi_signal_ASR-Drop,0.05000000,,,,0.43333333,,seed-level value; all seeds retained
multi_signal_vs_single_signal,phase5_主实验与 ablation/phase5d_control_ablation/single_signal_ablation_results.csv,supplement_or_ablation_table,nq,bm25,P_gen,mean±std,multi_signal_ASR-Drop,,0.04111111,0.00838870,3,,,sample std across seeds; no seed filtering
multi_signal_vs_single_signal,phase5_主实验与 ablation/phase5d_control_ablation/single_signal_ablation_results.csv,supplement_or_ablation_table,nq,bm25,P_gen,13,single_signal_FPR_clean,0.15584416,,,,0.08925319,,seed-level value; all seeds retained
multi_signal_vs_single_signal,phase5_主实验与 ablation/phase5d_control_ablation/single_signal_ablation_results.csv,supplement_or_ablation_table,nq,bm25,P_gen,42,single_signal_FPR_clean,0.15584416,,,,0.08925319,,seed-level value; all seeds retained
multi_signal_vs_single_signal,phase5_主实验与 ablation/phase5d_control_ablation/single_signal_ablation_results.csv,supplement_or_ablation_table,nq,bm25,P_gen,2026,single_signal_FPR_clean,0.15584416,,,,0.08925319,,seed-level value; all seeds retained
multi_signal_vs_single_signal,phase5_主实验与 ablation/phase5d_control_ablation/single_signal_ablation_results.csv,supplement_or_ablation_table,nq,bm25,P_gen,mean±std,single_signal_FPR_clean,,0.15584416,0.00000000,3,,,sample std across seeds; no seed filtering
multi_signal_vs_single_signal,phase5_主实验与 ablation/phase5d_control_ablation/single_signal_ablation_results.csv,supplement_or_ablation_table,nq,bm25,P_gen,13,multi_signal_FPR_clean,0.08925319,,,,0.15584416,,seed-level value; all seeds retained
multi_signal_vs_single_signal,phase5_主实验与 ablation/phase5d_control_ablation/single_signal_ablation_results.csv,supplement_or_ablation_table,nq,bm25,P_gen,42,multi_signal_FPR_clean,0.08925319,,,,0.15584416,,seed-level value; all seeds retained
multi_signal_vs_single_signal,phase5_主实验与 ablation/phase5d_control_ablation/single_signal_ablation_results.csv,supplement_or_ablation_table,nq,bm25,P_gen,2026,multi_signal_FPR_clean,0.08925319,,,,0.15584416,,seed-level value; all seeds retained
multi_signal_vs_single_signal,phase5_主实验与 ablation/phase5d_control_ablation/single_signal_ablation_results.csv,supplement_or_ablation_table,nq,bm25,P_gen,mean±std,multi_signal_FPR_clean,,0.08925319,0.00000000,3,,,sample std across seeds; no seed filtering
multi_signal_vs_single_signal,phase5_主实验与 ablation/phase5d_control_ablation/single_signal_ablation_results.csv,supplement_or_ablation_table,nq,bm25,P_gen,13,single_signal_TPR,1.00000000,,,,0.17301038,,seed-level value; all seeds retained
multi_signal_vs_single_signal,phase5_主实验与 ablation/phase5d_control_ablation/single_signal_ablation_results.csv,supplement_or_ablation_table,nq,bm25,P_gen,42,single_signal_TPR,1.00000000,,,,0.14054054,,seed-level value; all seeds retained
multi_signal_vs_single_signal,phase5_主实验与 ablation/phase5d_control_ablation/single_signal_ablation_results.csv,supplement_or_ablation_table,nq,bm25,P_gen,2026,single_signal_TPR,1.00000000,,,,0.16496018,,seed-level value; all seeds retained
multi_signal_vs_single_signal,phase5_主实验与 ablation/phase5d_control_ablation/single_signal_ablation_results.csv,supplement_or_ablation_table,nq,bm25,P_gen,mean±std,single_signal_TPR,,1.00000000,0.00000000,3,,,sample std across seeds; no seed filtering
multi_signal_vs_single_signal,phase5_主实验与 ablation/phase5d_control_ablation/single_signal_ablation_results.csv,supplement_or_ablation_table,nq,bm25,P_gen,13,multi_signal_TPR,0.17301038,,,,1.00000000,,seed-level value; all seeds retained
multi_signal_vs_single_signal,phase5_主实验与 ablation/phase5d_control_ablation/single_signal_ablation_results.csv,supplement_or_ablation_table,nq,bm25,P_gen,42,multi_signal_TPR,0.14054054,,,,1.00000000,,seed-level value; all seeds retained
multi_signal_vs_single_signal,phase5_主实验与 ablation/phase5d_control_ablation/single_signal_ablation_results.csv,supplement_or_ablation_table,nq,bm25,P_gen,2026,multi_signal_TPR,0.16496018,,,,1.00000000,,seed-level value; all seeds retained
multi_signal_vs_single_signal,phase5_主实验与 ablation/phase5d_control_ablation/single_signal_ablation_results.csv,supplement_or_ablation_table,nq,bm25,P_gen,mean±std,multi_signal_TPR,,0.15950370,0.01690865,3,,,sample std across seeds; no seed filtering
multi_signal_vs_single_signal,phase5_主实验与 ablation/phase5d_control_ablation/single_signal_ablation_results.csv,supplement_or_ablation_table,nq,bm25,P_gen,13,single_signal_Utility_Drop,0.01015137,,,,0.01353866,,seed-level value; all seeds retained
multi_signal_vs_single_signal,phase5_主实验与 ablation/phase5d_control_ablation/single_signal_ablation_results.csv,supplement_or_ablation_table,nq,bm25,P_gen,42,single_signal_Utility_Drop,0.01015137,,,,0.01353866,,seed-level value; all seeds retained
multi_signal_vs_single_signal,phase5_主实验与 ablation/phase5d_control_ablation/single_signal_ablation_results.csv,supplement_or_ablation_table,nq,bm25,P_gen,2026,single_signal_Utility_Drop,0.01015137,,,,0.01353866,,seed-level value; all seeds retained
multi_signal_vs_single_signal,phase5_主实验与 ablation/phase5d_control_ablation/single_signal_ablation_results.csv,supplement_or_ablation_table,nq,bm25,P_gen,mean±std,single_signal_Utility_Drop,,0.01015137,0.00000000,3,,,sample std across seeds; no seed filtering
multi_signal_vs_single_signal,phase5_主实验与 ablation/phase5d_control_ablation/single_signal_ablation_results.csv,supplement_or_ablation_table,nq,bm25,P_gen,13,multi_signal_Utility_Drop,0.01353866,,,,0.01015137,,seed-level value; all seeds retained
multi_signal_vs_single_signal,phase5_主实验与 ablation/phase5d_control_ablation/single_signal_ablation_results.csv,supplement_or_ablation_table,nq,bm25,P_gen,42,multi_signal_Utility_Drop,0.01353866,,,,0.01015137,,seed-level value; all seeds retained
multi_signal_vs_single_signal,phase5_主实验与 ablation/phase5d_control_ablation/single_signal_ablation_results.csv,supplement_or_ablation_table,nq,bm25,P_gen,2026,multi_signal_Utility_Drop,0.01353866,,,,0.01015137,,seed-level value; all seeds retained
multi_signal_vs_single_signal,phase5_主实验与 ablation/phase5d_control_ablation/single_signal_ablation_results.csv,supplement_or_ablation_table,nq,bm25,P_gen,mean±std,multi_signal_Utility_Drop,,0.01353866,0.00000000,3,,,sample std across seeds; no seed filtering
multi_signal_vs_single_signal,phase5_主实验与 ablation/phase5d_control_ablation/single_signal_ablation_results.csv,supplement_or_ablation_table,nq,bm25,P_ret,13,single_signal_ASR-Drop,0.38333333,,,,0.04000000,,seed-level value; all seeds retained
multi_signal_vs_single_signal,phase5_主实验与 ablation/phase5d_control_ablation/single_signal_ablation_results.csv,supplement_or_ablation_table,nq,bm25,P_ret,42,single_signal_ASR-Drop,0.44000000,,,,0.03333333,,seed-level value; all seeds retained
multi_signal_vs_single_signal,phase5_主实验与 ablation/phase5d_control_ablation/single_signal_ablation_results.csv,supplement_or_ablation_table,nq,bm25,P_ret,2026,single_signal_ASR-Drop,0.43333333,,,,0.05000000,,seed-level value; all seeds retained
multi_signal_vs_single_signal,phase5_主实验与 ablation/phase5d_control_ablation/single_signal_ablation_results.csv,supplement_or_ablation_table,nq,bm25,P_ret,mean±std,single_signal_ASR-Drop,,0.41888889,0.03097191,3,,,sample std across seeds; no seed filtering
multi_signal_vs_single_signal,phase5_主实验与 ablation/phase5d_control_ablation/single_signal_ablation_results.csv,supplement_or_ablation_table,nq,bm25,P_ret,13,multi_signal_ASR-Drop,0.04000000,,,,0.38333333,,seed-level value; all seeds retained
multi_signal_vs_single_signal,phase5_主实验与 ablation/phase5d_control_ablation/single_signal_ablation_results.csv,supplement_or_ablation_table,nq,bm25,P_ret,42,multi_signal_ASR-Drop,0.03333333,,,,0.44000000,,seed-level value; all seeds retained
multi_signal_vs_single_signal,phase5_主实验与 ablation/phase5d_control_ablation/single_signal_ablation_results.csv,supplement_or_ablation_table,nq,bm25,P_ret,2026,multi_signal_ASR-Drop,0.05000000,,,,0.43333333,,seed-level value; all seeds retained
multi_signal_vs_single_signal,phase5_主实验与 ablation/phase5d_control_ablation/single_signal_ablation_results.csv,supplement_or_ablation_table,nq,bm25,P_ret,mean±std,multi_signal_ASR-Drop,,0.04111111,0.00838870,3,,,sample std across seeds; no seed filtering
multi_signal_vs_single_signal,phase5_主实验与 ablation/phase5d_control_ablation/single_signal_ablation_results.csv,supplement_or_ablation_table,nq,bm25,P_ret,13,single_signal_FPR_clean,0.04020000,,,,0.04426667,,seed-level value; all seeds retained
multi_signal_vs_single_signal,phase5_主实验与 ablation/phase5d_control_ablation/single_signal_ablation_results.csv,supplement_or_ablation_table,nq,bm25,P_ret,42,single_signal_FPR_clean,0.04020000,,,,0.04426667,,seed-level value; all seeds retained
multi_signal_vs_single_signal,phase5_主实验与 ablation/phase5d_control_ablation/single_signal_ablation_results.csv,supplement_or_ablation_table,nq,bm25,P_ret,2026,single_signal_FPR_clean,0.04020000,,,,0.04426667,,seed-level value; all seeds retained
multi_signal_vs_single_signal,phase5_主实验与 ablation/phase5d_control_ablation/single_signal_ablation_results.csv,supplement_or_ablation_table,nq,bm25,P_ret,mean±std,single_signal_FPR_clean,,0.04020000,0.00000000,3,,,sample std across seeds; no seed filtering
multi_signal_vs_single_signal,phase5_主实验与 ablation/phase5d_control_ablation/single_signal_ablation_results.csv,supplement_or_ablation_table,nq,bm25,P_ret,13,multi_signal_FPR_clean,0.04426667,,,,0.04020000,,seed-level value; all seeds retained
multi_signal_vs_single_signal,phase5_主实验与 ablation/phase5d_control_ablation/single_signal_ablation_results.csv,supplement_or_ablation_table,nq,bm25,P_ret,42,multi_signal_FPR_clean,0.04426667,,,,0.04020000,,seed-level value; all seeds retained
multi_signal_vs_single_signal,phase5_主实验与 ablation/phase5d_control_ablation/single_signal_ablation_results.csv,supplement_or_ablation_table,nq,bm25,P_ret,2026,multi_signal_FPR_clean,0.04426667,,,,0.04020000,,seed-level value; all seeds retained
multi_signal_vs_single_signal,phase5_主实验与 ablation/phase5d_control_ablation/single_signal_ablation_results.csv,supplement_or_ablation_table,nq,bm25,P_ret,mean±std,multi_signal_FPR_clean,,0.04426667,0.00000000,3,,,sample std across seeds; no seed filtering
multi_signal_vs_single_signal,phase5_主实验与 ablation/phase5d_control_ablation/single_signal_ablation_results.csv,supplement_or_ablation_table,nq,bm25,P_ret,13,single_signal_TPR,0.96836669,,,,0.12911556,,seed-level value; all seeds retained
multi_signal_vs_single_signal,phase5_主实验与 ablation/phase5d_control_ablation/single_signal_ablation_results.csv,supplement_or_ablation_table,nq,bm25,P_ret,42,single_signal_TPR,0.96836669,,,,0.10974822,,seed-level value; all seeds retained
multi_signal_vs_single_signal,phase5_主实验与 ablation/phase5d_control_ablation/single_signal_ablation_results.csv,supplement_or_ablation_table,nq,bm25,P_ret,2026,single_signal_TPR,0.97087379,,,,0.11326861,,seed-level value; all seeds retained
multi_signal_vs_single_signal,phase5_主实验与 ablation/phase5d_control_ablation/single_signal_ablation_results.csv,supplement_or_ablation_table,nq,bm25,P_ret,mean±std,single_signal_TPR,,0.96920239,0.00144747,3,,,sample std across seeds; no seed filtering
multi_signal_vs_single_signal,phase5_主实验与 ablation/phase5d_control_ablation/single_signal_ablation_results.csv,supplement_or_ablation_table,nq,bm25,P_ret,13,multi_signal_TPR,0.12911556,,,,0.96836669,,seed-level value; all seeds retained
multi_signal_vs_single_signal,phase5_主实验与 ablation/phase5d_control_ablation/single_signal_ablation_results.csv,supplement_or_ablation_table,nq,bm25,P_ret,42,multi_signal_TPR,0.10974822,,,,0.96836669,,seed-level value; all seeds retained
multi_signal_vs_single_signal,phase5_主实验与 ablation/phase5d_control_ablation/single_signal_ablation_results.csv,supplement_or_ablation_table,nq,bm25,P_ret,2026,multi_signal_TPR,0.11326861,,,,0.97087379,,seed-level value; all seeds retained
multi_signal_vs_single_signal,phase5_主实验与 ablation/phase5d_control_ablation/single_signal_ablation_results.csv,supplement_or_ablation_table,nq,bm25,P_ret,mean±std,multi_signal_TPR,,0.11737746,0.01031675,3,,,sample std across seeds; no seed filtering
multi_signal_vs_single_signal,phase5_主实验与 ablation/phase5d_control_ablation/single_signal_ablation_results.csv,supplement_or_ablation_table,nq,bm25,P_ret,13,single_signal_Utility_Drop,0.01015137,,,,0.01353866,,seed-level value; all seeds retained
multi_signal_vs_single_signal,phase5_主实验与 ablation/phase5d_control_ablation/single_signal_ablation_results.csv,supplement_or_ablation_table,nq,bm25,P_ret,42,single_signal_Utility_Drop,0.01015137,,,,0.01353866,,seed-level value; all seeds retained
multi_signal_vs_single_signal,phase5_主实验与 ablation/phase5d_control_ablation/single_signal_ablation_results.csv,supplement_or_ablation_table,nq,bm25,P_ret,2026,single_signal_Utility_Drop,0.01015137,,,,0.01353866,,seed-level value; all seeds retained
multi_signal_vs_single_signal,phase5_主实验与 ablation/phase5d_control_ablation/single_signal_ablation_results.csv,supplement_or_ablation_table,nq,bm25,P_ret,mean±std,single_signal_Utility_Drop,,0.01015137,0.00000000,3,,,sample std across seeds; no seed filtering
multi_signal_vs_single_signal,phase5_主实验与 ablation/phase5d_control_ablation/single_signal_ablation_results.csv,supplement_or_ablation_table,nq,bm25,P_ret,13,multi_signal_Utility_Drop,0.01353866,,,,0.01015137,,seed-level value; all seeds retained
multi_signal_vs_single_signal,phase5_主实验与 ablation/phase5d_control_ablation/single_signal_ablation_results.csv,supplement_or_ablation_table,nq,bm25,P_ret,42,multi_signal_Utility_Drop,0.01353866,,,,0.01015137,,seed-level value; all seeds retained
multi_signal_vs_single_signal,phase5_主实验与 ablation/phase5d_control_ablation/single_signal_ablation_results.csv,supplement_or_ablation_table,nq,bm25,P_ret,2026,multi_signal_Utility_Drop,0.01353866,,,,0.01015137,,seed-level value; all seeds retained
multi_signal_vs_single_signal,phase5_主实验与 ablation/phase5d_control_ablation/single_signal_ablation_results.csv,supplement_or_ablation_table,nq,bm25,P_ret,mean±std,multi_signal_Utility_Drop,,0.01353866,0.00000000,3,,,sample std across seeds; no seed filtering
multi_signal_vs_random_matched_block,phase5_主实验与 ablation/phase5d_control_ablation/random_gate_matched_results.csv,supplement_or_ablation_table,hotpotqa,bge_dense,P_gen,13,random_ASR-Drop,0.10333333,,,,0.44333333,,seed-level value; all seeds retained
multi_signal_vs_random_matched_block,phase5_主实验与 ablation/phase5d_control_ablation/random_gate_matched_results.csv,supplement_or_ablation_table,hotpotqa,bge_dense,P_gen,42,random_ASR-Drop,0.03000000,,,,0.44666667,,seed-level value; all seeds retained
multi_signal_vs_random_matched_block,phase5_主实验与 ablation/phase5d_control_ablation/random_gate_matched_results.csv,supplement_or_ablation_table,hotpotqa,bge_dense,P_gen,2026,random_ASR-Drop,0.06333333,,,,0.46333333,,seed-level value; all seeds retained
multi_signal_vs_random_matched_block,phase5_主实验与 ablation/phase5d_control_ablation/random_gate_matched_results.csv,supplement_or_ablation_table,hotpotqa,bge_dense,P_gen,mean±std,random_ASR-Drop,,0.06555556,0.03671714,3,,,sample std across seeds; no seed filtering
multi_signal_vs_random_matched_block,phase5_主实验与 ablation/phase5d_control_ablation/random_gate_matched_results.csv,supplement_or_ablation_table,hotpotqa,bge_dense,P_gen,13,multi_signal_ASR-Drop,0.44333333,,,,0.10333333,,seed-level value; all seeds retained
multi_signal_vs_random_matched_block,phase5_主实验与 ablation/phase5d_control_ablation/random_gate_matched_results.csv,supplement_or_ablation_table,hotpotqa,bge_dense,P_gen,42,multi_signal_ASR-Drop,0.44666667,,,,0.03000000,,seed-level value; all seeds retained
multi_signal_vs_random_matched_block,phase5_主实验与 ablation/phase5d_control_ablation/random_gate_matched_results.csv,supplement_or_ablation_table,hotpotqa,bge_dense,P_gen,2026,multi_signal_ASR-Drop,0.46333333,,,,0.06333333,,seed-level value; all seeds retained
multi_signal_vs_random_matched_block,phase5_主实验与 ablation/phase5d_control_ablation/random_gate_matched_results.csv,supplement_or_ablation_table,hotpotqa,bge_dense,P_gen,mean±std,multi_signal_ASR-Drop,,0.45111111,0.01071517,3,,,sample std across seeds; no seed filtering
multi_signal_vs_random_matched_block,phase5_主实验与 ablation/phase5d_control_ablation/random_gate_matched_results.csv,supplement_or_ablation_table,hotpotqa,bge_dense,P_gen,13,random_FPR_clean,0.22918808,,,,0.22918808,,seed-level value; all seeds retained
multi_signal_vs_random_matched_block,phase5_主实验与 ablation/phase5d_control_ablation/random_gate_matched_results.csv,supplement_or_ablation_table,hotpotqa,bge_dense,P_gen,42,random_FPR_clean,0.22918808,,,,0.22918808,,seed-level value; all seeds retained
multi_signal_vs_random_matched_block,phase5_主实验与 ablation/phase5d_control_ablation/random_gate_matched_results.csv,supplement_or_ablation_table,hotpotqa,bge_dense,P_gen,2026,random_FPR_clean,0.22918808,,,,0.22918808,,seed-level value; all seeds retained
multi_signal_vs_random_matched_block,phase5_主实验与 ablation/phase5d_control_ablation/random_gate_matched_results.csv,supplement_or_ablation_table,hotpotqa,bge_dense,P_gen,mean±std,random_FPR_clean,,0.22918808,0.00000000,3,,,sample std across seeds; no seed filtering
multi_signal_vs_random_matched_block,phase5_主实验与 ablation/phase5d_control_ablation/random_gate_matched_results.csv,supplement_or_ablation_table,hotpotqa,bge_dense,P_gen,13,multi_signal_FPR_clean,0.22918808,,,,0.22918808,,seed-level value; all seeds retained
multi_signal_vs_random_matched_block,phase5_主实验与 ablation/phase5d_control_ablation/random_gate_matched_results.csv,supplement_or_ablation_table,hotpotqa,bge_dense,P_gen,42,multi_signal_FPR_clean,0.22918808,,,,0.22918808,,seed-level value; all seeds retained
multi_signal_vs_random_matched_block,phase5_主实验与 ablation/phase5d_control_ablation/random_gate_matched_results.csv,supplement_or_ablation_table,hotpotqa,bge_dense,P_gen,2026,multi_signal_FPR_clean,0.22918808,,,,0.22918808,,seed-level value; all seeds retained
multi_signal_vs_random_matched_block,phase5_主实验与 ablation/phase5d_control_ablation/random_gate_matched_results.csv,supplement_or_ablation_table,hotpotqa,bge_dense,P_gen,mean±std,multi_signal_FPR_clean,,0.22918808,0.00000000,3,,,sample std across seeds; no seed filtering
multi_signal_vs_random_matched_block,phase5_主实验与 ablation/phase5d_control_ablation/random_gate_matched_results.csv,supplement_or_ablation_table,hotpotqa,bge_dense,P_gen,13,random_TPR,0.54959239,,,,0.97486413,,seed-level value; all seeds retained
multi_signal_vs_random_matched_block,phase5_主实验与 ablation/phase5d_control_ablation/random_gate_matched_results.csv,supplement_or_ablation_table,hotpotqa,bge_dense,P_gen,42,random_TPR,0.55622896,,,,0.96969697,,seed-level value; all seeds retained
multi_signal_vs_random_matched_block,phase5_主实验与 ablation/phase5d_control_ablation/random_gate_matched_results.csv,supplement_or_ablation_table,hotpotqa,bge_dense,P_gen,2026,random_TPR,0.53070761,,,,0.95794393,,seed-level value; all seeds retained
multi_signal_vs_random_matched_block,phase5_主实验与 ablation/phase5d_control_ablation/random_gate_matched_results.csv,supplement_or_ablation_table,hotpotqa,bge_dense,P_gen,mean±std,random_TPR,,0.54550965,0.01324146,3,,,sample std across seeds; no seed filtering
multi_signal_vs_random_matched_block,phase5_主实验与 ablation/phase5d_control_ablation/random_gate_matched_results.csv,supplement_or_ablation_table,hotpotqa,bge_dense,P_gen,13,multi_signal_TPR,0.97486413,,,,0.54959239,,seed-level value; all seeds retained
multi_signal_vs_random_matched_block,phase5_主实验与 ablation/phase5d_control_ablation/random_gate_matched_results.csv,supplement_or_ablation_table,hotpotqa,bge_dense,P_gen,42,multi_signal_TPR,0.96969697,,,,0.55622896,,seed-level value; all seeds retained
multi_signal_vs_random_matched_block,phase5_主实验与 ablation/phase5d_control_ablation/random_gate_matched_results.csv,supplement_or_ablation_table,hotpotqa,bge_dense,P_gen,2026,multi_signal_TPR,0.95794393,,,,0.53070761,,seed-level value; all seeds retained
multi_signal_vs_random_matched_block,phase5_主实验与 ablation/phase5d_control_ablation/random_gate_matched_results.csv,supplement_or_ablation_table,hotpotqa,bge_dense,P_gen,mean±std,multi_signal_TPR,,0.96750168,0.00867109,3,,,sample std across seeds; no seed filtering
multi_signal_vs_random_matched_block,phase5_主实验与 ablation/phase5d_control_ablation/random_gate_matched_results.csv,supplement_or_ablation_table,hotpotqa,bge_dense,P_gen,13,random_Utility_Drop,0.00932374,,,,0.06026399,,seed-level value; all seeds retained
multi_signal_vs_random_matched_block,phase5_主实验与 ablation/phase5d_control_ablation/random_gate_matched_results.csv,supplement_or_ablation_table,hotpotqa,bge_dense,P_gen,42,random_Utility_Drop,0.02439989,,,,0.06026399,,seed-level value; all seeds retained
multi_signal_vs_random_matched_block,phase5_主实验与 ablation/phase5d_control_ablation/random_gate_matched_results.csv,supplement_or_ablation_table,hotpotqa,bge_dense,P_gen,2026,random_Utility_Drop,0.01573247,,,,0.06026399,,seed-level value; all seeds retained
multi_signal_vs_random_matched_block,phase5_主实验与 ablation/phase5d_control_ablation/random_gate_matched_results.csv,supplement_or_ablation_table,hotpotqa,bge_dense,P_gen,mean±std,random_Utility_Drop,,0.01648536,0.00756622,3,,,sample std across seeds; no seed filtering
multi_signal_vs_random_matched_block,phase5_主实验与 ablation/phase5d_control_ablation/random_gate_matched_results.csv,supplement_or_ablation_table,hotpotqa,bge_dense,P_gen,13,multi_signal_Utility_Drop,0.06026399,,,,0.00932374,,seed-level value; all seeds retained
multi_signal_vs_random_matched_block,phase5_主实验与 ablation/phase5d_control_ablation/random_gate_matched_results.csv,supplement_or_ablation_table,hotpotqa,bge_dense,P_gen,42,multi_signal_Utility_Drop,0.06026399,,,,0.02439989,,seed-level value; all seeds retained
multi_signal_vs_random_matched_block,phase5_主实验与 ablation/phase5d_control_ablation/random_gate_matched_results.csv,supplement_or_ablation_table,hotpotqa,bge_dense,P_gen,2026,multi_signal_Utility_Drop,0.06026399,,,,0.01573247,,seed-level value; all seeds retained
multi_signal_vs_random_matched_block,phase5_主实验与 ablation/phase5d_control_ablation/random_gate_matched_results.csv,supplement_or_ablation_table,hotpotqa,bge_dense,P_gen,mean±std,multi_signal_Utility_Drop,,0.06026399,0.00000000,3,,,sample std across seeds; no seed filtering
multi_signal_vs_random_matched_block,phase5_主实验与 ablation/phase5d_control_ablation/random_gate_matched_results.csv,supplement_or_ablation_table,hotpotqa,bge_dense,P_ret,13,random_ASR-Drop,0.03333333,,,,0.44333333,,seed-level value; all seeds retained
multi_signal_vs_random_matched_block,phase5_主实验与 ablation/phase5d_control_ablation/random_gate_matched_results.csv,supplement_or_ablation_table,hotpotqa,bge_dense,P_ret,42,random_ASR-Drop,0.02666667,,,,0.44666667,,seed-level value; all seeds retained
multi_signal_vs_random_matched_block,phase5_主实验与 ablation/phase5d_control_ablation/random_gate_matched_results.csv,supplement_or_ablation_table,hotpotqa,bge_dense,P_ret,2026,random_ASR-Drop,0.03333333,,,,0.46333333,,seed-level value; all seeds retained
multi_signal_vs_random_matched_block,phase5_主实验与 ablation/phase5d_control_ablation/random_gate_matched_results.csv,supplement_or_ablation_table,hotpotqa,bge_dense,P_ret,mean±std,random_ASR-Drop,,0.03111111,0.00384900,3,,,sample std across seeds; no seed filtering
multi_signal_vs_random_matched_block,phase5_主实验与 ablation/phase5d_control_ablation/random_gate_matched_results.csv,supplement_or_ablation_table,hotpotqa,bge_dense,P_ret,13,multi_signal_ASR-Drop,0.44333333,,,,0.03333333,,seed-level value; all seeds retained
multi_signal_vs_random_matched_block,phase5_主实验与 ablation/phase5d_control_ablation/random_gate_matched_results.csv,supplement_or_ablation_table,hotpotqa,bge_dense,P_ret,42,multi_signal_ASR-Drop,0.44666667,,,,0.02666667,,seed-level value; all seeds retained
multi_signal_vs_random_matched_block,phase5_主实验与 ablation/phase5d_control_ablation/random_gate_matched_results.csv,supplement_or_ablation_table,hotpotqa,bge_dense,P_ret,2026,multi_signal_ASR-Drop,0.46333333,,,,0.03333333,,seed-level value; all seeds retained
multi_signal_vs_random_matched_block,phase5_主实验与 ablation/phase5d_control_ablation/random_gate_matched_results.csv,supplement_or_ablation_table,hotpotqa,bge_dense,P_ret,mean±std,multi_signal_ASR-Drop,,0.45111111,0.01071517,3,,,sample std across seeds; no seed filtering
multi_signal_vs_random_matched_block,phase5_主实验与 ablation/phase5d_control_ablation/random_gate_matched_results.csv,supplement_or_ablation_table,hotpotqa,bge_dense,P_ret,13,random_FPR_clean,0.05146667,,,,0.05146667,,seed-level value; all seeds retained
multi_signal_vs_random_matched_block,phase5_主实验与 ablation/phase5d_control_ablation/random_gate_matched_results.csv,supplement_or_ablation_table,hotpotqa,bge_dense,P_ret,42,random_FPR_clean,0.05146667,,,,0.05146667,,seed-level value; all seeds retained
multi_signal_vs_random_matched_block,phase5_主实验与 ablation/phase5d_control_ablation/random_gate_matched_results.csv,supplement_or_ablation_table,hotpotqa,bge_dense,P_ret,2026,random_FPR_clean,0.05146667,,,,0.05146667,,seed-level value; all seeds retained
multi_signal_vs_random_matched_block,phase5_主实验与 ablation/phase5d_control_ablation/random_gate_matched_results.csv,supplement_or_ablation_table,hotpotqa,bge_dense,P_ret,mean±std,random_FPR_clean,,0.05146667,0.00000000,3,,,sample std across seeds; no seed filtering
multi_signal_vs_random_matched_block,phase5_主实验与 ablation/phase5d_control_ablation/random_gate_matched_results.csv,supplement_or_ablation_table,hotpotqa,bge_dense,P_ret,13,multi_signal_FPR_clean,0.05146667,,,,0.05146667,,seed-level value; all seeds retained
multi_signal_vs_random_matched_block,phase5_主实验与 ablation/phase5d_control_ablation/random_gate_matched_results.csv,supplement_or_ablation_table,hotpotqa,bge_dense,P_ret,42,multi_signal_FPR_clean,0.05146667,,,,0.05146667,,seed-level value; all seeds retained
multi_signal_vs_random_matched_block,phase5_主实验与 ablation/phase5d_control_ablation/random_gate_matched_results.csv,supplement_or_ablation_table,hotpotqa,bge_dense,P_ret,2026,multi_signal_FPR_clean,0.05146667,,,,0.05146667,,seed-level value; all seeds retained
multi_signal_vs_random_matched_block,phase5_主实验与 ablation/phase5d_control_ablation/random_gate_matched_results.csv,supplement_or_ablation_table,hotpotqa,bge_dense,P_ret,mean±std,multi_signal_FPR_clean,,0.05146667,0.00000000,3,,,sample std across seeds; no seed filtering
multi_signal_vs_random_matched_block,phase5_主实验与 ablation/phase5d_control_ablation/random_gate_matched_results.csv,supplement_or_ablation_table,hotpotqa,bge_dense,P_ret,13,random_TPR,0.15473441,,,,0.84872979,,seed-level value; all seeds retained
multi_signal_vs_random_matched_block,phase5_主实验与 ablation/phase5d_control_ablation/random_gate_matched_results.csv,supplement_or_ablation_table,hotpotqa,bge_dense,P_ret,42,random_TPR,0.13757817,,,,0.83001706,,seed-level value; all seeds retained
multi_signal_vs_random_matched_block,phase5_主实验与 ablation/phase5d_control_ablation/random_gate_matched_results.csv,supplement_or_ablation_table,hotpotqa,bge_dense,P_ret,2026,random_TPR,0.14636935,,,,0.82904517,,seed-level value; all seeds retained
multi_signal_vs_random_matched_block,phase5_主实验与 ablation/phase5d_control_ablation/random_gate_matched_results.csv,supplement_or_ablation_table,hotpotqa,bge_dense,P_ret,mean±std,random_TPR,,0.14622731,0.00857900,3,,,sample std across seeds; no seed filtering
multi_signal_vs_random_matched_block,phase5_主实验与 ablation/phase5d_control_ablation/random_gate_matched_results.csv,supplement_or_ablation_table,hotpotqa,bge_dense,P_ret,13,multi_signal_TPR,0.84872979,,,,0.15473441,,seed-level value; all seeds retained
multi_signal_vs_random_matched_block,phase5_主实验与 ablation/phase5d_control_ablation/random_gate_matched_results.csv,supplement_or_ablation_table,hotpotqa,bge_dense,P_ret,42,multi_signal_TPR,0.83001706,,,,0.13757817,,seed-level value; all seeds retained
multi_signal_vs_random_matched_block,phase5_主实验与 ablation/phase5d_control_ablation/random_gate_matched_results.csv,supplement_or_ablation_table,hotpotqa,bge_dense,P_ret,2026,multi_signal_TPR,0.82904517,,,,0.14636935,,seed-level value; all seeds retained
multi_signal_vs_random_matched_block,phase5_主实验与 ablation/phase5d_control_ablation/random_gate_matched_results.csv,supplement_or_ablation_table,hotpotqa,bge_dense,P_ret,mean±std,multi_signal_TPR,,0.83593067,0.01109501,3,,,sample std across seeds; no seed filtering
multi_signal_vs_random_matched_block,phase5_主实验与 ablation/phase5d_control_ablation/random_gate_matched_results.csv,supplement_or_ablation_table,hotpotqa,bge_dense,P_ret,13,random_Utility_Drop,0.00509527,,,,0.06026399,,seed-level value; all seeds retained
multi_signal_vs_random_matched_block,phase5_主实验与 ablation/phase5d_control_ablation/random_gate_matched_results.csv,supplement_or_ablation_table,hotpotqa,bge_dense,P_ret,42,random_Utility_Drop,0.00084213,,,,0.06026399,,seed-level value; all seeds retained
multi_signal_vs_random_matched_block,phase5_主实验与 ablation/phase5d_control_ablation/random_gate_matched_results.csv,supplement_or_ablation_table,hotpotqa,bge_dense,P_ret,2026,random_Utility_Drop,0.00186582,,,,0.06026399,,seed-level value; all seeds retained
multi_signal_vs_random_matched_block,phase5_主实验与 ablation/phase5d_control_ablation/random_gate_matched_results.csv,supplement_or_ablation_table,hotpotqa,bge_dense,P_ret,mean±std,random_Utility_Drop,,0.00260107,0.00221986,3,,,sample std across seeds; no seed filtering
multi_signal_vs_random_matched_block,phase5_主实验与 ablation/phase5d_control_ablation/random_gate_matched_results.csv,supplement_or_ablation_table,hotpotqa,bge_dense,P_ret,13,multi_signal_Utility_Drop,0.06026399,,,,0.00509527,,seed-level value; all seeds retained
multi_signal_vs_random_matched_block,phase5_主实验与 ablation/phase5d_control_ablation/random_gate_matched_results.csv,supplement_or_ablation_table,hotpotqa,bge_dense,P_ret,42,multi_signal_Utility_Drop,0.06026399,,,,0.00084213,,seed-level value; all seeds retained
multi_signal_vs_random_matched_block,phase5_主实验与 ablation/phase5d_control_ablation/random_gate_matched_results.csv,supplement_or_ablation_table,hotpotqa,bge_dense,P_ret,2026,multi_signal_Utility_Drop,0.06026399,,,,0.00186582,,seed-level value; all seeds retained
multi_signal_vs_random_matched_block,phase5_主实验与 ablation/phase5d_control_ablation/random_gate_matched_results.csv,supplement_or_ablation_table,hotpotqa,bge_dense,P_ret,mean±std,multi_signal_Utility_Drop,,0.06026399,0.00000000,3,,,sample std across seeds; no seed filtering
multi_signal_vs_random_matched_block,phase5_主实验与 ablation/phase5d_control_ablation/random_gate_matched_results.csv,supplement_or_ablation_table,hotpotqa,bm25,P_gen,13,random_ASR-Drop,0.07000000,,,,0.46000000,,seed-level value; all seeds retained
multi_signal_vs_random_matched_block,phase5_主实验与 ablation/phase5d_control_ablation/random_gate_matched_results.csv,supplement_or_ablation_table,hotpotqa,bm25,P_gen,42,random_ASR-Drop,0.06333333,,,,0.46000000,,seed-level value; all seeds retained
multi_signal_vs_random_matched_block,phase5_主实验与 ablation/phase5d_control_ablation/random_gate_matched_results.csv,supplement_or_ablation_table,hotpotqa,bm25,P_gen,2026,random_ASR-Drop,0.07000000,,,,0.48000000,,seed-level value; all seeds retained
multi_signal_vs_random_matched_block,phase5_主实验与 ablation/phase5d_control_ablation/random_gate_matched_results.csv,supplement_or_ablation_table,hotpotqa,bm25,P_gen,mean±std,random_ASR-Drop,,0.06777778,0.00384900,3,,,sample std across seeds; no seed filtering
multi_signal_vs_random_matched_block,phase5_主实验与 ablation/phase5d_control_ablation/random_gate_matched_results.csv,supplement_or_ablation_table,hotpotqa,bm25,P_gen,13,multi_signal_ASR-Drop,0.46000000,,,,0.07000000,,seed-level value; all seeds retained
multi_signal_vs_random_matched_block,phase5_主实验与 ablation/phase5d_control_ablation/random_gate_matched_results.csv,supplement_or_ablation_table,hotpotqa,bm25,P_gen,42,multi_signal_ASR-Drop,0.46000000,,,,0.06333333,,seed-level value; all seeds retained
multi_signal_vs_random_matched_block,phase5_主实验与 ablation/phase5d_control_ablation/random_gate_matched_results.csv,supplement_or_ablation_table,hotpotqa,bm25,P_gen,2026,multi_signal_ASR-Drop,0.48000000,,,,0.07000000,,seed-level value; all seeds retained
multi_signal_vs_random_matched_block,phase5_主实验与 ablation/phase5d_control_ablation/random_gate_matched_results.csv,supplement_or_ablation_table,hotpotqa,bm25,P_gen,mean±std,multi_signal_ASR-Drop,,0.46666667,0.01154701,3,,,sample std across seeds; no seed filtering
multi_signal_vs_random_matched_block,phase5_主实验与 ablation/phase5d_control_ablation/random_gate_matched_results.csv,supplement_or_ablation_table,hotpotqa,bm25,P_gen,13,random_FPR_clean,0.19700214,,,,0.19700214,,seed-level value; all seeds retained
multi_signal_vs_random_matched_block,phase5_主实验与 ablation/phase5d_control_ablation/random_gate_matched_results.csv,supplement_or_ablation_table,hotpotqa,bm25,P_gen,42,random_FPR_clean,0.19700214,,,,0.19700214,,seed-level value; all seeds retained
multi_signal_vs_random_matched_block,phase5_主实验与 ablation/phase5d_control_ablation/random_gate_matched_results.csv,supplement_or_ablation_table,hotpotqa,bm25,P_gen,2026,random_FPR_clean,0.19700214,,,,0.19700214,,seed-level value; all seeds retained
multi_signal_vs_random_matched_block,phase5_主实验与 ablation/phase5d_control_ablation/random_gate_matched_results.csv,supplement_or_ablation_table,hotpotqa,bm25,P_gen,mean±std,random_FPR_clean,,0.19700214,0.00000000,3,,,sample std across seeds; no seed filtering
multi_signal_vs_random_matched_block,phase5_主实验与 ablation/phase5d_control_ablation/random_gate_matched_results.csv,supplement_or_ablation_table,hotpotqa,bm25,P_gen,13,multi_signal_FPR_clean,0.19700214,,,,0.19700214,,seed-level value; all seeds retained
multi_signal_vs_random_matched_block,phase5_主实验与 ablation/phase5d_control_ablation/random_gate_matched_results.csv,supplement_or_ablation_table,hotpotqa,bm25,P_gen,42,multi_signal_FPR_clean,0.19700214,,,,0.19700214,,seed-level value; all seeds retained
multi_signal_vs_random_matched_block,phase5_主实验与 ablation/phase5d_control_ablation/random_gate_matched_results.csv,supplement_or_ablation_table,hotpotqa,bm25,P_gen,2026,multi_signal_FPR_clean,0.19700214,,,,0.19700214,,seed-level value; all seeds retained
multi_signal_vs_random_matched_block,phase5_主实验与 ablation/phase5d_control_ablation/random_gate_matched_results.csv,supplement_or_ablation_table,hotpotqa,bm25,P_gen,mean±std,multi_signal_FPR_clean,,0.19700214,0.00000000,3,,,sample std across seeds; no seed filtering
multi_signal_vs_random_matched_block,phase5_主实验与 ablation/phase5d_control_ablation/random_gate_matched_results.csv,supplement_or_ablation_table,hotpotqa,bm25,P_gen,13,random_TPR,0.53780965,,,,0.97131682,,seed-level value; all seeds retained
multi_signal_vs_random_matched_block,phase5_主实验与 ablation/phase5d_control_ablation/random_gate_matched_results.csv,supplement_or_ablation_table,hotpotqa,bm25,P_gen,42,random_TPR,0.55339806,,,,0.97087379,,seed-level value; all seeds retained
multi_signal_vs_random_matched_block,phase5_主实验与 ablation/phase5d_control_ablation/random_gate_matched_results.csv,supplement_or_ablation_table,hotpotqa,bm25,P_gen,2026,random_TPR,0.53642811,,,,0.96389426,,seed-level value; all seeds retained
multi_signal_vs_random_matched_block,phase5_主实验与 ablation/phase5d_control_ablation/random_gate_matched_results.csv,supplement_or_ablation_table,hotpotqa,bm25,P_gen,mean±std,random_TPR,,0.54254527,0.00942414,3,,,sample std across seeds; no seed filtering
multi_signal_vs_random_matched_block,phase5_主实验与 ablation/phase5d_control_ablation/random_gate_matched_results.csv,supplement_or_ablation_table,hotpotqa,bm25,P_gen,13,multi_signal_TPR,0.97131682,,,,0.53780965,,seed-level value; all seeds retained
multi_signal_vs_random_matched_block,phase5_主实验与 ablation/phase5d_control_ablation/random_gate_matched_results.csv,supplement_or_ablation_table,hotpotqa,bm25,P_gen,42,multi_signal_TPR,0.97087379,,,,0.55339806,,seed-level value; all seeds retained
multi_signal_vs_random_matched_block,phase5_主实验与 ablation/phase5d_control_ablation/random_gate_matched_results.csv,supplement_or_ablation_table,hotpotqa,bm25,P_gen,2026,multi_signal_TPR,0.96389426,,,,0.53642811,,seed-level value; all seeds retained
multi_signal_vs_random_matched_block,phase5_主实验与 ablation/phase5d_control_ablation/random_gate_matched_results.csv,supplement_or_ablation_table,hotpotqa,bm25,P_gen,mean±std,multi_signal_TPR,,0.96869496,0.00416342,3,,,sample std across seeds; no seed filtering
multi_signal_vs_random_matched_block,phase5_主实验与 ablation/phase5d_control_ablation/random_gate_matched_results.csv,supplement_or_ablation_table,hotpotqa,bm25,P_gen,13,random_Utility_Drop,0.01738774,,,,0.05155533,,seed-level value; all seeds retained
multi_signal_vs_random_matched_block,phase5_主实验与 ablation/phase5d_control_ablation/random_gate_matched_results.csv,supplement_or_ablation_table,hotpotqa,bm25,P_gen,42,random_Utility_Drop,0.01792959,,,,0.05155533,,seed-level value; all seeds retained
multi_signal_vs_random_matched_block,phase5_主实验与 ablation/phase5d_control_ablation/random_gate_matched_results.csv,supplement_or_ablation_table,hotpotqa,bm25,P_gen,2026,random_Utility_Drop,0.01743168,,,,0.05155533,,seed-level value; all seeds retained
multi_signal_vs_random_matched_block,phase5_主实验与 ablation/phase5d_control_ablation/random_gate_matched_results.csv,supplement_or_ablation_table,hotpotqa,bm25,P_gen,mean±std,random_Utility_Drop,,0.01758300,0.00030096,3,,,sample std across seeds; no seed filtering
multi_signal_vs_random_matched_block,phase5_主实验与 ablation/phase5d_control_ablation/random_gate_matched_results.csv,supplement_or_ablation_table,hotpotqa,bm25,P_gen,13,multi_signal_Utility_Drop,0.05155533,,,,0.01738774,,seed-level value; all seeds retained
multi_signal_vs_random_matched_block,phase5_主实验与 ablation/phase5d_control_ablation/random_gate_matched_results.csv,supplement_or_ablation_table,hotpotqa,bm25,P_gen,42,multi_signal_Utility_Drop,0.05155533,,,,0.01792959,,seed-level value; all seeds retained
multi_signal_vs_random_matched_block,phase5_主实验与 ablation/phase5d_control_ablation/random_gate_matched_results.csv,supplement_or_ablation_table,hotpotqa,bm25,P_gen,2026,multi_signal_Utility_Drop,0.05155533,,,,0.01743168,,seed-level value; all seeds retained
multi_signal_vs_random_matched_block,phase5_主实验与 ablation/phase5d_control_ablation/random_gate_matched_results.csv,supplement_or_ablation_table,hotpotqa,bm25,P_gen,mean±std,multi_signal_Utility_Drop,,0.05155533,0.00000000,3,,,sample std across seeds; no seed filtering
multi_signal_vs_random_matched_block,phase5_主实验与 ablation/phase5d_control_ablation/random_gate_matched_results.csv,supplement_or_ablation_table,hotpotqa,bm25,P_ret,13,random_ASR-Drop,0.00333333,,,,0.46000000,,seed-level value; all seeds retained
multi_signal_vs_random_matched_block,phase5_主实验与 ablation/phase5d_control_ablation/random_gate_matched_results.csv,supplement_or_ablation_table,hotpotqa,bm25,P_ret,42,random_ASR-Drop,0.05000000,,,,0.46000000,,seed-level value; all seeds retained
multi_signal_vs_random_matched_block,phase5_主实验与 ablation/phase5d_control_ablation/random_gate_matched_results.csv,supplement_or_ablation_table,hotpotqa,bm25,P_ret,2026,random_ASR-Drop,0.01333333,,,,0.48000000,,seed-level value; all seeds retained
multi_signal_vs_random_matched_block,phase5_主实验与 ablation/phase5d_control_ablation/random_gate_matched_results.csv,supplement_or_ablation_table,hotpotqa,bm25,P_ret,mean±std,random_ASR-Drop,,0.02222222,0.02457038,3,,,sample std across seeds; no seed filtering
multi_signal_vs_random_matched_block,phase5_主实验与 ablation/phase5d_control_ablation/random_gate_matched_results.csv,supplement_or_ablation_table,hotpotqa,bm25,P_ret,13,multi_signal_ASR-Drop,0.46000000,,,,0.00333333,,seed-level value; all seeds retained
multi_signal_vs_random_matched_block,phase5_主实验与 ablation/phase5d_control_ablation/random_gate_matched_results.csv,supplement_or_ablation_table,hotpotqa,bm25,P_ret,42,multi_signal_ASR-Drop,0.46000000,,,,0.05000000,,seed-level value; all seeds retained
multi_signal_vs_random_matched_block,phase5_主实验与 ablation/phase5d_control_ablation/random_gate_matched_results.csv,supplement_or_ablation_table,hotpotqa,bm25,P_ret,2026,multi_signal_ASR-Drop,0.48000000,,,,0.01333333,,seed-level value; all seeds retained
multi_signal_vs_random_matched_block,phase5_主实验与 ablation/phase5d_control_ablation/random_gate_matched_results.csv,supplement_or_ablation_table,hotpotqa,bm25,P_ret,mean±std,multi_signal_ASR-Drop,,0.46666667,0.01154701,3,,,sample std across seeds; no seed filtering
multi_signal_vs_random_matched_block,phase5_主实验与 ablation/phase5d_control_ablation/random_gate_matched_results.csv,supplement_or_ablation_table,hotpotqa,bm25,P_ret,13,random_FPR_clean,0.04780000,,,,0.04780000,,seed-level value; all seeds retained
multi_signal_vs_random_matched_block,phase5_主实验与 ablation/phase5d_control_ablation/random_gate_matched_results.csv,supplement_or_ablation_table,hotpotqa,bm25,P_ret,42,random_FPR_clean,0.04780000,,,,0.04780000,,seed-level value; all seeds retained
multi_signal_vs_random_matched_block,phase5_主实验与 ablation/phase5d_control_ablation/random_gate_matched_results.csv,supplement_or_ablation_table,hotpotqa,bm25,P_ret,2026,random_FPR_clean,0.04780000,,,,0.04780000,,seed-level value; all seeds retained
multi_signal_vs_random_matched_block,phase5_主实验与 ablation/phase5d_control_ablation/random_gate_matched_results.csv,supplement_or_ablation_table,hotpotqa,bm25,P_ret,mean±std,random_FPR_clean,,0.04780000,0.00000000,3,,,sample std across seeds; no seed filtering
multi_signal_vs_random_matched_block,phase5_主实验与 ablation/phase5d_control_ablation/random_gate_matched_results.csv,supplement_or_ablation_table,hotpotqa,bm25,P_ret,13,multi_signal_FPR_clean,0.04780000,,,,0.04780000,,seed-level value; all seeds retained
multi_signal_vs_random_matched_block,phase5_主实验与 ablation/phase5d_control_ablation/random_gate_matched_results.csv,supplement_or_ablation_table,hotpotqa,bm25,P_ret,42,multi_signal_FPR_clean,0.04780000,,,,0.04780000,,seed-level value; all seeds retained
multi_signal_vs_random_matched_block,phase5_主实验与 ablation/phase5d_control_ablation/random_gate_matched_results.csv,supplement_or_ablation_table,hotpotqa,bm25,P_ret,2026,multi_signal_FPR_clean,0.04780000,,,,0.04780000,,seed-level value; all seeds retained
multi_signal_vs_random_matched_block,phase5_主实验与 ablation/phase5d_control_ablation/random_gate_matched_results.csv,supplement_or_ablation_table,hotpotqa,bm25,P_ret,mean±std,multi_signal_FPR_clean,,0.04780000,0.00000000,3,,,sample std across seeds; no seed filtering
multi_signal_vs_random_matched_block,phase5_主实验与 ablation/phase5d_control_ablation/random_gate_matched_results.csv,supplement_or_ablation_table,hotpotqa,bm25,P_ret,13,random_TPR,0.13862782,,,,0.70488722,,seed-level value; all seeds retained
multi_signal_vs_random_matched_block,phase5_主实验与 ablation/phase5d_control_ablation/random_gate_matched_results.csv,supplement_or_ablation_table,hotpotqa,bm25,P_ret,42,random_TPR,0.14707260,,,,0.70257611,,seed-level value; all seeds retained
multi_signal_vs_random_matched_block,phase5_主实验与 ablation/phase5d_control_ablation/random_gate_matched_results.csv,supplement_or_ablation_table,hotpotqa,bm25,P_ret,2026,random_TPR,0.13959854,,,,0.68430657,,seed-level value; all seeds retained
multi_signal_vs_random_matched_block,phase5_主实验与 ablation/phase5d_control_ablation/random_gate_matched_results.csv,supplement_or_ablation_table,hotpotqa,bm25,P_ret,mean±std,random_TPR,,0.14176632,0.00462093,3,,,sample std across seeds; no seed filtering
multi_signal_vs_random_matched_block,phase5_主实验与 ablation/phase5d_control_ablation/random_gate_matched_results.csv,supplement_or_ablation_table,hotpotqa,bm25,P_ret,13,multi_signal_TPR,0.70488722,,,,0.13862782,,seed-level value; all seeds retained
multi_signal_vs_random_matched_block,phase5_主实验与 ablation/phase5d_control_ablation/random_gate_matched_results.csv,supplement_or_ablation_table,hotpotqa,bm25,P_ret,42,multi_signal_TPR,0.70257611,,,,0.14707260,,seed-level value; all seeds retained
multi_signal_vs_random_matched_block,phase5_主实验与 ablation/phase5d_control_ablation/random_gate_matched_results.csv,supplement_or_ablation_table,hotpotqa,bm25,P_ret,2026,multi_signal_TPR,0.68430657,,,,0.13959854,,seed-level value; all seeds retained
multi_signal_vs_random_matched_block,phase5_主实验与 ablation/phase5d_control_ablation/random_gate_matched_results.csv,supplement_or_ablation_table,hotpotqa,bm25,P_ret,mean±std,multi_signal_TPR,,0.69725663,0.01127446,3,,,sample std across seeds; no seed filtering
multi_signal_vs_random_matched_block,phase5_主实验与 ablation/phase5d_control_ablation/random_gate_matched_results.csv,supplement_or_ablation_table,hotpotqa,bm25,P_ret,13,random_Utility_Drop,0.00488870,,,,0.05155533,,seed-level value; all seeds retained
multi_signal_vs_random_matched_block,phase5_主实验与 ablation/phase5d_control_ablation/random_gate_matched_results.csv,supplement_or_ablation_table,hotpotqa,bm25,P_ret,42,random_Utility_Drop,0.00483864,,,,0.05155533,,seed-level value; all seeds retained
multi_signal_vs_random_matched_block,phase5_主实验与 ablation/phase5d_control_ablation/random_gate_matched_results.csv,supplement_or_ablation_table,hotpotqa,bm25,P_ret,2026,random_Utility_Drop,0.00962309,,,,0.05155533,,seed-level value; all seeds retained
multi_signal_vs_random_matched_block,phase5_主实验与 ablation/phase5d_control_ablation/random_gate_matched_results.csv,supplement_or_ablation_table,hotpotqa,bm25,P_ret,mean±std,random_Utility_Drop,,0.00645015,0.00274797,3,,,sample std across seeds; no seed filtering
multi_signal_vs_random_matched_block,phase5_主实验与 ablation/phase5d_control_ablation/random_gate_matched_results.csv,supplement_or_ablation_table,hotpotqa,bm25,P_ret,13,multi_signal_Utility_Drop,0.05155533,,,,0.00488870,,seed-level value; all seeds retained
multi_signal_vs_random_matched_block,phase5_主实验与 ablation/phase5d_control_ablation/random_gate_matched_results.csv,supplement_or_ablation_table,hotpotqa,bm25,P_ret,42,multi_signal_Utility_Drop,0.05155533,,,,0.00483864,,seed-level value; all seeds retained
multi_signal_vs_random_matched_block,phase5_主实验与 ablation/phase5d_control_ablation/random_gate_matched_results.csv,supplement_or_ablation_table,hotpotqa,bm25,P_ret,2026,multi_signal_Utility_Drop,0.05155533,,,,0.00962309,,seed-level value; all seeds retained
multi_signal_vs_random_matched_block,phase5_主实验与 ablation/phase5d_control_ablation/random_gate_matched_results.csv,supplement_or_ablation_table,hotpotqa,bm25,P_ret,mean±std,multi_signal_Utility_Drop,,0.05155533,0.00000000,3,,,sample std across seeds; no seed filtering
multi_signal_vs_random_matched_block,phase5_主实验与 ablation/phase5d_control_ablation/random_gate_matched_results.csv,supplement_or_ablation_table,nq,bge_dense,P_gen,13,random_ASR-Drop,0.00000000,,,,0.02000000,,seed-level value; all seeds retained
multi_signal_vs_random_matched_block,phase5_主实验与 ablation/phase5d_control_ablation/random_gate_matched_results.csv,supplement_or_ablation_table,nq,bge_dense,P_gen,42,random_ASR-Drop,0.01000000,,,,0.03666667,,seed-level value; all seeds retained
multi_signal_vs_random_matched_block,phase5_主实验与 ablation/phase5d_control_ablation/random_gate_matched_results.csv,supplement_or_ablation_table,nq,bge_dense,P_gen,2026,random_ASR-Drop,0.01666667,,,,0.04333333,,seed-level value; all seeds retained
multi_signal_vs_random_matched_block,phase5_主实验与 ablation/phase5d_control_ablation/random_gate_matched_results.csv,supplement_or_ablation_table,nq,bge_dense,P_gen,mean±std,random_ASR-Drop,,0.00888889,0.00838870,3,,,sample std across seeds; no seed filtering
multi_signal_vs_random_matched_block,phase5_主实验与 ablation/phase5d_control_ablation/random_gate_matched_results.csv,supplement_or_ablation_table,nq,bge_dense,P_gen,13,multi_signal_ASR-Drop,0.02000000,,,,0.00000000,,seed-level value; all seeds retained
multi_signal_vs_random_matched_block,phase5_主实验与 ablation/phase5d_control_ablation/random_gate_matched_results.csv,supplement_or_ablation_table,nq,bge_dense,P_gen,42,multi_signal_ASR-Drop,0.03666667,,,,0.01000000,,seed-level value; all seeds retained
multi_signal_vs_random_matched_block,phase5_主实验与 ablation/phase5d_control_ablation/random_gate_matched_results.csv,supplement_or_ablation_table,nq,bge_dense,P_gen,2026,multi_signal_ASR-Drop,0.04333333,,,,0.01666667,,seed-level value; all seeds retained
multi_signal_vs_random_matched_block,phase5_主实验与 ablation/phase5d_control_ablation/random_gate_matched_results.csv,supplement_or_ablation_table,nq,bge_dense,P_gen,mean±std,multi_signal_ASR-Drop,,0.03333333,0.01201850,3,,,sample std across seeds; no seed filtering
multi_signal_vs_random_matched_block,phase5_主实验与 ablation/phase5d_control_ablation/random_gate_matched_results.csv,supplement_or_ablation_table,nq,bge_dense,P_gen,13,random_FPR_clean,0.09200969,,,,0.09200969,,seed-level value; all seeds retained
multi_signal_vs_random_matched_block,phase5_主实验与 ablation/phase5d_control_ablation/random_gate_matched_results.csv,supplement_or_ablation_table,nq,bge_dense,P_gen,42,random_FPR_clean,0.09200969,,,,0.09200969,,seed-level value; all seeds retained
multi_signal_vs_random_matched_block,phase5_主实验与 ablation/phase5d_control_ablation/random_gate_matched_results.csv,supplement_or_ablation_table,nq,bge_dense,P_gen,2026,random_FPR_clean,0.09200969,,,,0.09200969,,seed-level value; all seeds retained
multi_signal_vs_random_matched_block,phase5_主实验与 ablation/phase5d_control_ablation/random_gate_matched_results.csv,supplement_or_ablation_table,nq,bge_dense,P_gen,mean±std,random_FPR_clean,,0.09200969,0.00000000,3,,,sample std across seeds; no seed filtering
multi_signal_vs_random_matched_block,phase5_主实验与 ablation/phase5d_control_ablation/random_gate_matched_results.csv,supplement_or_ablation_table,nq,bge_dense,P_gen,13,multi_signal_FPR_clean,0.09200969,,,,0.09200969,,seed-level value; all seeds retained
multi_signal_vs_random_matched_block,phase5_主实验与 ablation/phase5d_control_ablation/random_gate_matched_results.csv,supplement_or_ablation_table,nq,bge_dense,P_gen,42,multi_signal_FPR_clean,0.09200969,,,,0.09200969,,seed-level value; all seeds retained
multi_signal_vs_random_matched_block,phase5_主实验与 ablation/phase5d_control_ablation/random_gate_matched_results.csv,supplement_or_ablation_table,nq,bge_dense,P_gen,2026,multi_signal_FPR_clean,0.09200969,,,,0.09200969,,seed-level value; all seeds retained
multi_signal_vs_random_matched_block,phase5_主实验与 ablation/phase5d_control_ablation/random_gate_matched_results.csv,supplement_or_ablation_table,nq,bge_dense,P_gen,mean±std,multi_signal_FPR_clean,,0.09200969,0.00000000,3,,,sample std across seeds; no seed filtering
multi_signal_vs_random_matched_block,phase5_主实验与 ablation/phase5d_control_ablation/random_gate_matched_results.csv,supplement_or_ablation_table,nq,bge_dense,P_gen,13,random_TPR,0.12948207,,,,0.19920319,,seed-level value; all seeds retained
multi_signal_vs_random_matched_block,phase5_主实验与 ablation/phase5d_control_ablation/random_gate_matched_results.csv,supplement_or_ablation_table,nq,bge_dense,P_gen,42,random_TPR,0.12962963,,,,0.21043771,,seed-level value; all seeds retained
multi_signal_vs_random_matched_block,phase5_主实验与 ablation/phase5d_control_ablation/random_gate_matched_results.csv,supplement_or_ablation_table,nq,bge_dense,P_gen,2026,random_TPR,0.13068182,,,,0.19886364,,seed-level value; all seeds retained
multi_signal_vs_random_matched_block,phase5_主实验与 ablation/phase5d_control_ablation/random_gate_matched_results.csv,supplement_or_ablation_table,nq,bge_dense,P_gen,mean±std,random_TPR,,0.12993117,0.00065425,3,,,sample std across seeds; no seed filtering
multi_signal_vs_random_matched_block,phase5_主实验与 ablation/phase5d_control_ablation/random_gate_matched_results.csv,supplement_or_ablation_table,nq,bge_dense,P_gen,13,multi_signal_TPR,0.19920319,,,,0.12948207,,seed-level value; all seeds retained
multi_signal_vs_random_matched_block,phase5_主实验与 ablation/phase5d_control_ablation/random_gate_matched_results.csv,supplement_or_ablation_table,nq,bge_dense,P_gen,42,multi_signal_TPR,0.21043771,,,,0.12962963,,seed-level value; all seeds retained
multi_signal_vs_random_matched_block,phase5_主实验与 ablation/phase5d_control_ablation/random_gate_matched_results.csv,supplement_or_ablation_table,nq,bge_dense,P_gen,2026,multi_signal_TPR,0.19886364,,,,0.13068182,,seed-level value; all seeds retained
multi_signal_vs_random_matched_block,phase5_主实验与 ablation/phase5d_control_ablation/random_gate_matched_results.csv,supplement_or_ablation_table,nq,bge_dense,P_gen,mean±std,multi_signal_TPR,,0.20283484,0.00658646,3,,,sample std across seeds; no seed filtering
multi_signal_vs_random_matched_block,phase5_主实验与 ablation/phase5d_control_ablation/random_gate_matched_results.csv,supplement_or_ablation_table,nq,bge_dense,P_gen,13,random_Utility_Drop,0.00383197,,,,0.01294527,,seed-level value; all seeds retained
multi_signal_vs_random_matched_block,phase5_主实验与 ablation/phase5d_control_ablation/random_gate_matched_results.csv,supplement_or_ablation_table,nq,bge_dense,P_gen,42,random_Utility_Drop,0.00155287,,,,0.01294527,,seed-level value; all seeds retained
multi_signal_vs_random_matched_block,phase5_主实验与 ablation/phase5d_control_ablation/random_gate_matched_results.csv,supplement_or_ablation_table,nq,bge_dense,P_gen,2026,random_Utility_Drop,0.00667349,,,,0.01294527,,seed-level value; all seeds retained
multi_signal_vs_random_matched_block,phase5_主实验与 ablation/phase5d_control_ablation/random_gate_matched_results.csv,supplement_or_ablation_table,nq,bge_dense,P_gen,mean±std,random_Utility_Drop,,0.00401944,0.00256546,3,,,sample std across seeds; no seed filtering
multi_signal_vs_random_matched_block,phase5_主实验与 ablation/phase5d_control_ablation/random_gate_matched_results.csv,supplement_or_ablation_table,nq,bge_dense,P_gen,13,multi_signal_Utility_Drop,0.01294527,,,,0.00383197,,seed-level value; all seeds retained
multi_signal_vs_random_matched_block,phase5_主实验与 ablation/phase5d_control_ablation/random_gate_matched_results.csv,supplement_or_ablation_table,nq,bge_dense,P_gen,42,multi_signal_Utility_Drop,0.01294527,,,,0.00155287,,seed-level value; all seeds retained
multi_signal_vs_random_matched_block,phase5_主实验与 ablation/phase5d_control_ablation/random_gate_matched_results.csv,supplement_or_ablation_table,nq,bge_dense,P_gen,2026,multi_signal_Utility_Drop,0.01294527,,,,0.00667349,,seed-level value; all seeds retained
multi_signal_vs_random_matched_block,phase5_主实验与 ablation/phase5d_control_ablation/random_gate_matched_results.csv,supplement_or_ablation_table,nq,bge_dense,P_gen,mean±std,multi_signal_Utility_Drop,,0.01294527,0.00000000,3,,,sample std across seeds; no seed filtering
multi_signal_vs_random_matched_block,phase5_主实验与 ablation/phase5d_control_ablation/random_gate_matched_results.csv,supplement_or_ablation_table,nq,bge_dense,P_ret,13,random_ASR-Drop,0.01333333,,,,0.02000000,,seed-level value; all seeds retained
multi_signal_vs_random_matched_block,phase5_主实验与 ablation/phase5d_control_ablation/random_gate_matched_results.csv,supplement_or_ablation_table,nq,bge_dense,P_ret,42,random_ASR-Drop,-0.00333333,,,,0.03666667,,seed-level value; all seeds retained
multi_signal_vs_random_matched_block,phase5_主实验与 ablation/phase5d_control_ablation/random_gate_matched_results.csv,supplement_or_ablation_table,nq,bge_dense,P_ret,2026,random_ASR-Drop,-0.00666667,,,,0.04333333,,seed-level value; all seeds retained
multi_signal_vs_random_matched_block,phase5_主实验与 ablation/phase5d_control_ablation/random_gate_matched_results.csv,supplement_or_ablation_table,nq,bge_dense,P_ret,mean±std,random_ASR-Drop,,0.00111111,0.01071517,3,,,sample std across seeds; no seed filtering
multi_signal_vs_random_matched_block,phase5_主实验与 ablation/phase5d_control_ablation/random_gate_matched_results.csv,supplement_or_ablation_table,nq,bge_dense,P_ret,13,multi_signal_ASR-Drop,0.02000000,,,,0.01333333,,seed-level value; all seeds retained
multi_signal_vs_random_matched_block,phase5_主实验与 ablation/phase5d_control_ablation/random_gate_matched_results.csv,supplement_or_ablation_table,nq,bge_dense,P_ret,42,multi_signal_ASR-Drop,0.03666667,,,,-0.00333333,,seed-level value; all seeds retained
multi_signal_vs_random_matched_block,phase5_主实验与 ablation/phase5d_control_ablation/random_gate_matched_results.csv,supplement_or_ablation_table,nq,bge_dense,P_ret,2026,multi_signal_ASR-Drop,0.04333333,,,,-0.00666667,,seed-level value; all seeds retained
multi_signal_vs_random_matched_block,phase5_主实验与 ablation/phase5d_control_ablation/random_gate_matched_results.csv,supplement_or_ablation_table,nq,bge_dense,P_ret,mean±std,multi_signal_ASR-Drop,,0.03333333,0.01201850,3,,,sample std across seeds; no seed filtering
multi_signal_vs_random_matched_block,phase5_主实验与 ablation/phase5d_control_ablation/random_gate_matched_results.csv,supplement_or_ablation_table,nq,bge_dense,P_ret,13,random_FPR_clean,0.05046667,,,,0.05046667,,seed-level value; all seeds retained
multi_signal_vs_random_matched_block,phase5_主实验与 ablation/phase5d_control_ablation/random_gate_matched_results.csv,supplement_or_ablation_table,nq,bge_dense,P_ret,42,random_FPR_clean,0.05046667,,,,0.05046667,,seed-level value; all seeds retained
multi_signal_vs_random_matched_block,phase5_主实验与 ablation/phase5d_control_ablation/random_gate_matched_results.csv,supplement_or_ablation_table,nq,bge_dense,P_ret,2026,random_FPR_clean,0.05046667,,,,0.05046667,,seed-level value; all seeds retained
multi_signal_vs_random_matched_block,phase5_主实验与 ablation/phase5d_control_ablation/random_gate_matched_results.csv,supplement_or_ablation_table,nq,bge_dense,P_ret,mean±std,random_FPR_clean,,0.05046667,0.00000000,3,,,sample std across seeds; no seed filtering
multi_signal_vs_random_matched_block,phase5_主实验与 ablation/phase5d_control_ablation/random_gate_matched_results.csv,supplement_or_ablation_table,nq,bge_dense,P_ret,13,multi_signal_FPR_clean,0.05046667,,,,0.05046667,,seed-level value; all seeds retained
multi_signal_vs_random_matched_block,phase5_主实验与 ablation/phase5d_control_ablation/random_gate_matched_results.csv,supplement_or_ablation_table,nq,bge_dense,P_ret,42,multi_signal_FPR_clean,0.05046667,,,,0.05046667,,seed-level value; all seeds retained
multi_signal_vs_random_matched_block,phase5_主实验与 ablation/phase5d_control_ablation/random_gate_matched_results.csv,supplement_or_ablation_table,nq,bge_dense,P_ret,2026,multi_signal_FPR_clean,0.05046667,,,,0.05046667,,seed-level value; all seeds retained
multi_signal_vs_random_matched_block,phase5_主实验与 ablation/phase5d_control_ablation/random_gate_matched_results.csv,supplement_or_ablation_table,nq,bge_dense,P_ret,mean±std,multi_signal_FPR_clean,,0.05046667,0.00000000,3,,,sample std across seeds; no seed filtering
multi_signal_vs_random_matched_block,phase5_主实验与 ablation/phase5d_control_ablation/random_gate_matched_results.csv,supplement_or_ablation_table,nq,bge_dense,P_ret,13,random_TPR,0.06081081,,,,0.12837838,,seed-level value; all seeds retained
multi_signal_vs_random_matched_block,phase5_主实验与 ablation/phase5d_control_ablation/random_gate_matched_results.csv,supplement_or_ablation_table,nq,bge_dense,P_ret,42,random_TPR,0.05751015,,,,0.12178620,,seed-level value; all seeds retained
multi_signal_vs_random_matched_block,phase5_主实验与 ablation/phase5d_control_ablation/random_gate_matched_results.csv,supplement_or_ablation_table,nq,bge_dense,P_ret,2026,random_TPR,0.05351171,,,,0.10702341,,seed-level value; all seeds retained
multi_signal_vs_random_matched_block,phase5_主实验与 ablation/phase5d_control_ablation/random_gate_matched_results.csv,supplement_or_ablation_table,nq,bge_dense,P_ret,mean±std,random_TPR,,0.05727756,0.00365511,3,,,sample std across seeds; no seed filtering
multi_signal_vs_random_matched_block,phase5_主实验与 ablation/phase5d_control_ablation/random_gate_matched_results.csv,supplement_or_ablation_table,nq,bge_dense,P_ret,13,multi_signal_TPR,0.12837838,,,,0.06081081,,seed-level value; all seeds retained
multi_signal_vs_random_matched_block,phase5_主实验与 ablation/phase5d_control_ablation/random_gate_matched_results.csv,supplement_or_ablation_table,nq,bge_dense,P_ret,42,multi_signal_TPR,0.12178620,,,,0.05751015,,seed-level value; all seeds retained
multi_signal_vs_random_matched_block,phase5_主实验与 ablation/phase5d_control_ablation/random_gate_matched_results.csv,supplement_or_ablation_table,nq,bge_dense,P_ret,2026,multi_signal_TPR,0.10702341,,,,0.05351171,,seed-level value; all seeds retained
multi_signal_vs_random_matched_block,phase5_主实验与 ablation/phase5d_control_ablation/random_gate_matched_results.csv,supplement_or_ablation_table,nq,bge_dense,P_ret,mean±std,multi_signal_TPR,,0.11906266,0.01093489,3,,,sample std across seeds; no seed filtering
multi_signal_vs_random_matched_block,phase5_主实验与 ablation/phase5d_control_ablation/random_gate_matched_results.csv,supplement_or_ablation_table,nq,bge_dense,P_ret,13,random_Utility_Drop,-0.00070020,,,,0.01294527,,seed-level value; all seeds retained
multi_signal_vs_random_matched_block,phase5_主实验与 ablation/phase5d_control_ablation/random_gate_matched_results.csv,supplement_or_ablation_table,nq,bge_dense,P_ret,42,random_Utility_Drop,0.00326291,,,,0.01294527,,seed-level value; all seeds retained
multi_signal_vs_random_matched_block,phase5_主实验与 ablation/phase5d_control_ablation/random_gate_matched_results.csv,supplement_or_ablation_table,nq,bge_dense,P_ret,2026,random_Utility_Drop,0.00204410,,,,0.01294527,,seed-level value; all seeds retained
multi_signal_vs_random_matched_block,phase5_主实验与 ablation/phase5d_control_ablation/random_gate_matched_results.csv,supplement_or_ablation_table,nq,bge_dense,P_ret,mean±std,random_Utility_Drop,,0.00153560,0.00202990,3,,,sample std across seeds; no seed filtering
multi_signal_vs_random_matched_block,phase5_主实验与 ablation/phase5d_control_ablation/random_gate_matched_results.csv,supplement_or_ablation_table,nq,bge_dense,P_ret,13,multi_signal_Utility_Drop,0.01294527,,,,-0.00070020,,seed-level value; all seeds retained
multi_signal_vs_random_matched_block,phase5_主实验与 ablation/phase5d_control_ablation/random_gate_matched_results.csv,supplement_or_ablation_table,nq,bge_dense,P_ret,42,multi_signal_Utility_Drop,0.01294527,,,,0.00326291,,seed-level value; all seeds retained
multi_signal_vs_random_matched_block,phase5_主实验与 ablation/phase5d_control_ablation/random_gate_matched_results.csv,supplement_or_ablation_table,nq,bge_dense,P_ret,2026,multi_signal_Utility_Drop,0.01294527,,,,0.00204410,,seed-level value; all seeds retained
multi_signal_vs_random_matched_block,phase5_主实验与 ablation/phase5d_control_ablation/random_gate_matched_results.csv,supplement_or_ablation_table,nq,bge_dense,P_ret,mean±std,multi_signal_Utility_Drop,,0.01294527,0.00000000,3,,,sample std across seeds; no seed filtering
multi_signal_vs_random_matched_block,phase5_主实验与 ablation/phase5d_control_ablation/random_gate_matched_results.csv,supplement_or_ablation_table,nq,bm25,P_gen,13,random_ASR-Drop,0.00666667,,,,0.04000000,,seed-level value; all seeds retained
multi_signal_vs_random_matched_block,phase5_主实验与 ablation/phase5d_control_ablation/random_gate_matched_results.csv,supplement_or_ablation_table,nq,bm25,P_gen,42,random_ASR-Drop,0.00666667,,,,0.03333333,,seed-level value; all seeds retained
multi_signal_vs_random_matched_block,phase5_主实验与 ablation/phase5d_control_ablation/random_gate_matched_results.csv,supplement_or_ablation_table,nq,bm25,P_gen,2026,random_ASR-Drop,0.01333333,,,,0.05000000,,seed-level value; all seeds retained
multi_signal_vs_random_matched_block,phase5_主实验与 ablation/phase5d_control_ablation/random_gate_matched_results.csv,supplement_or_ablation_table,nq,bm25,P_gen,mean±std,random_ASR-Drop,,0.00888889,0.00384900,3,,,sample std across seeds; no seed filtering
multi_signal_vs_random_matched_block,phase5_主实验与 ablation/phase5d_control_ablation/random_gate_matched_results.csv,supplement_or_ablation_table,nq,bm25,P_gen,13,multi_signal_ASR-Drop,0.04000000,,,,0.00666667,,seed-level value; all seeds retained
multi_signal_vs_random_matched_block,phase5_主实验与 ablation/phase5d_control_ablation/random_gate_matched_results.csv,supplement_or_ablation_table,nq,bm25,P_gen,42,multi_signal_ASR-Drop,0.03333333,,,,0.00666667,,seed-level value; all seeds retained
multi_signal_vs_random_matched_block,phase5_主实验与 ablation/phase5d_control_ablation/random_gate_matched_results.csv,supplement_or_ablation_table,nq,bm25,P_gen,2026,multi_signal_ASR-Drop,0.05000000,,,,0.01333333,,seed-level value; all seeds retained
multi_signal_vs_random_matched_block,phase5_主实验与 ablation/phase5d_control_ablation/random_gate_matched_results.csv,supplement_or_ablation_table,nq,bm25,P_gen,mean±std,multi_signal_ASR-Drop,,0.04111111,0.00838870,3,,,sample std across seeds; no seed filtering
multi_signal_vs_random_matched_block,phase5_主实验与 ablation/phase5d_control_ablation/random_gate_matched_results.csv,supplement_or_ablation_table,nq,bm25,P_gen,13,random_FPR_clean,0.08925319,,,,0.08925319,,seed-level value; all seeds retained
multi_signal_vs_random_matched_block,phase5_主实验与 ablation/phase5d_control_ablation/random_gate_matched_results.csv,supplement_or_ablation_table,nq,bm25,P_gen,42,random_FPR_clean,0.08925319,,,,0.08925319,,seed-level value; all seeds retained
multi_signal_vs_random_matched_block,phase5_主实验与 ablation/phase5d_control_ablation/random_gate_matched_results.csv,supplement_or_ablation_table,nq,bm25,P_gen,2026,random_FPR_clean,0.08925319,,,,0.08925319,,seed-level value; all seeds retained
multi_signal_vs_random_matched_block,phase5_主实验与 ablation/phase5d_control_ablation/random_gate_matched_results.csv,supplement_or_ablation_table,nq,bm25,P_gen,mean±std,random_FPR_clean,,0.08925319,0.00000000,3,,,sample std across seeds; no seed filtering
multi_signal_vs_random_matched_block,phase5_主实验与 ablation/phase5d_control_ablation/random_gate_matched_results.csv,supplement_or_ablation_table,nq,bm25,P_gen,13,multi_signal_FPR_clean,0.08925319,,,,0.08925319,,seed-level value; all seeds retained
multi_signal_vs_random_matched_block,phase5_主实验与 ablation/phase5d_control_ablation/random_gate_matched_results.csv,supplement_or_ablation_table,nq,bm25,P_gen,42,multi_signal_FPR_clean,0.08925319,,,,0.08925319,,seed-level value; all seeds retained
multi_signal_vs_random_matched_block,phase5_主实验与 ablation/phase5d_control_ablation/random_gate_matched_results.csv,supplement_or_ablation_table,nq,bm25,P_gen,2026,multi_signal_FPR_clean,0.08925319,,,,0.08925319,,seed-level value; all seeds retained
multi_signal_vs_random_matched_block,phase5_主实验与 ablation/phase5d_control_ablation/random_gate_matched_results.csv,supplement_or_ablation_table,nq,bm25,P_gen,mean±std,multi_signal_FPR_clean,,0.08925319,0.00000000,3,,,sample std across seeds; no seed filtering
multi_signal_vs_random_matched_block,phase5_主实验与 ablation/phase5d_control_ablation/random_gate_matched_results.csv,supplement_or_ablation_table,nq,bm25,P_gen,13,random_TPR,0.09342561,,,,0.17301038,,seed-level value; all seeds retained
multi_signal_vs_random_matched_block,phase5_主实验与 ablation/phase5d_control_ablation/random_gate_matched_results.csv,supplement_or_ablation_table,nq,bm25,P_gen,42,random_TPR,0.08972973,,,,0.14054054,,seed-level value; all seeds retained
multi_signal_vs_random_matched_block,phase5_主实验与 ablation/phase5d_control_ablation/random_gate_matched_results.csv,supplement_or_ablation_table,nq,bm25,P_gen,2026,random_TPR,0.09897611,,,,0.16496018,,seed-level value; all seeds retained
multi_signal_vs_random_matched_block,phase5_主实验与 ablation/phase5d_control_ablation/random_gate_matched_results.csv,supplement_or_ablation_table,nq,bm25,P_gen,mean±std,random_TPR,,0.09404381,0.00465409,3,,,sample std across seeds; no seed filtering
multi_signal_vs_random_matched_block,phase5_主实验与 ablation/phase5d_control_ablation/random_gate_matched_results.csv,supplement_or_ablation_table,nq,bm25,P_gen,13,multi_signal_TPR,0.17301038,,,,0.09342561,,seed-level value; all seeds retained
multi_signal_vs_random_matched_block,phase5_主实验与 ablation/phase5d_control_ablation/random_gate_matched_results.csv,supplement_or_ablation_table,nq,bm25,P_gen,42,multi_signal_TPR,0.14054054,,,,0.08972973,,seed-level value; all seeds retained
multi_signal_vs_random_matched_block,phase5_主实验与 ablation/phase5d_control_ablation/random_gate_matched_results.csv,supplement_or_ablation_table,nq,bm25,P_gen,2026,multi_signal_TPR,0.16496018,,,,0.09897611,,seed-level value; all seeds retained
multi_signal_vs_random_matched_block,phase5_主实验与 ablation/phase5d_control_ablation/random_gate_matched_results.csv,supplement_or_ablation_table,nq,bm25,P_gen,mean±std,multi_signal_TPR,,0.15950370,0.01690865,3,,,sample std across seeds; no seed filtering
multi_signal_vs_random_matched_block,phase5_主实验与 ablation/phase5d_control_ablation/random_gate_matched_results.csv,supplement_or_ablation_table,nq,bm25,P_gen,13,random_Utility_Drop,0.00390509,,,,0.01353866,,seed-level value; all seeds retained
multi_signal_vs_random_matched_block,phase5_主实验与 ablation/phase5d_control_ablation/random_gate_matched_results.csv,supplement_or_ablation_table,nq,bm25,P_gen,42,random_Utility_Drop,0.00615400,,,,0.01353866,,seed-level value; all seeds retained
multi_signal_vs_random_matched_block,phase5_主实验与 ablation/phase5d_control_ablation/random_gate_matched_results.csv,supplement_or_ablation_table,nq,bm25,P_gen,2026,random_Utility_Drop,0.00666237,,,,0.01353866,,seed-level value; all seeds retained
multi_signal_vs_random_matched_block,phase5_主实验与 ablation/phase5d_control_ablation/random_gate_matched_results.csv,supplement_or_ablation_table,nq,bm25,P_gen,mean±std,random_Utility_Drop,,0.00557382,0.00146734,3,,,sample std across seeds; no seed filtering
multi_signal_vs_random_matched_block,phase5_主实验与 ablation/phase5d_control_ablation/random_gate_matched_results.csv,supplement_or_ablation_table,nq,bm25,P_gen,13,multi_signal_Utility_Drop,0.01353866,,,,0.00390509,,seed-level value; all seeds retained
multi_signal_vs_random_matched_block,phase5_主实验与 ablation/phase5d_control_ablation/random_gate_matched_results.csv,supplement_or_ablation_table,nq,bm25,P_gen,42,multi_signal_Utility_Drop,0.01353866,,,,0.00615400,,seed-level value; all seeds retained
multi_signal_vs_random_matched_block,phase5_主实验与 ablation/phase5d_control_ablation/random_gate_matched_results.csv,supplement_or_ablation_table,nq,bm25,P_gen,2026,multi_signal_Utility_Drop,0.01353866,,,,0.00666237,,seed-level value; all seeds retained
multi_signal_vs_random_matched_block,phase5_主实验与 ablation/phase5d_control_ablation/random_gate_matched_results.csv,supplement_or_ablation_table,nq,bm25,P_gen,mean±std,multi_signal_Utility_Drop,,0.01353866,0.00000000,3,,,sample std across seeds; no seed filtering
multi_signal_vs_random_matched_block,phase5_主实验与 ablation/phase5d_control_ablation/random_gate_matched_results.csv,supplement_or_ablation_table,nq,bm25,P_ret,13,random_ASR-Drop,0.00000000,,,,0.04000000,,seed-level value; all seeds retained
multi_signal_vs_random_matched_block,phase5_主实验与 ablation/phase5d_control_ablation/random_gate_matched_results.csv,supplement_or_ablation_table,nq,bm25,P_ret,42,random_ASR-Drop,0.02000000,,,,0.03333333,,seed-level value; all seeds retained
multi_signal_vs_random_matched_block,phase5_主实验与 ablation/phase5d_control_ablation/random_gate_matched_results.csv,supplement_or_ablation_table,nq,bm25,P_ret,2026,random_ASR-Drop,0.02666667,,,,0.05000000,,seed-level value; all seeds retained
multi_signal_vs_random_matched_block,phase5_主实验与 ablation/phase5d_control_ablation/random_gate_matched_results.csv,supplement_or_ablation_table,nq,bm25,P_ret,mean±std,random_ASR-Drop,,0.01555556,0.01387777,3,,,sample std across seeds; no seed filtering
multi_signal_vs_random_matched_block,phase5_主实验与 ablation/phase5d_control_ablation/random_gate_matched_results.csv,supplement_or_ablation_table,nq,bm25,P_ret,13,multi_signal_ASR-Drop,0.04000000,,,,0.00000000,,seed-level value; all seeds retained
multi_signal_vs_random_matched_block,phase5_主实验与 ablation/phase5d_control_ablation/random_gate_matched_results.csv,supplement_or_ablation_table,nq,bm25,P_ret,42,multi_signal_ASR-Drop,0.03333333,,,,0.02000000,,seed-level value; all seeds retained
multi_signal_vs_random_matched_block,phase5_主实验与 ablation/phase5d_control_ablation/random_gate_matched_results.csv,supplement_or_ablation_table,nq,bm25,P_ret,2026,multi_signal_ASR-Drop,0.05000000,,,,0.02666667,,seed-level value; all seeds retained
multi_signal_vs_random_matched_block,phase5_主实验与 ablation/phase5d_control_ablation/random_gate_matched_results.csv,supplement_or_ablation_table,nq,bm25,P_ret,mean±std,multi_signal_ASR-Drop,,0.04111111,0.00838870,3,,,sample std across seeds; no seed filtering
multi_signal_vs_random_matched_block,phase5_主实验与 ablation/phase5d_control_ablation/random_gate_matched_results.csv,supplement_or_ablation_table,nq,bm25,P_ret,13,random_FPR_clean,0.04426667,,,,0.04426667,,seed-level value; all seeds retained
multi_signal_vs_random_matched_block,phase5_主实验与 ablation/phase5d_control_ablation/random_gate_matched_results.csv,supplement_or_ablation_table,nq,bm25,P_ret,42,random_FPR_clean,0.04426667,,,,0.04426667,,seed-level value; all seeds retained
multi_signal_vs_random_matched_block,phase5_主实验与 ablation/phase5d_control_ablation/random_gate_matched_results.csv,supplement_or_ablation_table,nq,bm25,P_ret,2026,random_FPR_clean,0.04426667,,,,0.04426667,,seed-level value; all seeds retained
multi_signal_vs_random_matched_block,phase5_主实验与 ablation/phase5d_control_ablation/random_gate_matched_results.csv,supplement_or_ablation_table,nq,bm25,P_ret,mean±std,random_FPR_clean,,0.04426667,0.00000000,3,,,sample std across seeds; no seed filtering
multi_signal_vs_random_matched_block,phase5_主实验与 ablation/phase5d_control_ablation/random_gate_matched_results.csv,supplement_or_ablation_table,nq,bm25,P_ret,13,multi_signal_FPR_clean,0.04426667,,,,0.04426667,,seed-level value; all seeds retained
multi_signal_vs_random_matched_block,phase5_主实验与 ablation/phase5d_control_ablation/random_gate_matched_results.csv,supplement_or_ablation_table,nq,bm25,P_ret,42,multi_signal_FPR_clean,0.04426667,,,,0.04426667,,seed-level value; all seeds retained
multi_signal_vs_random_matched_block,phase5_主实验与 ablation/phase5d_control_ablation/random_gate_matched_results.csv,supplement_or_ablation_table,nq,bm25,P_ret,2026,multi_signal_FPR_clean,0.04426667,,,,0.04426667,,seed-level value; all seeds retained
multi_signal_vs_random_matched_block,phase5_主实验与 ablation/phase5d_control_ablation/random_gate_matched_results.csv,supplement_or_ablation_table,nq,bm25,P_ret,mean±std,multi_signal_FPR_clean,,0.04426667,0.00000000,3,,,sample std across seeds; no seed filtering
multi_signal_vs_random_matched_block,phase5_主实验与 ablation/phase5d_control_ablation/random_gate_matched_results.csv,supplement_or_ablation_table,nq,bm25,P_ret,13,random_TPR,0.06132989,,,,0.12911556,,seed-level value; all seeds retained
multi_signal_vs_random_matched_block,phase5_主实验与 ablation/phase5d_control_ablation/random_gate_matched_results.csv,supplement_or_ablation_table,nq,bm25,P_ret,42,random_TPR,0.05422853,,,,0.10974822,,seed-level value; all seeds retained
multi_signal_vs_random_matched_block,phase5_主实验与 ablation/phase5d_control_ablation/random_gate_matched_results.csv,supplement_or_ablation_table,nq,bm25,P_ret,2026,random_TPR,0.05566343,,,,0.11326861,,seed-level value; all seeds retained
multi_signal_vs_random_matched_block,phase5_主实验与 ablation/phase5d_control_ablation/random_gate_matched_results.csv,supplement_or_ablation_table,nq,bm25,P_ret,mean±std,random_TPR,,0.05707395,0.00375493,3,,,sample std across seeds; no seed filtering
multi_signal_vs_random_matched_block,phase5_主实验与 ablation/phase5d_control_ablation/random_gate_matched_results.csv,supplement_or_ablation_table,nq,bm25,P_ret,13,multi_signal_TPR,0.12911556,,,,0.06132989,,seed-level value; all seeds retained
multi_signal_vs_random_matched_block,phase5_主实验与 ablation/phase5d_control_ablation/random_gate_matched_results.csv,supplement_or_ablation_table,nq,bm25,P_ret,42,multi_signal_TPR,0.10974822,,,,0.05422853,,seed-level value; all seeds retained
multi_signal_vs_random_matched_block,phase5_主实验与 ablation/phase5d_control_ablation/random_gate_matched_results.csv,supplement_or_ablation_table,nq,bm25,P_ret,2026,multi_signal_TPR,0.11326861,,,,0.05566343,,seed-level value; all seeds retained
multi_signal_vs_random_matched_block,phase5_主实验与 ablation/phase5d_control_ablation/random_gate_matched_results.csv,supplement_or_ablation_table,nq,bm25,P_ret,mean±std,multi_signal_TPR,,0.11737746,0.01031675,3,,,sample std across seeds; no seed filtering
multi_signal_vs_random_matched_block,phase5_主实验与 ablation/phase5d_control_ablation/random_gate_matched_results.csv,supplement_or_ablation_table,nq,bm25,P_ret,13,random_Utility_Drop,0.00359586,,,,0.01353866,,seed-level value; all seeds retained
multi_signal_vs_random_matched_block,phase5_主实验与 ablation/phase5d_control_ablation/random_gate_matched_results.csv,supplement_or_ablation_table,nq,bm25,P_ret,42,random_Utility_Drop,0.00323302,,,,0.01353866,,seed-level value; all seeds retained
multi_signal_vs_random_matched_block,phase5_主实验与 ablation/phase5d_control_ablation/random_gate_matched_results.csv,supplement_or_ablation_table,nq,bm25,P_ret,2026,random_Utility_Drop,0.00851863,,,,0.01353866,,seed-level value; all seeds retained
multi_signal_vs_random_matched_block,phase5_主实验与 ablation/phase5d_control_ablation/random_gate_matched_results.csv,supplement_or_ablation_table,nq,bm25,P_ret,mean±std,random_Utility_Drop,,0.00511584,0.00295248,3,,,sample std across seeds; no seed filtering
multi_signal_vs_random_matched_block,phase5_主实验与 ablation/phase5d_control_ablation/random_gate_matched_results.csv,supplement_or_ablation_table,nq,bm25,P_ret,13,multi_signal_Utility_Drop,0.01353866,,,,0.00359586,,seed-level value; all seeds retained
multi_signal_vs_random_matched_block,phase5_主实验与 ablation/phase5d_control_ablation/random_gate_matched_results.csv,supplement_or_ablation_table,nq,bm25,P_ret,42,multi_signal_Utility_Drop,0.01353866,,,,0.00323302,,seed-level value; all seeds retained
multi_signal_vs_random_matched_block,phase5_主实验与 ablation/phase5d_control_ablation/random_gate_matched_results.csv,supplement_or_ablation_table,nq,bm25,P_ret,2026,multi_signal_Utility_Drop,0.01353866,,,,0.00851863,,seed-level value; all seeds retained
multi_signal_vs_random_matched_block,phase5_主实验与 ablation/phase5d_control_ablation/random_gate_matched_results.csv,supplement_or_ablation_table,nq,bm25,P_ret,mean±std,multi_signal_Utility_Drop,,0.01353866,0.00000000,3,,,sample std across seeds; no seed filtering
