dataset,retriever,seed,query_id,question,gold_answer,generated_answer,normalized_f1,retrieval_top50_contains_qrel_evidence,retrieval_top5_contains_qrel_evidence,rerank_top50_contains_qrel_evidence,rerank_top5_contains_qrel_evidence,final_context_contains_qrel_evidence,retrieval_top50_chunk_ids,rerank_top5_chunk_ids,final_context_chunk_ids,generation_truncation_assessment,generation_truncation_reason,evaluation_normalization_possible,error_type,error_reason,parse_error,generated_contains_think
nq,bm25,13,test1,how many episodes are in chicago fire season 4,23,The answer is 23 episodes.,0.4,True,True,True,True,True,nq:doc827566:C128-S32:0000 | nq:doc6:C128-S32:0000 | nq:doc1977618:C128-S32:0000 | nq:doc827555:C128-S32:0000 | nq:doc1234570:C128-S32:0000 | nq:doc938026:C128-S32:0000 | nq:doc1977613:C128-S32:0000 | nq:doc1078746:C128-S32:0000 | nq:doc1446618:C128-S32:0000 | nq:doc2227438:C128-S32:0000 | nq:doc1582050:C128-S32:0000 | nq:doc7:C128-S32:0000 | nq:doc1371659:C128-S32:0000 | nq:doc1582049:C128-S32:0000 | nq:doc2413039:C128-S32:0000 | nq:doc917877:C128-S32:0000 | nq:doc2094084:C128-S32:0000 | nq:doc360498:C128-S32:0000 | nq:doc299679:C128-S32:0000 | nq:doc1582043:C128-S32:0000 | nq:doc2227688:C128-S32:0000 | nq:doc604235:C128-S32:0000 | nq:doc2007817:C128-S32:0000 | nq:doc1879349:C128-S32:0000 | nq:doc427561:C128-S32:0000 | nq:doc2094078:C128-S32:0000 | nq:doc1455783:C128-S32:0000 | nq:doc1582047:C128-S32:0000 | nq:doc827558:C128-S32:0000 | nq:doc1992029:C128-S32:0000 | nq:doc1378640:C128-S32:0000 | nq:doc1378614:C128-S32:0000 | nq:doc513033:C128-S32:0000 | nq:doc423947:C128-S32:0000 | nq:doc1446621:C128-S32:0000 | nq:doc316893:C128-S32:0000 | nq:doc2422296:C128-S32:0000 | nq:doc2369576:C128-S32:0000 | nq:doc1742674:C128-S32:0000 | nq:doc501022:C128-S32:0000 | nq:doc1359085:C128-S32:0000 | nq:doc1000859:C128-S32:0000 | nq:doc685033:C128-S32:0000 | nq:doc568216:C128-S32:0000 | nq:doc827554:C128-S32:0000 | nq:doc2007816:C128-S32:0000 | nq:doc220304:C128-S32:0000 | nq:doc2094080:C128-S32:0000 | nq:doc2647244:C128-S32:0001 | nq:doc220278:C128-S32:0000,nq:doc6:C128-S32:0000 | nq:doc1582043:C128-S32:0000 | nq:doc7:C128-S32:0000 | nq:doc1234570:C128-S32:0000 | nq:doc1977618:C128-S32:0000,nq:doc6:C128-S32:0000 | nq:doc1582043:C128-S32:0000 | nq:doc7:C128-S32:0000 | nq:doc1234570:C128-S32:0000 | nq:doc1977618:C128-S32:0000,unlikely,output ends with terminal punctuation and is below heuristic length,True,evaluation_normalization_issue,non-exact generated answer retains normalized token overlap,False,False
nq,bm25,13,test10,when is the new tappan zee bridge going to be finished,"by June 15, 2018 || June 15, 2018","The new Tappan Zee Bridge is expected to be completed by June 15, 2018.",0.470588,True,False,True,True,True,nq:doc558552:C128-S32:0000 | nq:doc116:C128-S32:0000 | nq:doc119:C128-S32:0000 | nq:doc558551:C128-S32:0000 | nq:doc558557:C128-S32:0000 | nq:doc124:C128-S32:0000 | nq:doc558554:C128-S32:0000 | nq:doc332742:C128-S32:0000 | nq:doc128:C128-S32:0000 | nq:doc121:C128-S32:0000 | nq:doc133:C128-S32:0000 | nq:doc558561:C128-S32:0000 | nq:doc558559:C128-S32:0000 | nq:doc135:C128-S32:0000 | nq:doc126:C128-S32:0000 | nq:doc332716:C128-S32:0000 | nq:doc558553:C128-S32:0000 | nq:doc558565:C128-S32:0000 | nq:doc120:C128-S32:0000 | nq:doc118:C128-S32:0000 | nq:doc558555:C128-S32:0000 | nq:doc122:C128-S32:0000 | nq:doc558558:C128-S32:0000 | nq:doc125:C128-S32:0000 | nq:doc134:C128-S32:0000 | nq:doc131:C128-S32:0000 | nq:doc558562:C128-S32:0000 | nq:doc558567:C128-S32:0000 | nq:doc1898689:C128-S32:0000 | nq:doc558556:C128-S32:0000 | nq:doc1029837:C128-S32:0000 | nq:doc332742:C128-S32:0001 | nq:doc1898692:C128-S32:0000 | nq:doc996089:C128-S32:0000 | nq:doc123:C128-S32:0000 | nq:doc856415:C128-S32:0000 | nq:doc558566:C128-S32:0000 | nq:doc681623:C128-S32:0000 | nq:doc2261269:C128-S32:0000 | nq:doc1029836:C128-S32:0000 | nq:doc558564:C128-S32:0000 | nq:doc117:C128-S32:0000 | nq:doc130:C128-S32:0000 | nq:doc558560:C128-S32:0000 | nq:doc129:C128-S32:0000 | nq:doc132:C128-S32:0000 | nq:doc558563:C128-S32:0000 | nq:doc1898677:C128-S32:0001 | nq:doc127:C128-S32:0000 | nq:doc332734:C128-S32:0000,nq:doc558555:C128-S32:0000 | nq:doc122:C128-S32:0000 | nq:doc558560:C128-S32:0000 | nq:doc127:C128-S32:0000 | nq:doc118:C128-S32:0000,nq:doc558555:C128-S32:0000 | nq:doc122:C128-S32:0000 | nq:doc558560:C128-S32:0000 | nq:doc127:C128-S32:0000 | nq:doc118:C128-S32:0000,unlikely,output ends with terminal punctuation and is below heuristic length,True,evaluation_normalization_issue,non-exact generated answer retains normalized token overlap,False,False
nq,bm25,13,test1004,how many books are in the one piece series,83 || more than 80,I don't know.,0.0,False,False,False,False,False,nq:doc419986:C128-S32:0000 | nq:doc760463:C128-S32:0000 | nq:doc191614:C128-S32:0000 | nq:doc583357:C128-S32:0000 | nq:doc1770319:C128-S32:0001 | nq:doc388754:C128-S32:0000 | nq:doc138761:C128-S32:0000 | nq:doc2099544:C128-S32:0000 | nq:doc1917576:C128-S32:0001 | nq:doc375958:C128-S32:0000 | nq:doc1367292:C128-S32:0000 | nq:doc419968:C128-S32:0000 | nq:doc420002:C128-S32:0000 | nq:doc1035147:C128-S32:0001 | nq:doc879043:C128-S32:0000 | nq:doc1708909:C128-S32:0000 | nq:doc1235147:C128-S32:0000 | nq:doc803533:C128-S32:0001 | nq:doc1172663:C128-S32:0000 | nq:doc381121:C128-S32:0000 | nq:doc1685099:C128-S32:0000 | nq:doc1707518:C128-S32:0000 | nq:doc982156:C128-S32:0000 | nq:doc2400841:C128-S32:0000 | nq:doc573925:C128-S32:0000 | nq:doc2157973:C128-S32:0000 | nq:doc1466392:C128-S32:0000 | nq:doc1283338:C128-S32:0000 | nq:doc1619495:C128-S32:0000 | nq:doc1465369:C128-S32:0000 | nq:doc790492:C128-S32:0000 | nq:doc1593112:C128-S32:0000 | nq:doc2648874:C128-S32:0000 | nq:doc345249:C128-S32:0000 | nq:doc961747:C128-S32:0000 | nq:doc973856:C128-S32:0000 | nq:doc2014388:C128-S32:0000 | nq:doc1579442:C128-S32:0000 | nq:doc381166:C128-S32:0000 | nq:doc419985:C128-S32:0000 | nq:doc1461871:C128-S32:0000 | nq:doc1612448:C128-S32:0000 | nq:doc2101397:C128-S32:0000 | nq:doc2357376:C128-S32:0000 | nq:doc2672391:C128-S32:0000 | nq:doc1785687:C128-S32:0000 | nq:doc2435704:C128-S32:0000 | nq:doc1106218:C128-S32:0001 | nq:doc1603616:C128-S32:0000 | nq:doc1907945:C128-S32:0000,nq:doc419986:C128-S32:0000 | nq:doc420002:C128-S32:0000 | nq:doc573925:C128-S32:0000 | nq:doc2648874:C128-S32:0000 | nq:doc961747:C128-S32:0000,nq:doc419986:C128-S32:0000 | nq:doc420002:C128-S32:0000 | nq:doc573925:C128-S32:0000 | nq:doc2648874:C128-S32:0000 | nq:doc961747:C128-S32:0000,unlikely,output ends with terminal punctuation and is below heuristic length,False,retrieval_miss,no qrel document in retrieval top-50,False,False
nq,bm25,13,test1019,who become ceo of wipro company in 2016,Abid Ali Neemuchwala,Abidali Neemuchwala became the CEO of Wipro company in 2016.,0.166667,True,True,True,True,True,nq:doc35947:C128-S32:0000 | nq:doc35963:C128-S32:0000 | nq:doc35948:C128-S32:0000 | nq:doc1454760:C128-S32:0000 | nq:doc1432928:C128-S32:0000 | nq:doc35950:C128-S32:0000 | nq:doc35945:C128-S32:0000 | nq:doc35943:C128-S32:0000 | nq:doc35948:C128-S32:0001 | nq:doc2445470:C128-S32:0000 | nq:doc936838:C128-S32:0000 | nq:doc2089255:C128-S32:0000 | nq:doc35961:C128-S32:0000 | nq:doc35941:C128-S32:0000 | nq:doc2663846:C128-S32:0000 | nq:doc35946:C128-S32:0000 | nq:doc769032:C128-S32:0000 | nq:doc341786:C128-S32:0000 | nq:doc914250:C128-S32:0000 | nq:doc35944:C128-S32:0000 | nq:doc401126:C128-S32:0000 | nq:doc35949:C128-S32:0000 | nq:doc2590835:C128-S32:0000 | nq:doc35955:C128-S32:0000 | nq:doc240301:C128-S32:0000 | nq:doc619195:C128-S32:0000 | nq:doc1368775:C128-S32:0000 | nq:doc1445874:C128-S32:0000 | nq:doc2667065:C128-S32:0000 | nq:doc2165784:C128-S32:0000 | nq:doc1779138:C128-S32:0000 | nq:doc497850:C128-S32:0000 | nq:doc187437:C128-S32:0000 | nq:doc2176662:C128-S32:0000 | nq:doc1647885:C128-S32:0000 | nq:doc354006:C128-S32:0000 | nq:doc35957:C128-S32:0000 | nq:doc35951:C128-S32:0000 | nq:doc1340943:C128-S32:0000 | nq:doc1323925:C128-S32:0001 | nq:doc262197:C128-S32:0000 | nq:doc1270185:C128-S32:0000 | nq:doc1225218:C128-S32:0000 | nq:doc936803:C128-S32:0000 | nq:doc2044437:C128-S32:0000 | nq:doc466119:C128-S32:0000 | nq:doc1271337:C128-S32:0000 | nq:doc1276375:C128-S32:0000 | nq:doc380386:C128-S32:0000 | nq:doc35962:C128-S32:0000,nq:doc1454760:C128-S32:0000 | nq:doc35963:C128-S32:0000 | nq:doc35947:C128-S32:0000 | nq:doc1270185:C128-S32:0000 | nq:doc35941:C128-S32:0000,nq:doc1454760:C128-S32:0000 | nq:doc35963:C128-S32:0000 | nq:doc35947:C128-S32:0000 | nq:doc1270185:C128-S32:0000 | nq:doc35941:C128-S32:0000,unlikely,output ends with terminal punctuation and is below heuristic length,True,evaluation_normalization_issue,non-exact generated answer retains normalized token overlap,False,False
nq,bm25,13,test1021,what does a bull shark tooth look like,needle-like teeth || needle-like,"A bull shark tooth is needle-like and is used to feed on small prey like squid, flounder, stingrays, and even hammerhead sharks. The teeth are part of a series, with the outermost series being functional. The context does not provide specific details about the exact appearance of a bull shark tooth beyond describing",0.12,True,True,True,True,True,nq:doc35979:C128-S32:0000 | nq:doc35973:C128-S32:0000 | nq:doc35988:C128-S32:0000 | nq:doc1686537:C128-S32:0000 | nq:doc35987:C128-S32:0000 | nq:doc2294801:C128-S32:0000 | nq:doc1775663:C128-S32:0000 | nq:doc35985:C128-S32:0000 | nq:doc1775660:C128-S32:0000 | nq:doc1775643:C128-S32:0000 | nq:doc1775640:C128-S32:0000 | nq:doc1775654:C128-S32:0000 | nq:doc1775672:C128-S32:0000 | nq:doc1775650:C128-S32:0000 | nq:doc35977:C128-S32:0000 | nq:doc1775673:C128-S32:0000 | nq:doc1614863:C128-S32:0000 | nq:doc1775669:C128-S32:0000 | nq:doc1775657:C128-S32:0000 | nq:doc35988:C128-S32:0001 | nq:doc2030632:C128-S32:0000 | nq:doc1775670:C128-S32:0000 | nq:doc1843100:C128-S32:0000 | nq:doc1775658:C128-S32:0000 | nq:doc1775656:C128-S32:0000 | nq:doc35991:C128-S32:0000 | nq:doc2635644:C128-S32:0000 | nq:doc1775661:C128-S32:0000 | nq:doc1775667:C128-S32:0000 | nq:doc1775666:C128-S32:0000 | nq:doc35986:C128-S32:0000 | nq:doc1775659:C128-S32:0000 | nq:doc1775671:C128-S32:0000 | nq:doc1775641:C128-S32:0000 | nq:doc35992:C128-S32:0000 | nq:doc1775651:C128-S32:0000 | nq:doc1775672:C128-S32:0001 | nq:doc1775646:C128-S32:0000 | nq:doc1775664:C128-S32:0000 | nq:doc405479:C128-S32:0000 | nq:doc57816:C128-S32:0000 | nq:doc1775662:C128-S32:0000 | nq:doc1775668:C128-S32:0000 | nq:doc2362590:C128-S32:0000 | nq:doc1775655:C128-S32:0000 | nq:doc1775645:C128-S32:0000 | nq:doc2635644:C128-S32:0001 | nq:doc35974:C128-S32:0000 | nq:doc1775644:C128-S32:0000 | nq:doc2100571:C128-S32:0000,nq:doc2635644:C128-S32:0001 | nq:doc35973:C128-S32:0000 | nq:doc35979:C128-S32:0000 | nq:doc2635644:C128-S32:0000 | nq:doc35987:C128-S32:0000,nq:doc2635644:C128-S32:0001 | nq:doc35973:C128-S32:0000 | nq:doc35979:C128-S32:0000 | nq:doc2635644:C128-S32:0000 | nq:doc35987:C128-S32:0000,uncertain,non-terminal ending at moderate length,True,evaluation_normalization_issue,non-exact generated answer retains normalized token overlap,False,False
nq,bm25,13,test1023,what type of planet is neptune known as,giant || ice giants,Neptune is known as a gas giant planet.,0.25,True,True,True,True,True,nq:doc36015:C128-S32:0000 | nq:doc36002:C128-S32:0000 | nq:doc36003:C128-S32:0000 | nq:doc36006:C128-S32:0000 | nq:doc926511:C128-S32:0000 | nq:doc734548:C128-S32:0000 | nq:doc1536397:C128-S32:0000 | nq:doc488284:C128-S32:0000 | nq:doc1066440:C128-S32:0000 | nq:doc1792542:C128-S32:0000 | nq:doc818133:C128-S32:0000 | nq:doc1684390:C128-S32:0000 | nq:doc36014:C128-S32:0000 | nq:doc734549:C128-S32:0000 | nq:doc2075317:C128-S32:0000 | nq:doc734524:C128-S32:0000 | nq:doc286347:C128-S32:0000 | nq:doc485643:C128-S32:0000 | nq:doc1079016:C128-S32:0000 | nq:doc36048:C128-S32:0000 | nq:doc907427:C128-S32:0000 | nq:doc1066444:C128-S32:0000 | nq:doc1590091:C128-S32:0000 | nq:doc1605593:C128-S32:0000 | nq:doc36005:C128-S32:0000 | nq:doc36061:C128-S32:0000 | nq:doc734534:C128-S32:0000 | nq:doc734528:C128-S32:0000 | nq:doc2412993:C128-S32:0000 | nq:doc2245796:C128-S32:0000 | nq:doc36011:C128-S32:0000 | nq:doc36059:C128-S32:0000 | nq:doc36012:C128-S32:0000 | nq:doc734538:C128-S32:0000 | nq:doc1590088:C128-S32:0000 | nq:doc639019:C128-S32:0001 | nq:doc749351:C128-S32:0000 | nq:doc734525:C128-S32:0001 | nq:doc1792544:C128-S32:0001 | nq:doc734552:C128-S32:0000 | nq:doc734530:C128-S32:0000 | nq:doc36028:C128-S32:0000 | nq:doc747196:C128-S32:0000 | nq:doc1605594:C128-S32:0000 | nq:doc1792539:C128-S32:0000 | nq:doc1605609:C128-S32:0000 | nq:doc1300199:C128-S32:0000 | nq:doc36062:C128-S32:0000 | nq:doc734527:C128-S32:0000 | nq:doc1079015:C128-S32:0000,nq:doc36002:C128-S32:0000 | nq:doc286347:C128-S32:0000 | nq:doc36015:C128-S32:0000 | nq:doc1536397:C128-S32:0000 | nq:doc36011:C128-S32:0000,nq:doc36002:C128-S32:0000 | nq:doc286347:C128-S32:0000 | nq:doc36015:C128-S32:0000 | nq:doc1536397:C128-S32:0000 | nq:doc36011:C128-S32:0000,unlikely,output ends with terminal punctuation and is below heuristic length,True,evaluation_normalization_issue,non-exact generated answer retains normalized token overlap,False,False
nq,bm25,13,test1054,who made the poppies at tower of london,Paul Cummins || Tom Piper || stage designer Tom Piper,"The poppies at the Tower of London were made by Paul Cummins, with some assistance from Johnson Tiles in Tunstall, Stoke-on-Trent. The poppies were individually hand-made at Cummins' ceramics works in Derbyshire and some at Johnson Tiles in Tunstall, Stoke-on-Trent.",0.090909,True,True,True,True,True,nq:doc1297789:C128-S32:0001 | nq:doc2664612:C128-S32:0000 | nq:doc36792:C128-S32:0001 | nq:doc36792:C128-S32:0000 | nq:doc36785:C128-S32:0000 | nq:doc1297781:C128-S32:0000 | nq:doc1281887:C128-S32:0000 | nq:doc32626:C128-S32:0000 | nq:doc32677:C128-S32:0000 | nq:doc32639:C128-S32:0000 | nq:doc667744:C128-S32:0001 | nq:doc32623:C128-S32:0000 | nq:doc138939:C128-S32:0000 | nq:doc1281885:C128-S32:0000 | nq:doc1297788:C128-S32:0001 | nq:doc1276760:C128-S32:0000 | nq:doc1221809:C128-S32:0000 | nq:doc1066699:C128-S32:0000 | nq:doc32636:C128-S32:0001 | nq:doc1306082:C128-S32:0000 | nq:doc1873813:C128-S32:0000 | nq:doc1306077:C128-S32:0000 | nq:doc1276747:C128-S32:0001 | nq:doc1297803:C128-S32:0000 | nq:doc1276747:C128-S32:0000 | nq:doc2416825:C128-S32:0000 | nq:doc32663:C128-S32:0000 | nq:doc2173857:C128-S32:0000 | nq:doc1297789:C128-S32:0000 | nq:doc2127787:C128-S32:0000 | nq:doc727084:C128-S32:0000 | nq:doc504846:C128-S32:0000 | nq:doc32654:C128-S32:0000 | nq:doc851350:C128-S32:0000 | nq:doc2664579:C128-S32:0001 | nq:doc1819352:C128-S32:0000 | nq:doc32656:C128-S32:0000 | nq:doc32666:C128-S32:0000 | nq:doc32626:C128-S32:0001 | nq:doc138943:C128-S32:0000 | nq:doc36788:C128-S32:0000 | nq:doc478730:C128-S32:0000 | nq:doc1281888:C128-S32:0000 | nq:doc1159871:C128-S32:0000 | nq:doc2173843:C128-S32:0000 | nq:doc32648:C128-S32:0000 | nq:doc1281924:C128-S32:0000 | nq:doc2453081:C128-S32:0000 | nq:doc1297817:C128-S32:0001 | nq:doc32646:C128-S32:0000,nq:doc36785:C128-S32:0000 | nq:doc32656:C128-S32:0000 | nq:doc36788:C128-S32:0000 | nq:doc32626:C128-S32:0000 | nq:doc2664612:C128-S32:0000,nq:doc36785:C128-S32:0000 | nq:doc32656:C128-S32:0000 | nq:doc36788:C128-S32:0000 | nq:doc32626:C128-S32:0000 | nq:doc2664612:C128-S32:0000,unlikely,output ends with terminal punctuation and is below heuristic length,True,evaluation_normalization_issue,non-exact generated answer retains normalized token overlap,False,False
nq,bm25,13,test1062,when does boomer find out she a cylon,Kobol's Last Gleaming,"Boomer finds out she is a Cylon after the events of the first season, specifically after she shoots Commander Adama. However, the context does not provide a clear statement about when she explicitly learns this truth. It only mentions that she had no idea she was a Cylon at the time of the incident. Therefore",0.0,True,False,True,True,True,nq:doc36996:C128-S32:0000 | nq:doc2053626:C128-S32:0000 | nq:doc1890584:C128-S32:0001 | nq:doc36994:C128-S32:0000 | nq:doc2332830:C128-S32:0000 | nq:doc2371834:C128-S32:0000 | nq:doc36991:C128-S32:0000 | nq:doc2053626:C128-S32:0001 | nq:doc37013:C128-S32:0000 | nq:doc36992:C128-S32:0000 | nq:doc36989:C128-S32:0000 | nq:doc36993:C128-S32:0000 | nq:doc2053654:C128-S32:0000 | nq:doc37011:C128-S32:0000 | nq:doc2332830:C128-S32:0002 | nq:doc2016937:C128-S32:0000 | nq:doc1932414:C128-S32:0000 | nq:doc36985:C128-S32:0000 | nq:doc37005:C128-S32:0000 | nq:doc1261102:C128-S32:0001 | nq:doc36987:C128-S32:0000 | nq:doc2053651:C128-S32:0000 | nq:doc1932379:C128-S32:0000 | nq:doc36984:C128-S32:0000 | nq:doc36986:C128-S32:0000 | nq:doc1261102:C128-S32:0000 | nq:doc2332830:C128-S32:0001 | nq:doc1932364:C128-S32:0000 | nq:doc1932400:C128-S32:0000 | nq:doc1890583:C128-S32:0000 | nq:doc1932359:C128-S32:0000 | nq:doc36990:C128-S32:0000 | nq:doc2053628:C128-S32:0000 | nq:doc37001:C128-S32:0001 | nq:doc1932404:C128-S32:0000 | nq:doc1932399:C128-S32:0001 | nq:doc1932360:C128-S32:0000 | nq:doc1932378:C128-S32:0000 | nq:doc1467006:C128-S32:0000 | nq:doc1932379:C128-S32:0001 | nq:doc285292:C128-S32:0000 | nq:doc37000:C128-S32:0000 | nq:doc37023:C128-S32:0000 | nq:doc2628054:C128-S32:0000 | nq:doc1932382:C128-S32:0000 | nq:doc37001:C128-S32:0000 | nq:doc2479432:C128-S32:0000 | nq:doc1196162:C128-S32:0000 | nq:doc1932362:C128-S32:0000 | nq:doc2332824:C128-S32:0000,nq:doc1890584:C128-S32:0001 | nq:doc36987:C128-S32:0000 | nq:doc36992:C128-S32:0000 | nq:doc2332830:C128-S32:0001 | nq:doc2053651:C128-S32:0000,nq:doc1890584:C128-S32:0001 | nq:doc36987:C128-S32:0000 | nq:doc36992:C128-S32:0000 | nq:doc2332830:C128-S32:0001 | nq:doc2053651:C128-S32:0000,uncertain,non-terminal ending at moderate length,False,uncertain,non-terminal ending at moderate length,False,False
nq,bm25,13,test1077,who wrote if i were a boy reba or beyonce,Toby Gad || BC Jean,"The answer is Beyoncé. The context states that Reba McEntire covered Beyoncé's song ""If I Were a Boy."" Therefore, the original writer of the song is Beyoncé.",0.0,False,False,False,False,False,nq:doc37440:C128-S32:0000 | nq:doc37440:C128-S32:0001 | nq:doc37401:C128-S32:0000 | nq:doc37405:C128-S32:0000 | nq:doc37413:C128-S32:0000 | nq:doc37415:C128-S32:0000 | nq:doc37412:C128-S32:0000 | nq:doc37437:C128-S32:0000 | nq:doc99569:C128-S32:0000 | nq:doc537176:C128-S32:0000 | nq:doc99568:C128-S32:0000 | nq:doc836801:C128-S32:0000 | nq:doc37425:C128-S32:0002 | nq:doc1716554:C128-S32:0000 | nq:doc41786:C128-S32:0000 | nq:doc537184:C128-S32:0000 | nq:doc1716553:C128-S32:0001 | nq:doc836800:C128-S32:0000 | nq:doc1716577:C128-S32:0000 | nq:doc37412:C128-S32:0001 | nq:doc836774:C128-S32:0000 | nq:doc62786:C128-S32:0002 | nq:doc1044891:C128-S32:0000 | nq:doc1882310:C128-S32:0000 | nq:doc1716563:C128-S32:0000 | nq:doc37435:C128-S32:0000 | nq:doc591525:C128-S32:0002 | nq:doc1280128:C128-S32:0000 | nq:doc1716551:C128-S32:0002 | nq:doc37414:C128-S32:0000 | nq:doc108409:C128-S32:0000 | nq:doc537183:C128-S32:0000 | nq:doc37403:C128-S32:0000 | nq:doc836779:C128-S32:0000 | nq:doc2141238:C128-S32:0000 | nq:doc37400:C128-S32:0000 | nq:doc1716557:C128-S32:0000 | nq:doc1882317:C128-S32:0000 | nq:doc37432:C128-S32:0000 | nq:doc37410:C128-S32:0000 | nq:doc37411:C128-S32:0000 | nq:doc37405:C128-S32:0001 | nq:doc37406:C128-S32:0000 | nq:doc793004:C128-S32:0000 | nq:doc37425:C128-S32:0000 | nq:doc153385:C128-S32:0000 | nq:doc2542472:C128-S32:0000 | nq:doc37404:C128-S32:0000 | nq:doc1882154:C128-S32:0000 | nq:doc1129953:C128-S32:0000,nq:doc37440:C128-S32:0001 | nq:doc37440:C128-S32:0000 | nq:doc99569:C128-S32:0000 | nq:doc37437:C128-S32:0000 | nq:doc37401:C128-S32:0000,nq:doc37440:C128-S32:0001 | nq:doc37440:C128-S32:0000 | nq:doc99569:C128-S32:0000 | nq:doc37437:C128-S32:0000 | nq:doc37401:C128-S32:0000,unlikely,output ends with terminal punctuation and is below heuristic length,False,retrieval_miss,no qrel document in retrieval top-50,False,False
nq,bm25,13,test1089,who played anna in once upon a time,Elizabeth Dean Lail,Elizabeth Lail played Anna in Once Upon a Time.,0.363636,True,False,True,True,True,nq:doc408904:C128-S32:0000 | nq:doc408906:C128-S32:0000 | nq:doc409046:C128-S32:0000 | nq:doc2638344:C128-S32:0000 | nq:doc2470531:C128-S32:0000 | nq:doc408900:C128-S32:0000 | nq:doc408905:C128-S32:0000 | nq:doc2638349:C128-S32:0000 | nq:doc2638353:C128-S32:0000 | nq:doc409055:C128-S32:0000 | nq:doc408901:C128-S32:0000 | nq:doc1736630:C128-S32:0000 | nq:doc408903:C128-S32:0000 | nq:doc1066717:C128-S32:0000 | nq:doc2638358:C128-S32:0000 | nq:doc2638347:C128-S32:0000 | nq:doc1632181:C128-S32:0000 | nq:doc408902:C128-S32:0000 | nq:doc280883:C128-S32:0000 | nq:doc1632178:C128-S32:0000 | nq:doc1632179:C128-S32:0000 | nq:doc409047:C128-S32:0000 | nq:doc1066737:C128-S32:0000 | nq:doc60907:C128-S32:0000 | nq:doc1632174:C128-S32:0000 | nq:doc2638345:C128-S32:0000 | nq:doc60909:C128-S32:0000 | nq:doc2303488:C128-S32:0000 | nq:doc1066620:C128-S32:0000 | nq:doc146709:C128-S32:0000 | nq:doc1483553:C128-S32:0000 | nq:doc344128:C128-S32:0000 | nq:doc1066810:C128-S32:0000 | nq:doc408907:C128-S32:0000 | nq:doc38001:C128-S32:0000 | nq:doc1736631:C128-S32:0000 | nq:doc1632189:C128-S32:0000 | nq:doc409057:C128-S32:0000 | nq:doc1066783:C128-S32:0000 | nq:doc1632180:C128-S32:0000 | nq:doc2638348:C128-S32:0000 | nq:doc2638351:C128-S32:0000 | nq:doc60918:C128-S32:0000 | nq:doc201121:C128-S32:0000 | nq:doc1066736:C128-S32:0000 | nq:doc943486:C128-S32:0001 | nq:doc769903:C128-S32:0000 | nq:doc409058:C128-S32:0000 | nq:doc1483552:C128-S32:0000 | nq:doc1076167:C128-S32:0000,nq:doc38001:C128-S32:0000 | nq:doc2638347:C128-S32:0000 | nq:doc146709:C128-S32:0000 | nq:doc60909:C128-S32:0000 | nq:doc1736630:C128-S32:0000,nq:doc38001:C128-S32:0000 | nq:doc2638347:C128-S32:0000 | nq:doc146709:C128-S32:0000 | nq:doc60909:C128-S32:0000 | nq:doc1736630:C128-S32:0000,unlikely,output ends with terminal punctuation and is below heuristic length,True,evaluation_normalization_issue,non-exact generated answer retains normalized token overlap,False,False
nq,bm25,13,test1093,when did american idol end the first time,"April 7, 2016","The first season of American Idol ended on September 4, 2002.",0.0,False,False,False,False,False,nq:doc717005:C128-S32:0000 | nq:doc2534543:C128-S32:0000 | nq:doc38303:C128-S32:0000 | nq:doc1123587:C128-S32:0000 | nq:doc1656506:C128-S32:0000 | nq:doc487668:C128-S32:0000 | nq:doc38332:C128-S32:0000 | nq:doc1123579:C128-S32:0000 | nq:doc1123577:C128-S32:0000 | nq:doc790332:C128-S32:0000 | nq:doc2534546:C128-S32:0000 | nq:doc135610:C128-S32:0000 | nq:doc38297:C128-S32:0000 | nq:doc2323672:C128-S32:0000 | nq:doc664396:C128-S32:0000 | nq:doc38212:C128-S32:0000 | nq:doc1930623:C128-S32:0000 | nq:doc1656520:C128-S32:0000 | nq:doc666691:C128-S32:0001 | nq:doc2354075:C128-S32:0000 | nq:doc2447216:C128-S32:0000 | nq:doc2323676:C128-S32:0000 | nq:doc38302:C128-S32:0000 | nq:doc1106774:C128-S32:0000 | nq:doc814970:C128-S32:0001 | nq:doc1423788:C128-S32:0000 | nq:doc1494046:C128-S32:0000 | nq:doc487661:C128-S32:0000 | nq:doc2323670:C128-S32:0002 | nq:doc38336:C128-S32:0000 | nq:doc1867007:C128-S32:0000 | nq:doc1770543:C128-S32:0000 | nq:doc38261:C128-S32:0000 | nq:doc1700719:C128-S32:0000 | nq:doc1123578:C128-S32:0000 | nq:doc1979137:C128-S32:0000 | nq:doc487693:C128-S32:0000 | nq:doc1850782:C128-S32:0000 | nq:doc1730804:C128-S32:0000 | nq:doc1494051:C128-S32:0000 | nq:doc2534546:C128-S32:0001 | nq:doc530637:C128-S32:0000 | nq:doc38204:C128-S32:0000 | nq:doc1486191:C128-S32:0000 | nq:doc1123592:C128-S32:0000 | nq:doc1656498:C128-S32:0001 | nq:doc38302:C128-S32:0001 | nq:doc1454026:C128-S32:0000 | nq:doc1494039:C128-S32:0000 | nq:doc1246336:C128-S32:0000,nq:doc1106774:C128-S32:0000 | nq:doc38204:C128-S32:0000 | nq:doc487661:C128-S32:0000 | nq:doc2534543:C128-S32:0000 | nq:doc2534546:C128-S32:0000,nq:doc1106774:C128-S32:0000 | nq:doc38204:C128-S32:0000 | nq:doc487661:C128-S32:0000 | nq:doc2534543:C128-S32:0000 | nq:doc2534546:C128-S32:0000,unlikely,output ends with terminal punctuation and is below heuristic length,False,retrieval_miss,no qrel document in retrieval top-50,False,False
nq,bm25,13,test1118,what awards did the curious case of benjamin button win,Best Makeup || Best Visual Effects || Best Art Direction,"The Curious Case of Benjamin Button won three awards at the Academy Awards: Best Achievement in Art Direction, Best Achievement in Makeup, and Best Achievement in Visual Effects. Additionally, it won all four awards it was nominated for at the 7th Visual Effects Society Awards.",0.133333,True,False,True,True,True,nq:doc1708242:C128-S32:0000 | nq:doc1708254:C128-S32:0000 | nq:doc39330:C128-S32:0000 | nq:doc1539145:C128-S32:0000 | nq:doc2574381:C128-S32:0000 | nq:doc39311:C128-S32:0000 | nq:doc39334:C128-S32:0000 | nq:doc39332:C128-S32:0000 | nq:doc39314:C128-S32:0000 | nq:doc39338:C128-S32:0000 | nq:doc39318:C128-S32:0000 | nq:doc39333:C128-S32:0000 | nq:doc1295261:C128-S32:0000 | nq:doc1708244:C128-S32:0000 | nq:doc1539132:C128-S32:0000 | nq:doc39327:C128-S32:0000 | nq:doc1539133:C128-S32:0000 | nq:doc39336:C128-S32:0000 | nq:doc1708248:C128-S32:0000 | nq:doc39325:C128-S32:0000 | nq:doc39337:C128-S32:0000 | nq:doc39340:C128-S32:0000 | nq:doc39316:C128-S32:0000 | nq:doc1263186:C128-S32:0000 | nq:doc1708245:C128-S32:0000 | nq:doc39321:C128-S32:0000 | nq:doc1708243:C128-S32:0000 | nq:doc39331:C128-S32:0000 | nq:doc39319:C128-S32:0000 | nq:doc39342:C128-S32:0000 | nq:doc1708247:C128-S32:0000 | nq:doc39322:C128-S32:0000 | nq:doc1708249:C128-S32:0000 | nq:doc1708252:C128-S32:0000 | nq:doc39315:C128-S32:0000 | nq:doc39324:C128-S32:0000 | nq:doc39323:C128-S32:0000 | nq:doc39341:C128-S32:0000 | nq:doc39320:C128-S32:0000 | nq:doc39326:C128-S32:0000 | nq:doc1263186:C128-S32:0001 | nq:doc39338:C128-S32:0001 | nq:doc1708246:C128-S32:0000 | nq:doc1708251:C128-S32:0000 | nq:doc1332085:C128-S32:0000 | nq:doc1332055:C128-S32:0000 | nq:doc39312:C128-S32:0000 | nq:doc2307427:C128-S32:0000 | nq:doc39317:C128-S32:0000 | nq:doc1708250:C128-S32:0000,nq:doc1539132:C128-S32:0000 | nq:doc39312:C128-S32:0000 | nq:doc39333:C128-S32:0000 | nq:doc39331:C128-S32:0000 | nq:doc39332:C128-S32:0000,nq:doc1539132:C128-S32:0000 | nq:doc39312:C128-S32:0000 | nq:doc39333:C128-S32:0000 | nq:doc39331:C128-S32:0000 | nq:doc39332:C128-S32:0000,unlikely,output ends with terminal punctuation and is below heuristic length,True,evaluation_normalization_issue,non-exact generated answer retains normalized token overlap,False,False
nq,bm25,13,test112,when is the last time the dolphins went to the superbowl,Super Bowl XIX || 1984,The last time the Dolphins went to the Super Bowl was in 1972 when they won Super Bowl VIII.,0.210526,False,False,False,False,False,nq:doc1243531:C128-S32:0001 | nq:doc1108513:C128-S32:0000 | nq:doc1108513:C128-S32:0001 | nq:doc4028:C128-S32:0000 | nq:doc2194357:C128-S32:0000 | nq:doc1265545:C128-S32:0001 | nq:doc1953536:C128-S32:0000 | nq:doc236852:C128-S32:0000 | nq:doc4068:C128-S32:0000 | nq:doc323383:C128-S32:0001 | nq:doc21026:C128-S32:0000 | nq:doc858461:C128-S32:0002 | nq:doc1108067:C128-S32:0000 | nq:doc2185572:C128-S32:0000 | nq:doc2185559:C128-S32:0000 | nq:doc4041:C128-S32:0000 | nq:doc2540732:C128-S32:0000 | nq:doc1089387:C128-S32:0001 | nq:doc758887:C128-S32:0000 | nq:doc1550562:C128-S32:0001 | nq:doc4052:C128-S32:0000 | nq:doc1089386:C128-S32:0000 | nq:doc2540739:C128-S32:0000 | nq:doc1243566:C128-S32:0000 | nq:doc1311013:C128-S32:0001 | nq:doc2429732:C128-S32:0000 | nq:doc277543:C128-S32:0000 | nq:doc2540742:C128-S32:0000 | nq:doc2540740:C128-S32:0000 | nq:doc1311014:C128-S32:0000 | nq:doc2253499:C128-S32:0000 | nq:doc2540741:C128-S32:0000 | nq:doc1688678:C128-S32:0002 | nq:doc1089390:C128-S32:0000 | nq:doc180776:C128-S32:0000 | nq:doc1311010:C128-S32:0000 | nq:doc411974:C128-S32:0000 | nq:doc363614:C128-S32:0000 | nq:doc742948:C128-S32:0001 | nq:doc116130:C128-S32:0002 | nq:doc2013629:C128-S32:0001 | nq:doc1787041:C128-S32:0000 | nq:doc1243532:C128-S32:0000 | nq:doc21011:C128-S32:0001 | nq:doc1089388:C128-S32:0000 | nq:doc1610327:C128-S32:0000 | nq:doc701156:C128-S32:0000 | nq:doc1089386:C128-S32:0002 | nq:doc4023:C128-S32:0000 | nq:doc1873229:C128-S32:0000,nq:doc1311014:C128-S32:0000 | nq:doc2253499:C128-S32:0000 | nq:doc4041:C128-S32:0000 | nq:doc4023:C128-S32:0000 | nq:doc1089386:C128-S32:0002,nq:doc1311014:C128-S32:0000 | nq:doc2253499:C128-S32:0000 | nq:doc4041:C128-S32:0000 | nq:doc4023:C128-S32:0000 | nq:doc1089386:C128-S32:0002,unlikely,output ends with terminal punctuation and is below heuristic length,True,retrieval_miss,no qrel document in retrieval top-50,False,False
nq,bm25,13,test1136,who introduced the first chrismas tree to the uk,Charlotte of Mecklenburg-Strelitz,"The first Christmas tree to the UK was introduced by Queen Charlotte, wife of King George III. However, the custom became more widespread in Britain after Prince Albert, during the reign of Queen Victoria, further popularized it.",0.108108,True,False,True,True,True,nq:doc40235:C128-S32:0000 | nq:doc1655462:C128-S32:0000 | nq:doc2596218:C128-S32:0000 | nq:doc2066535:C128-S32:0000 | nq:doc40277:C128-S32:0000 | nq:doc40242:C128-S32:0001 | nq:doc334001:C128-S32:0000 | nq:doc800958:C128-S32:0000 | nq:doc25900:C128-S32:0000 | nq:doc2066537:C128-S32:0000 | nq:doc40315:C128-S32:0000 | nq:doc735702:C128-S32:0000 | nq:doc40236:C128-S32:0000 | nq:doc2037149:C128-S32:0000 | nq:doc625279:C128-S32:0000 | nq:doc1452557:C128-S32:0000 | nq:doc625299:C128-S32:0000 | nq:doc1205390:C128-S32:0000 | nq:doc1193161:C128-S32:0001 | nq:doc82525:C128-S32:0000 | nq:doc1693729:C128-S32:0000 | nq:doc2355404:C128-S32:0000 | nq:doc728680:C128-S32:0000 | nq:doc794310:C128-S32:0000 | nq:doc13802:C128-S32:0000 | nq:doc871639:C128-S32:0000 | nq:doc349321:C128-S32:0000 | nq:doc339806:C128-S32:0000 | nq:doc2139387:C128-S32:0000 | nq:doc2529509:C128-S32:0001 | nq:doc1259838:C128-S32:0000 | nq:doc78001:C128-S32:0000 | nq:doc2637639:C128-S32:0000 | nq:doc53119:C128-S32:0000 | nq:doc2127613:C128-S32:0001 | nq:doc805636:C128-S32:0000 | nq:doc1743305:C128-S32:0000 | nq:doc251194:C128-S32:0000 | nq:doc2514924:C128-S32:0000 | nq:doc1849660:C128-S32:0000 | nq:doc749229:C128-S32:0000 | nq:doc2534162:C128-S32:0000 | nq:doc1613650:C128-S32:0000 | nq:doc979089:C128-S32:0000 | nq:doc1522394:C128-S32:0000 | nq:doc1063845:C128-S32:0000 | nq:doc2127613:C128-S32:0000 | nq:doc874889:C128-S32:0000 | nq:doc1652280:C128-S32:0000 | nq:doc674313:C128-S32:0000,nq:doc800958:C128-S32:0000 | nq:doc1655462:C128-S32:0000 | nq:doc40236:C128-S32:0000 | nq:doc82525:C128-S32:0000 | nq:doc40277:C128-S32:0000,nq:doc800958:C128-S32:0000 | nq:doc1655462:C128-S32:0000 | nq:doc40236:C128-S32:0000 | nq:doc82525:C128-S32:0000 | nq:doc40277:C128-S32:0000,unlikely,output ends with terminal punctuation and is below heuristic length,True,evaluation_normalization_issue,non-exact generated answer retains normalized token overlap,False,False
nq,bm25,13,test1149,chemicals produced in one part of a plant that affect the growth and response of other parts,Plant hormones || hormones,The answer is: hormones.,0.5,True,False,True,False,False,nq:doc40766:C128-S32:0000 | nq:doc40761:C128-S32:0000 | nq:doc1551212:C128-S32:0000 | nq:doc40772:C128-S32:0000 | nq:doc903321:C128-S32:0001 | nq:doc40762:C128-S32:0000 | nq:doc40759:C128-S32:0000 | nq:doc1226657:C128-S32:0000 | nq:doc1551200:C128-S32:0000 | nq:doc238849:C128-S32:0000 | nq:doc661081:C128-S32:0000 | nq:doc1821821:C128-S32:0000 | nq:doc1547183:C128-S32:0000 | nq:doc2121590:C128-S32:0000 | nq:doc1836314:C128-S32:0000 | nq:doc2670455:C128-S32:0000 | nq:doc40758:C128-S32:0000 | nq:doc2426621:C128-S32:0001 | nq:doc40769:C128-S32:0000 | nq:doc124968:C128-S32:0000 | nq:doc177414:C128-S32:0000 | nq:doc1412060:C128-S32:0000 | nq:doc2659831:C128-S32:0000 | nq:doc1851039:C128-S32:0000 | nq:doc1332828:C128-S32:0000 | nq:doc2366146:C128-S32:0000 | nq:doc1551213:C128-S32:0000 | nq:doc1816558:C128-S32:0000 | nq:doc445696:C128-S32:0000 | nq:doc40775:C128-S32:0000 | nq:doc2248335:C128-S32:0000 | nq:doc1551225:C128-S32:0000 | nq:doc533145:C128-S32:0000 | nq:doc440293:C128-S32:0000 | nq:doc2172347:C128-S32:0001 | nq:doc300898:C128-S32:0000 | nq:doc165297:C128-S32:0001 | nq:doc446713:C128-S32:0000 | nq:doc1851087:C128-S32:0000 | nq:doc1761983:C128-S32:0000 | nq:doc1551211:C128-S32:0000 | nq:doc40759:C128-S32:0001 | nq:doc339817:C128-S32:0001 | nq:doc1376386:C128-S32:0003 | nq:doc40769:C128-S32:0001 | nq:doc404840:C128-S32:0000 | nq:doc40764:C128-S32:0001 | nq:doc2544249:C128-S32:0000 | nq:doc63696:C128-S32:0000 | nq:doc2172335:C128-S32:0000,nq:doc1551200:C128-S32:0000 | nq:doc1836314:C128-S32:0000 | nq:doc1551212:C128-S32:0000 | nq:doc1226657:C128-S32:0000 | nq:doc1412060:C128-S32:0000,nq:doc1551200:C128-S32:0000 | nq:doc1836314:C128-S32:0000 | nq:doc1551212:C128-S32:0000 | nq:doc1226657:C128-S32:0000 | nq:doc1412060:C128-S32:0000,uncertain,non-terminal ending at moderate length,True,rerank_or_context_miss,retrieved qrel evidence not retained in reranker top-5,False,False
nq,bm25,13,test1160,who is john snow on game of thrones,Kit Harington,"Jon Snow is a fictional character in the *A Song of Ice and Fire* series of fantasy novels by George R. R. Martin, and its television adaptation *Game of Thrones*. He is portrayed by Kit Harington in the TV series. Jon is introduced as the 14-year-old bastard son of E",0.081633,True,False,True,True,True,nq:doc1100416:C128-S32:0000 | nq:doc470814:C128-S32:0000 | nq:doc568234:C128-S32:0000 | nq:doc44532:C128-S32:0000 | nq:doc1155313:C128-S32:0000 | nq:doc513029:C128-S32:0000 | nq:doc2619349:C128-S32:0000 | nq:doc852381:C128-S32:0000 | nq:doc757533:C128-S32:0000 | nq:doc371898:C128-S32:0000 | nq:doc1408405:C128-S32:0001 | nq:doc81703:C128-S32:0000 | nq:doc1399796:C128-S32:0000 | nq:doc65784:C128-S32:0000 | nq:doc65750:C128-S32:0000 | nq:doc218244:C128-S32:0000 | nq:doc490408:C128-S32:0000 | nq:doc1155319:C128-S32:0000 | nq:doc2621469:C128-S32:0000 | nq:doc513035:C128-S32:0000 | nq:doc41135:C128-S32:0000 | nq:doc41132:C128-S32:0000 | nq:doc41161:C128-S32:0000 | nq:doc568223:C128-S32:0000 | nq:doc1378942:C128-S32:0000 | nq:doc1408225:C128-S32:0000 | nq:doc41162:C128-S32:0000 | nq:doc961812:C128-S32:0000 | nq:doc470807:C128-S32:0000 | nq:doc1408227:C128-S32:0000 | nq:doc2621491:C128-S32:0000 | nq:doc2353742:C128-S32:0000 | nq:doc757542:C128-S32:0000 | nq:doc2528107:C128-S32:0000 | nq:doc301750:C128-S32:0000 | nq:doc657230:C128-S32:0000 | nq:doc65764:C128-S32:0000 | nq:doc1334830:C128-S32:0000 | nq:doc1100418:C128-S32:0000 | nq:doc41146:C128-S32:0000 | nq:doc568235:C128-S32:0000 | nq:doc1100409:C128-S32:0000 | nq:doc140202:C128-S32:0000 | nq:doc41134:C128-S32:0000 | nq:doc44530:C128-S32:0000 | nq:doc2488279:C128-S32:0000 | nq:doc1003302:C128-S32:0000 | nq:doc1471038:C128-S32:0000 | nq:doc213930:C128-S32:0000 | nq:doc404600:C128-S32:0000,nq:doc41134:C128-S32:0000 | nq:doc1408225:C128-S32:0000 | nq:doc41132:C128-S32:0000 | nq:doc470807:C128-S32:0000 | nq:doc41135:C128-S32:0000,nq:doc41134:C128-S32:0000 | nq:doc1408225:C128-S32:0000 | nq:doc41132:C128-S32:0000 | nq:doc470807:C128-S32:0000 | nq:doc41135:C128-S32:0000,uncertain,non-terminal ending at moderate length,True,evaluation_normalization_issue,non-exact generated answer retains normalized token overlap,False,False
nq,bm25,13,test1166,when was south african youth day first celebrated,1976 || June 16,I don't know.,0.0,False,False,False,False,False,nq:doc198779:C128-S32:0000 | nq:doc1343264:C128-S32:0000 | nq:doc1769997:C128-S32:0000 | nq:doc2220738:C128-S32:0000 | nq:doc1975953:C128-S32:0000 | nq:doc330435:C128-S32:0000 | nq:doc1367332:C128-S32:0000 | nq:doc41377:C128-S32:0000 | nq:doc1975960:C128-S32:0000 | nq:doc424103:C128-S32:0000 | nq:doc41372:C128-S32:0000 | nq:doc1749699:C128-S32:0000 | nq:doc41385:C128-S32:0000 | nq:doc175581:C128-S32:0000 | nq:doc380019:C128-S32:0000 | nq:doc1558191:C128-S32:0000 | nq:doc41367:C128-S32:0000 | nq:doc41376:C128-S32:0000 | nq:doc517694:C128-S32:0000 | nq:doc2001343:C128-S32:0000 | nq:doc41384:C128-S32:0000 | nq:doc330493:C128-S32:0000 | nq:doc119759:C128-S32:0000 | nq:doc50705:C128-S32:0000 | nq:doc1436338:C128-S32:0000 | nq:doc1476726:C128-S32:0000 | nq:doc41381:C128-S32:0000 | nq:doc2311765:C128-S32:0000 | nq:doc2600730:C128-S32:0000 | nq:doc1424626:C128-S32:0000 | nq:doc198803:C128-S32:0000 | nq:doc1331021:C128-S32:0000 | nq:doc1975954:C128-S32:0000 | nq:doc1527164:C128-S32:0000 | nq:doc41366:C128-S32:0000 | nq:doc1343265:C128-S32:0000 | nq:doc461084:C128-S32:0000 | nq:doc791208:C128-S32:0000 | nq:doc1898708:C128-S32:0000 | nq:doc1424620:C128-S32:0000 | nq:doc242286:C128-S32:0000 | nq:doc1749703:C128-S32:0000 | nq:doc2251541:C128-S32:0000 | nq:doc355069:C128-S32:0000 | nq:doc734828:C128-S32:0000 | nq:doc567280:C128-S32:0000 | nq:doc1436346:C128-S32:0000 | nq:doc2431432:C128-S32:0000 | nq:doc1975963:C128-S32:0000 | nq:doc613271:C128-S32:0000,nq:doc2220738:C128-S32:0000 | nq:doc41366:C128-S32:0000 | nq:doc2431432:C128-S32:0000 | nq:doc1367332:C128-S32:0000 | nq:doc41384:C128-S32:0000,nq:doc2220738:C128-S32:0000 | nq:doc41366:C128-S32:0000 | nq:doc2431432:C128-S32:0000 | nq:doc1367332:C128-S32:0000 | nq:doc41384:C128-S32:0000,unlikely,output ends with terminal punctuation and is below heuristic length,False,retrieval_miss,no qrel document in retrieval top-50,False,False
nq,bm25,13,test1167,who has the most trophies in la liga,Real Madrid,"The answer is not directly supported by the context. While the context mentions that Lionel Messi has won 31 trophies with Barcelona, it does not explicitly state who has the most trophies in La Liga overall. Therefore, I don't know.",0.0,False,False,False,False,False,nq:doc154427:C128-S32:0000 | nq:doc2615414:C128-S32:0000 | nq:doc1925350:C128-S32:0000 | nq:doc101769:C128-S32:0000 | nq:doc2399597:C128-S32:0000 | nq:doc1925360:C128-S32:0000 | nq:doc1340788:C128-S32:0000 | nq:doc1918534:C128-S32:0000 | nq:doc1925404:C128-S32:0000 | nq:doc44177:C128-S32:0000 | nq:doc1744529:C128-S32:0001 | nq:doc1340820:C128-S32:0000 | nq:doc650423:C128-S32:0001 | nq:doc2399580:C128-S32:0000 | nq:doc650423:C128-S32:0000 | nq:doc1340809:C128-S32:0001 | nq:doc44177:C128-S32:0001 | nq:doc2661980:C128-S32:0000 | nq:doc1925333:C128-S32:0000 | nq:doc2399607:C128-S32:0000 | nq:doc660900:C128-S32:0000 | nq:doc1925335:C128-S32:0000 | nq:doc1176509:C128-S32:0000 | nq:doc154429:C128-S32:0000 | nq:doc154406:C128-S32:0000 | nq:doc201664:C128-S32:0000 | nq:doc2010096:C128-S32:0000 | nq:doc41387:C128-S32:0000 | nq:doc360488:C128-S32:0000 | nq:doc690700:C128-S32:0000 | nq:doc1918525:C128-S32:0000 | nq:doc1432838:C128-S32:0000 | nq:doc1744529:C128-S32:0000 | nq:doc154409:C128-S32:0000 | nq:doc154433:C128-S32:0000 | nq:doc44226:C128-S32:0001 | nq:doc2550949:C128-S32:0001 | nq:doc2326821:C128-S32:0000 | nq:doc154424:C128-S32:0000 | nq:doc154434:C128-S32:0000 | nq:doc1925373:C128-S32:0000 | nq:doc1925383:C128-S32:0000 | nq:doc704963:C128-S32:0000 | nq:doc1112689:C128-S32:0000 | nq:doc2010097:C128-S32:0000 | nq:doc154428:C128-S32:0000 | nq:doc154431:C128-S32:0000 | nq:doc235156:C128-S32:0001 | nq:doc1514548:C128-S32:0000 | nq:doc638336:C128-S32:0000,nq:doc2010097:C128-S32:0000 | nq:doc154424:C128-S32:0000 | nq:doc2010096:C128-S32:0000 | nq:doc1176509:C128-S32:0000 | nq:doc44177:C128-S32:0000,nq:doc2010097:C128-S32:0000 | nq:doc154424:C128-S32:0000 | nq:doc2010096:C128-S32:0000 | nq:doc1176509:C128-S32:0000 | nq:doc44177:C128-S32:0000,unlikely,output ends with terminal punctuation and is below heuristic length,False,retrieval_miss,no qrel document in retrieval top-50,False,False
nq,bm25,13,test1178,when did the ouija board first come out,"July 1, 1890","The Ouija board was first commercially introduced by businessman Elijah Bond on July 1, 1890.",0.352941,True,False,True,True,True,nq:doc41756:C128-S32:0000 | nq:doc41784:C128-S32:0001 | nq:doc41766:C128-S32:0000 | nq:doc2354716:C128-S32:0000 | nq:doc41775:C128-S32:0000 | nq:doc41780:C128-S32:0000 | nq:doc41771:C128-S32:0000 | nq:doc41784:C128-S32:0002 | nq:doc41782:C128-S32:0000 | nq:doc41757:C128-S32:0000 | nq:doc41770:C128-S32:0000 | nq:doc41785:C128-S32:0000 | nq:doc41784:C128-S32:0000 | nq:doc41786:C128-S32:0000 | nq:doc41779:C128-S32:0000 | nq:doc41763:C128-S32:0000 | nq:doc2354714:C128-S32:0000 | nq:doc2354720:C128-S32:0000 | nq:doc41768:C128-S32:0000 | nq:doc41781:C128-S32:0000 | nq:doc41769:C128-S32:0000 | nq:doc41762:C128-S32:0000 | nq:doc2354717:C128-S32:0000 | nq:doc41760:C128-S32:0000 | nq:doc41759:C128-S32:0000 | nq:doc2354719:C128-S32:0000 | nq:doc41764:C128-S32:0000 | nq:doc41778:C128-S32:0000 | nq:doc41773:C128-S32:0000 | nq:doc41774:C128-S32:0000 | nq:doc41772:C128-S32:0000 | nq:doc2451554:C128-S32:0000 | nq:doc2227253:C128-S32:0000 | nq:doc2391245:C128-S32:0002 | nq:doc41767:C128-S32:0000 | nq:doc13121:C128-S32:0000 | nq:doc1411032:C128-S32:0002 | nq:doc41761:C128-S32:0000 | nq:doc41783:C128-S32:0000 | nq:doc1671288:C128-S32:0000 | nq:doc2451554:C128-S32:0001 | nq:doc41765:C128-S32:0000 | nq:doc1324975:C128-S32:0000 | nq:doc1208528:C128-S32:0000 | nq:doc2508868:C128-S32:0000 | nq:doc2652657:C128-S32:0000 | nq:doc1031587:C128-S32:0000 | nq:doc1428022:C128-S32:0000 | nq:doc2652671:C128-S32:0000 | nq:doc2354718:C128-S32:0000,nq:doc41757:C128-S32:0000 | nq:doc41762:C128-S32:0000 | nq:doc41773:C128-S32:0000 | nq:doc41763:C128-S32:0000 | nq:doc41760:C128-S32:0000,nq:doc41757:C128-S32:0000 | nq:doc41762:C128-S32:0000 | nq:doc41773:C128-S32:0000 | nq:doc41763:C128-S32:0000 | nq:doc41760:C128-S32:0000,unlikely,output ends with terminal punctuation and is below heuristic length,True,evaluation_normalization_issue,non-exact generated answer retains normalized token overlap,False,False
nq,bm25,13,test1180,where was the movie the glass castle filmed,"in Welch, West Virginia || Welch, West Virginia","The movie ""The Glass Castle"" was filmed in Welch, West Virginia.",0.615385,False,False,False,False,False,nq:doc1553941:C128-S32:0000 | nq:doc722823:C128-S32:0000 | nq:doc1342613:C128-S32:0000 | nq:doc1740384:C128-S32:0000 | nq:doc365554:C128-S32:0000 | nq:doc1029354:C128-S32:0000 | nq:doc2050491:C128-S32:0000 | nq:doc1029355:C128-S32:0000 | nq:doc41810:C128-S32:0000 | nq:doc722811:C128-S32:0000 | nq:doc99116:C128-S32:0001 | nq:doc13058:C128-S32:0000 | nq:doc1380014:C128-S32:0000 | nq:doc2451737:C128-S32:0001 | nq:doc586636:C128-S32:0000 | nq:doc768903:C128-S32:0000 | nq:doc722812:C128-S32:0000 | nq:doc2619637:C128-S32:0000 | nq:doc17802:C128-S32:0000 | nq:doc395116:C128-S32:0000 | nq:doc41811:C128-S32:0000 | nq:doc586645:C128-S32:0000 | nq:doc2492257:C128-S32:0000 | nq:doc1972196:C128-S32:0000 | nq:doc138021:C128-S32:0000 | nq:doc175889:C128-S32:0000 | nq:doc2129873:C128-S32:0000 | nq:doc638743:C128-S32:0000 | nq:doc2518174:C128-S32:0000 | nq:doc61314:C128-S32:0000 | nq:doc1911150:C128-S32:0001 | nq:doc1946091:C128-S32:0001 | nq:doc41806:C128-S32:0000 | nq:doc41812:C128-S32:0000 | nq:doc41813:C128-S32:0000 | nq:doc671029:C128-S32:0001 | nq:doc1698348:C128-S32:0000 | nq:doc900509:C128-S32:0000 | nq:doc665353:C128-S32:0000 | nq:doc327397:C128-S32:0000 | nq:doc2319561:C128-S32:0001 | nq:doc1902015:C128-S32:0000 | nq:doc586640:C128-S32:0000 | nq:doc1954683:C128-S32:0000 | nq:doc2042524:C128-S32:0000 | nq:doc52369:C128-S32:0001 | nq:doc372083:C128-S32:0001 | nq:doc2257577:C128-S32:0000 | nq:doc1029352:C128-S32:0000 | nq:doc722822:C128-S32:0000,nq:doc722823:C128-S32:0000 | nq:doc41811:C128-S32:0000 | nq:doc52369:C128-S32:0001 | nq:doc722812:C128-S32:0000 | nq:doc41810:C128-S32:0000,nq:doc722823:C128-S32:0000 | nq:doc41811:C128-S32:0000 | nq:doc52369:C128-S32:0001 | nq:doc722812:C128-S32:0000 | nq:doc41810:C128-S32:0000,unlikely,output ends with terminal punctuation and is below heuristic length,True,retrieval_miss,no qrel document in retrieval top-50,False,False
nq,bge_dense,13,test1,how many episodes are in chicago fire season 4,23,The answer is 23 episodes.,0.4,True,True,True,True,True,nq:doc827555:C128-S32:0000 | nq:doc1977618:C128-S32:0000 | nq:doc6:C128-S32:0000 | nq:doc917878:C128-S32:0000 | nq:doc290459:C128-S32:0000 | nq:doc2212380:C128-S32:0000 | nq:doc2219455:C128-S32:0001 | nq:doc1582043:C128-S32:0000 | nq:doc1234570:C128-S32:0000 | nq:doc827566:C128-S32:0000 | nq:doc1834658:C128-S32:0000 | nq:doc590827:C128-S32:0001 | nq:doc948794:C128-S32:0000 | nq:doc1816992:C128-S32:0000 | nq:doc135451:C128-S32:0000 | nq:doc1470311:C128-S32:0000 | nq:doc1696935:C128-S32:0001 | nq:doc795716:C128-S32:0000 | nq:doc752246:C128-S32:0000 | nq:doc1078746:C128-S32:0000 | nq:doc761795:C128-S32:0000 | nq:doc1963743:C128-S32:0000 | nq:doc2385664:C128-S32:0000 | nq:doc1727356:C128-S32:0000 | nq:doc7:C128-S32:0000 | nq:doc2219463:C128-S32:0001 | nq:doc2227438:C128-S32:0000 | nq:doc1446618:C128-S32:0000 | nq:doc334675:C128-S32:0000 | nq:doc729250:C128-S32:0001 | nq:doc242196:C128-S32:0000 | nq:doc1241687:C128-S32:0000 | nq:doc894729:C128-S32:0000 | nq:doc685034:C128-S32:0000 | nq:doc1036668:C128-S32:0000 | nq:doc1174869:C128-S32:0000 | nq:doc2094078:C128-S32:0000 | nq:doc2425132:C128-S32:0000 | nq:doc332099:C128-S32:0001 | nq:doc2219463:C128-S32:0000 | nq:doc923163:C128-S32:0001 | nq:doc1549434:C128-S32:0000 | nq:doc1081224:C128-S32:0001 | nq:doc36250:C128-S32:0000 | nq:doc67419:C128-S32:0000 | nq:doc301:C128-S32:0001 | nq:doc46011:C128-S32:0000 | nq:doc103379:C128-S32:0001 | nq:doc67417:C128-S32:0000 | nq:doc1202025:C128-S32:0000,nq:doc6:C128-S32:0000 | nq:doc1582043:C128-S32:0000 | nq:doc917878:C128-S32:0000 | nq:doc301:C128-S32:0001 | nq:doc7:C128-S32:0000,nq:doc6:C128-S32:0000 | nq:doc1582043:C128-S32:0000 | nq:doc917878:C128-S32:0000 | nq:doc301:C128-S32:0001 | nq:doc7:C128-S32:0000,unlikely,output ends with terminal punctuation and is below heuristic length,True,evaluation_normalization_issue,non-exact generated answer retains normalized token overlap,False,False
nq,bge_dense,13,test10,when is the new tappan zee bridge going to be finished,"by June 15, 2018 || June 15, 2018","The New Tappan Zee Bridge is expected to be completed by June 15, 2018.",0.470588,True,True,True,False,False,nq:doc127:C128-S32:0000 | nq:doc122:C128-S32:0000 | nq:doc558555:C128-S32:0000 | nq:doc118:C128-S32:0000 | nq:doc130:C128-S32:0000 | nq:doc558560:C128-S32:0000 | nq:doc558564:C128-S32:0000 | nq:doc126:C128-S32:0000 | nq:doc558551:C128-S32:0000 | nq:doc125:C128-S32:0000 | nq:doc558559:C128-S32:0000 | nq:doc132:C128-S32:0000 | nq:doc558558:C128-S32:0000 | nq:doc128:C128-S32:0000 | nq:doc133:C128-S32:0000 | nq:doc558551:C128-S32:0001 | nq:doc558561:C128-S32:0000 | nq:doc116:C128-S32:0000 | nq:doc2678269:C128-S32:0001 | nq:doc117:C128-S32:0000 | nq:doc558552:C128-S32:0000 | nq:doc124:C128-S32:0000 | nq:doc119:C128-S32:0000 | nq:doc129:C128-S32:0000 | nq:doc121:C128-S32:0000 | nq:doc134:C128-S32:0000 | nq:doc558562:C128-S32:0000 | nq:doc558566:C128-S32:0000 | nq:doc558554:C128-S32:0000 | nq:doc1227178:C128-S32:0001 | nq:doc558557:C128-S32:0000 | nq:doc651373:C128-S32:0000 | nq:doc907913:C128-S32:0000 | nq:doc558563:C128-S32:0000 | nq:doc2278392:C128-S32:0001 | nq:doc1172229:C128-S32:0000 | nq:doc1467868:C128-S32:0000 | nq:doc120:C128-S32:0000 | nq:doc1898689:C128-S32:0001 | nq:doc558553:C128-S32:0000 | nq:doc2312238:C128-S32:0001 | nq:doc1257312:C128-S32:0000 | nq:doc558567:C128-S32:0000 | nq:doc135:C128-S32:0000 | nq:doc2547548:C128-S32:0000 | nq:doc810658:C128-S32:0002 | nq:doc558556:C128-S32:0000 | nq:doc558565:C128-S32:0000 | nq:doc688673:C128-S32:0002 | nq:doc2540200:C128-S32:0000,nq:doc2678269:C128-S32:0001 | nq:doc558555:C128-S32:0000 | nq:doc2312238:C128-S32:0001 | nq:doc122:C128-S32:0000 | nq:doc558560:C128-S32:0000,nq:doc2678269:C128-S32:0001 | nq:doc558555:C128-S32:0000 | nq:doc2312238:C128-S32:0001 | nq:doc122:C128-S32:0000 | nq:doc558560:C128-S32:0000,unlikely,output ends with terminal punctuation and is below heuristic length,True,rerank_or_context_miss,retrieved qrel evidence not retained in reranker top-5,False,False
nq,bge_dense,13,test1004,how many books are in the one piece series,83 || more than 80,The One Piece series has been collected in 88 tankōbon volumes.,0.0,True,False,True,False,False,nq:doc419958:C128-S32:0000 | nq:doc2290196:C128-S32:0000 | nq:doc35437:C128-S32:0000 | nq:doc1617429:C128-S32:0000 | nq:doc345254:C128-S32:0000 | nq:doc419970:C128-S32:0000 | nq:doc419956:C128-S32:0000 | nq:doc420001:C128-S32:0001 | nq:doc419986:C128-S32:0000 | nq:doc1552184:C128-S32:0000 | nq:doc419971:C128-S32:0000 | nq:doc770235:C128-S32:0000 | nq:doc419985:C128-S32:0000 | nq:doc419965:C128-S32:0000 | nq:doc605145:C128-S32:0000 | nq:doc345331:C128-S32:0000 | nq:doc419972:C128-S32:0000 | nq:doc419992:C128-S32:0000 | nq:doc419959:C128-S32:0000 | nq:doc345312:C128-S32:0000 | nq:doc1611479:C128-S32:0000 | nq:doc345250:C128-S32:0000 | nq:doc1746354:C128-S32:0000 | nq:doc345297:C128-S32:0000 | nq:doc2469545:C128-S32:0000 | nq:doc345378:C128-S32:0000 | nq:doc419957:C128-S32:0000 | nq:doc1550783:C128-S32:0000 | nq:doc1287921:C128-S32:0000 | nq:doc2469544:C128-S32:0000 | nq:doc35438:C128-S32:0000 | nq:doc2290197:C128-S32:0000 | nq:doc584016:C128-S32:0000 | nq:doc345361:C128-S32:0000 | nq:doc345269:C128-S32:0000 | nq:doc1579442:C128-S32:0000 | nq:doc419993:C128-S32:0000 | nq:doc345257:C128-S32:0000 | nq:doc2185090:C128-S32:0000 | nq:doc2265515:C128-S32:0001 | nq:doc2469547:C128-S32:0000 | nq:doc345285:C128-S32:0000 | nq:doc2290198:C128-S32:0000 | nq:doc345264:C128-S32:0000 | nq:doc345315:C128-S32:0000 | nq:doc2193281:C128-S32:0000 | nq:doc345382:C128-S32:0000 | nq:doc770237:C128-S32:0000 | nq:doc345286:C128-S32:0000 | nq:doc2469551:C128-S32:0000,nq:doc419956:C128-S32:0000 | nq:doc419971:C128-S32:0000 | nq:doc35437:C128-S32:0000 | nq:doc419986:C128-S32:0000 | nq:doc2193281:C128-S32:0000,nq:doc419956:C128-S32:0000 | nq:doc419971:C128-S32:0000 | nq:doc35437:C128-S32:0000 | nq:doc419986:C128-S32:0000 | nq:doc2193281:C128-S32:0000,unlikely,output ends with terminal punctuation and is below heuristic length,False,rerank_or_context_miss,retrieved qrel evidence not retained in reranker top-5,False,False
nq,bge_dense,13,test1019,who become ceo of wipro company in 2016,Abid Ali Neemuchwala,Abidali Neemuchwala became the CEO of Wipro company in 2016.,0.166667,True,True,True,True,True,nq:doc35963:C128-S32:0000 | nq:doc1454760:C128-S32:0000 | nq:doc35947:C128-S32:0000 | nq:doc35962:C128-S32:0000 | nq:doc35942:C128-S32:0000 | nq:doc35939:C128-S32:0000 | nq:doc35953:C128-S32:0000 | nq:doc35959:C128-S32:0000 | nq:doc35951:C128-S32:0000 | nq:doc35961:C128-S32:0000 | nq:doc35949:C128-S32:0000 | nq:doc35950:C128-S32:0000 | nq:doc35948:C128-S32:0001 | nq:doc35957:C128-S32:0000 | nq:doc2312469:C128-S32:0000 | nq:doc35954:C128-S32:0000 | nq:doc2582288:C128-S32:0000 | nq:doc1454761:C128-S32:0000 | nq:doc35943:C128-S32:0000 | nq:doc35941:C128-S32:0000 | nq:doc1647885:C128-S32:0000 | nq:doc35958:C128-S32:0000 | nq:doc1156005:C128-S32:0000 | nq:doc732413:C128-S32:0000 | nq:doc1719688:C128-S32:0000 | nq:doc817347:C128-S32:0000 | nq:doc587413:C128-S32:0000 | nq:doc840368:C128-S32:0000 | nq:doc35948:C128-S32:0000 | nq:doc914250:C128-S32:0001 | nq:doc35946:C128-S32:0000 | nq:doc2176662:C128-S32:0000 | nq:doc2264591:C128-S32:0000 | nq:doc35944:C128-S32:0000 | nq:doc1153114:C128-S32:0000 | nq:doc916372:C128-S32:0000 | nq:doc1454764:C128-S32:0000 | nq:doc624826:C128-S32:0000 | nq:doc1836641:C128-S32:0000 | nq:doc975501:C128-S32:0001 | nq:doc2515755:C128-S32:0000 | nq:doc2443174:C128-S32:0000 | nq:doc587388:C128-S32:0000 | nq:doc1792841:C128-S32:0000 | nq:doc2440633:C128-S32:0000 | nq:doc914250:C128-S32:0000 | nq:doc502167:C128-S32:0000 | nq:doc1005076:C128-S32:0000 | nq:doc138087:C128-S32:0000 | nq:doc272658:C128-S32:0000,nq:doc1454760:C128-S32:0000 | nq:doc35963:C128-S32:0000 | nq:doc2440633:C128-S32:0000 | nq:doc817347:C128-S32:0000 | nq:doc1156005:C128-S32:0000,nq:doc1454760:C128-S32:0000 | nq:doc35963:C128-S32:0000 | nq:doc2440633:C128-S32:0000 | nq:doc817347:C128-S32:0000 | nq:doc1156005:C128-S32:0000,unlikely,output ends with terminal punctuation and is below heuristic length,True,evaluation_normalization_issue,non-exact generated answer retains normalized token overlap,False,False
nq,bge_dense,13,test1021,what does a bull shark tooth look like,needle-like teeth || needle-like,"A bull shark tooth is needle-like and is used to feed on small prey like squid, flounder, stingrays, and even hammerhead sharks.",0.166667,True,False,True,True,True,nq:doc35987:C128-S32:0000 | nq:doc363885:C128-S32:0000 | nq:doc35973:C128-S32:0000 | nq:doc1775646:C128-S32:0001 | nq:doc1775646:C128-S32:0000 | nq:doc35979:C128-S32:0000 | nq:doc2030632:C128-S32:0000 | nq:doc35977:C128-S32:0000 | nq:doc2343032:C128-S32:0000 | nq:doc405479:C128-S32:0000 | nq:doc35974:C128-S32:0000 | nq:doc1775647:C128-S32:0000 | nq:doc405475:C128-S32:0000 | nq:doc1775645:C128-S32:0000 | nq:doc35984:C128-S32:0000 | nq:doc35983:C128-S32:0000 | nq:doc2635644:C128-S32:0001 | nq:doc1775659:C128-S32:0000 | nq:doc1775671:C128-S32:0001 | nq:doc1623510:C128-S32:0000 | nq:doc35991:C128-S32:0000 | nq:doc1775671:C128-S32:0000 | nq:doc35988:C128-S32:0000 | nq:doc2030635:C128-S32:0000 | nq:doc1775643:C128-S32:0000 | nq:doc1775642:C128-S32:0000 | nq:doc35986:C128-S32:0000 | nq:doc290749:C128-S32:0001 | nq:doc2635644:C128-S32:0000 | nq:doc2030618:C128-S32:0000 | nq:doc105061:C128-S32:0001 | nq:doc1100329:C128-S32:0000 | nq:doc105061:C128-S32:0000 | nq:doc2030627:C128-S32:0000 | nq:doc35982:C128-S32:0000 | nq:doc1650278:C128-S32:0000 | nq:doc1775661:C128-S32:0000 | nq:doc2434629:C128-S32:0000 | nq:doc290749:C128-S32:0000 | nq:doc405478:C128-S32:0000 | nq:doc1206036:C128-S32:0000 | nq:doc290765:C128-S32:0001 | nq:doc1775640:C128-S32:0000 | nq:doc405465:C128-S32:0000 | nq:doc2030631:C128-S32:0000 | nq:doc663828:C128-S32:0001 | nq:doc35985:C128-S32:0000 | nq:doc35975:C128-S32:0000 | nq:doc35980:C128-S32:0000 | nq:doc2030633:C128-S32:0000,nq:doc2635644:C128-S32:0001 | nq:doc663828:C128-S32:0001 | nq:doc35973:C128-S32:0000 | nq:doc35979:C128-S32:0000 | nq:doc2635644:C128-S32:0000,nq:doc2635644:C128-S32:0001 | nq:doc663828:C128-S32:0001 | nq:doc35973:C128-S32:0000 | nq:doc35979:C128-S32:0000 | nq:doc2635644:C128-S32:0000,unlikely,output ends with terminal punctuation and is below heuristic length,True,evaluation_normalization_issue,non-exact generated answer retains normalized token overlap,False,False
nq,bge_dense,13,test1023,what type of planet is neptune known as,giant || ice giants,Neptune is known as an ice giant.,0.285714,True,True,True,True,True,nq:doc36002:C128-S32:0000 | nq:doc36015:C128-S32:0000 | nq:doc1079046:C128-S32:0000 | nq:doc36044:C128-S32:0001 | nq:doc36003:C128-S32:0000 | nq:doc639019:C128-S32:0001 | nq:doc308193:C128-S32:0001 | nq:doc734525:C128-S32:0000 | nq:doc1220376:C128-S32:0000 | nq:doc36016:C128-S32:0000 | nq:doc36011:C128-S32:0000 | nq:doc1458350:C128-S32:0000 | nq:doc1605601:C128-S32:0000 | nq:doc734561:C128-S32:0000 | nq:doc36014:C128-S32:0000 | nq:doc734553:C128-S32:0000 | nq:doc286347:C128-S32:0000 | nq:doc2412986:C128-S32:0000 | nq:doc36013:C128-S32:0000 | nq:doc639019:C128-S32:0000 | nq:doc1078964:C128-S32:0000 | nq:doc36044:C128-S32:0000 | nq:doc1684385:C128-S32:0001 | nq:doc1605594:C128-S32:0000 | nq:doc83880:C128-S32:0000 | nq:doc955300:C128-S32:0000 | nq:doc734543:C128-S32:0000 | nq:doc734527:C128-S32:0000 | nq:doc1590088:C128-S32:0000 | nq:doc2412972:C128-S32:0000 | nq:doc639031:C128-S32:0000 | nq:doc36003:C128-S32:0001 | nq:doc734554:C128-S32:0000 | nq:doc1605597:C128-S32:0000 | nq:doc36012:C128-S32:0000 | nq:doc1066444:C128-S32:0000 | nq:doc1792561:C128-S32:0000 | nq:doc989690:C128-S32:0001 | nq:doc2075322:C128-S32:0000 | nq:doc2450477:C128-S32:0000 | nq:doc288318:C128-S32:0000 | nq:doc1605597:C128-S32:0001 | nq:doc1590107:C128-S32:0000 | nq:doc288355:C128-S32:0000 | nq:doc1261759:C128-S32:0000 | nq:doc734525:C128-S32:0001 | nq:doc1590105:C128-S32:0000 | nq:doc288318:C128-S32:0001 | nq:doc36048:C128-S32:0000 | nq:doc2412955:C128-S32:0000,nq:doc36016:C128-S32:0000 | nq:doc36002:C128-S32:0000 | nq:doc286347:C128-S32:0000 | nq:doc36015:C128-S32:0000 | nq:doc308193:C128-S32:0001,nq:doc36016:C128-S32:0000 | nq:doc36002:C128-S32:0000 | nq:doc286347:C128-S32:0000 | nq:doc36015:C128-S32:0000 | nq:doc308193:C128-S32:0001,unlikely,output ends with terminal punctuation and is below heuristic length,True,evaluation_normalization_issue,non-exact generated answer retains normalized token overlap,False,False
nq,bge_dense,13,test1054,who made the poppies at tower of london,Paul Cummins || Tom Piper || stage designer Tom Piper,I don't know.,0.0,True,False,True,False,False,nq:doc32667:C128-S32:0000 | nq:doc32623:C128-S32:0000 | nq:doc32635:C128-S32:0000 | nq:doc32679:C128-S32:0000 | nq:doc32650:C128-S32:0000 | nq:doc1306078:C128-S32:0000 | nq:doc1431390:C128-S32:0000 | nq:doc2664612:C128-S32:0000 | nq:doc901443:C128-S32:0000 | nq:doc32644:C128-S32:0000 | nq:doc32662:C128-S32:0000 | nq:doc684699:C128-S32:0000 | nq:doc439289:C128-S32:0000 | nq:doc32625:C128-S32:0000 | nq:doc32626:C128-S32:0000 | nq:doc2371782:C128-S32:0000 | nq:doc32639:C128-S32:0000 | nq:doc166921:C128-S32:0000 | nq:doc504834:C128-S32:0000 | nq:doc1431382:C128-S32:0000 | nq:doc36785:C128-S32:0000 | nq:doc1306082:C128-S32:0000 | nq:doc1306085:C128-S32:0000 | nq:doc681999:C128-S32:0000 | nq:doc472788:C128-S32:0000 | nq:doc2373490:C128-S32:0000 | nq:doc1113678:C128-S32:0000 | nq:doc1306080:C128-S32:0000 | nq:doc36788:C128-S32:0000 | nq:doc1543164:C128-S32:0000 | nq:doc138951:C128-S32:0000 | nq:doc431792:C128-S32:0000 | nq:doc1297788:C128-S32:0001 | nq:doc14505:C128-S32:0000 | nq:doc1309594:C128-S32:0000 | nq:doc983292:C128-S32:0000 | nq:doc32675:C128-S32:0000 | nq:doc32645:C128-S32:0000 | nq:doc265313:C128-S32:0000 | nq:doc32673:C128-S32:0000 | nq:doc466296:C128-S32:0000 | nq:doc901404:C128-S32:0000 | nq:doc32652:C128-S32:0000 | nq:doc265371:C128-S32:0000 | nq:doc1576263:C128-S32:0000 | nq:doc1786663:C128-S32:0000 | nq:doc36792:C128-S32:0001 | nq:doc835360:C128-S32:0000 | nq:doc622135:C128-S32:0000 | nq:doc2009404:C128-S32:0000,nq:doc901404:C128-S32:0000 | nq:doc1431390:C128-S32:0000 | nq:doc2009404:C128-S32:0000 | nq:doc983292:C128-S32:0000 | nq:doc32645:C128-S32:0000,nq:doc901404:C128-S32:0000 | nq:doc1431390:C128-S32:0000 | nq:doc2009404:C128-S32:0000 | nq:doc983292:C128-S32:0000 | nq:doc32645:C128-S32:0000,unlikely,output ends with terminal punctuation and is below heuristic length,False,rerank_or_context_miss,retrieved qrel evidence not retained in reranker top-5,False,False
nq,bge_dense,13,test1062,when does boomer find out she a cylon,Kobol's Last Gleaming,"Boomer finds out she is a Cylon in the episode ""Kobol's Last Gleaming"" when she encounters other Number Eight copies on the basestar and begins to realize her true identity, although she initially refuses to accept it.",0.205128,True,False,True,True,True,nq:doc2003501:C128-S32:0001 | nq:doc37012:C128-S32:0000 | nq:doc36991:C128-S32:0000 | nq:doc36997:C128-S32:0000 | nq:doc36992:C128-S32:0000 | nq:doc36990:C128-S32:0000 | nq:doc37025:C128-S32:0000 | nq:doc37000:C128-S32:0000 | nq:doc36986:C128-S32:0002 | nq:doc2332830:C128-S32:0001 | nq:doc36987:C128-S32:0000 | nq:doc2053650:C128-S32:0000 | nq:doc37010:C128-S32:0000 | nq:doc2053652:C128-S32:0001 | nq:doc36986:C128-S32:0000 | nq:doc36996:C128-S32:0000 | nq:doc2003503:C128-S32:0001 | nq:doc37001:C128-S32:0001 | nq:doc37013:C128-S32:0001 | nq:doc2003500:C128-S32:0000 | nq:doc37023:C128-S32:0001 | nq:doc2371834:C128-S32:0000 | nq:doc37019:C128-S32:0000 | nq:doc37001:C128-S32:0000 | nq:doc37020:C128-S32:0000 | nq:doc37011:C128-S32:0000 | nq:doc37006:C128-S32:0000 | nq:doc37013:C128-S32:0000 | nq:doc235457:C128-S32:0000 | nq:doc2053651:C128-S32:0000 | nq:doc36999:C128-S32:0000 | nq:doc2053647:C128-S32:0001 | nq:doc36994:C128-S32:0000 | nq:doc2332830:C128-S32:0002 | nq:doc1890575:C128-S32:0000 | nq:doc360600:C128-S32:0001 | nq:doc1341546:C128-S32:0000 | nq:doc37010:C128-S32:0001 | nq:doc37023:C128-S32:0000 | nq:doc36993:C128-S32:0000 | nq:doc36989:C128-S32:0000 | nq:doc37003:C128-S32:0000 | nq:doc2053626:C128-S32:0000 | nq:doc2053654:C128-S32:0000 | nq:doc36986:C128-S32:0001 | nq:doc2332832:C128-S32:0001 | nq:doc36988:C128-S32:0000 | nq:doc110586:C128-S32:0000 | nq:doc1277591:C128-S32:0000 | nq:doc2053647:C128-S32:0000,nq:doc1341546:C128-S32:0000 | nq:doc36987:C128-S32:0000 | nq:doc36992:C128-S32:0000 | nq:doc2332830:C128-S32:0001 | nq:doc37010:C128-S32:0000,nq:doc1341546:C128-S32:0000 | nq:doc36987:C128-S32:0000 | nq:doc36992:C128-S32:0000 | nq:doc2332830:C128-S32:0001 | nq:doc37010:C128-S32:0000,unlikely,output ends with terminal punctuation and is below heuristic length,True,evaluation_normalization_issue,non-exact generated answer retains normalized token overlap,False,False
nq,bge_dense,13,test1077,who wrote if i were a boy reba or beyonce,Toby Gad || BC Jean,"The song ""If I Were a Boy"" was written by BC Jean and Toby Gad. Therefore, neither Reba nor Beyoncé wrote the song.",0.181818,True,True,True,True,True,nq:doc37399:C128-S32:0000 | nq:doc37401:C128-S32:0000 | nq:doc37440:C128-S32:0000 | nq:doc37402:C128-S32:0000 | nq:doc37437:C128-S32:0000 | nq:doc37424:C128-S32:0001 | nq:doc37403:C128-S32:0001 | nq:doc37440:C128-S32:0001 | nq:doc37403:C128-S32:0000 | nq:doc37405:C128-S32:0001 | nq:doc37437:C128-S32:0001 | nq:doc37412:C128-S32:0001 | nq:doc37405:C128-S32:0000 | nq:doc37406:C128-S32:0000 | nq:doc37424:C128-S32:0002 | nq:doc37426:C128-S32:0000 | nq:doc37416:C128-S32:0002 | nq:doc37417:C128-S32:0001 | nq:doc99568:C128-S32:0000 | nq:doc37400:C128-S32:0000 | nq:doc1257554:C128-S32:0002 | nq:doc37424:C128-S32:0003 | nq:doc792775:C128-S32:0000 | nq:doc1939167:C128-S32:0001 | nq:doc37406:C128-S32:0001 | nq:doc37414:C128-S32:0001 | nq:doc37399:C128-S32:0001 | nq:doc37412:C128-S32:0000 | nq:doc37400:C128-S32:0001 | nq:doc37427:C128-S32:0000 | nq:doc37424:C128-S32:0000 | nq:doc99569:C128-S32:0000 | nq:doc792739:C128-S32:0000 | nq:doc37413:C128-S32:0001 | nq:doc37414:C128-S32:0000 | nq:doc37425:C128-S32:0000 | nq:doc37404:C128-S32:0000 | nq:doc37413:C128-S32:0000 | nq:doc937592:C128-S32:0000 | nq:doc37408:C128-S32:0000 | nq:doc37432:C128-S32:0000 | nq:doc37407:C128-S32:0000 | nq:doc37418:C128-S32:0000 | nq:doc302841:C128-S32:0000 | nq:doc37415:C128-S32:0000 | nq:doc37425:C128-S32:0002 | nq:doc537183:C128-S32:0000 | nq:doc1033365:C128-S32:0000 | nq:doc37434:C128-S32:0001 | nq:doc37420:C128-S32:0000,nq:doc37399:C128-S32:0000 | nq:doc37402:C128-S32:0000 | nq:doc37440:C128-S32:0001 | nq:doc37420:C128-S32:0000 | nq:doc37440:C128-S32:0000,nq:doc37399:C128-S32:0000 | nq:doc37402:C128-S32:0000 | nq:doc37440:C128-S32:0001 | nq:doc37420:C128-S32:0000 | nq:doc37440:C128-S32:0000,unlikely,output ends with terminal punctuation and is below heuristic length,True,evaluation_normalization_issue,non-exact generated answer retains normalized token overlap,False,False
nq,bge_dense,13,test1089,who played anna in once upon a time,Elizabeth Dean Lail,Elizabeth Lail played Anna in Once Upon a Time.,0.363636,True,True,True,True,True,nq:doc38001:C128-S32:0000 | nq:doc1483562:C128-S32:0000 | nq:doc146709:C128-S32:0000 | nq:doc146729:C128-S32:0000 | nq:doc146703:C128-S32:0000 | nq:doc1483564:C128-S32:0000 | nq:doc222826:C128-S32:0000 | nq:doc1156822:C128-S32:0000 | nq:doc2638351:C128-S32:0000 | nq:doc146723:C128-S32:0000 | nq:doc38004:C128-S32:0000 | nq:doc1736630:C128-S32:0000 | nq:doc1375478:C128-S32:0000 | nq:doc432491:C128-S32:0000 | nq:doc1156824:C128-S32:0000 | nq:doc135558:C128-S32:0000 | nq:doc708474:C128-S32:0000 | nq:doc146728:C128-S32:0000 | nq:doc1156828:C128-S32:0000 | nq:doc135543:C128-S32:0000 | nq:doc60909:C128-S32:0000 | nq:doc1375479:C128-S32:0000 | nq:doc926649:C128-S32:0000 | nq:doc133594:C128-S32:0000 | nq:doc133588:C128-S32:0000 | nq:doc1208832:C128-S32:0000 | nq:doc1651472:C128-S32:0000 | nq:doc165488:C128-S32:0000 | nq:doc726783:C128-S32:0000 | nq:doc1246072:C128-S32:0000 | nq:doc1736631:C128-S32:0000 | nq:doc106354:C128-S32:0000 | nq:doc10871:C128-S32:0000 | nq:doc703718:C128-S32:0000 | nq:doc983560:C128-S32:0000 | nq:doc1483567:C128-S32:0000 | nq:doc1651582:C128-S32:0000 | nq:doc708478:C128-S32:0000 | nq:doc2306631:C128-S32:0000 | nq:doc135553:C128-S32:0000 | nq:doc135552:C128-S32:0000 | nq:doc1156823:C128-S32:0000 | nq:doc708475:C128-S32:0000 | nq:doc1052449:C128-S32:0000 | nq:doc2660261:C128-S32:0000 | nq:doc408902:C128-S32:0000 | nq:doc1483570:C128-S32:0000 | nq:doc1483569:C128-S32:0000 | nq:doc146721:C128-S32:0000 | nq:doc2309805:C128-S32:0000,nq:doc38001:C128-S32:0000 | nq:doc146703:C128-S32:0000 | nq:doc1483562:C128-S32:0000 | nq:doc38004:C128-S32:0000 | nq:doc146709:C128-S32:0000,nq:doc38001:C128-S32:0000 | nq:doc146703:C128-S32:0000 | nq:doc1483562:C128-S32:0000 | nq:doc38004:C128-S32:0000 | nq:doc146709:C128-S32:0000,unlikely,output ends with terminal punctuation and is below heuristic length,True,evaluation_normalization_issue,non-exact generated answer retains normalized token overlap,False,False
nq,bge_dense,13,test1093,when did american idol end the first time,"April 7, 2016",I don't know.,0.0,True,True,True,False,False,nq:doc1106774:C128-S32:0000 | nq:doc38291:C128-S32:0000 | nq:doc1123569:C128-S32:0000 | nq:doc2534543:C128-S32:0000 | nq:doc38199:C128-S32:0000 | nq:doc540541:C128-S32:0001 | nq:doc1866983:C128-S32:0000 | nq:doc38337:C128-S32:0000 | nq:doc38229:C128-S32:0000 | nq:doc38222:C128-S32:0000 | nq:doc487661:C128-S32:0000 | nq:doc1493968:C128-S32:0000 | nq:doc38232:C128-S32:0000 | nq:doc38296:C128-S32:0000 | nq:doc1423768:C128-S32:0000 | nq:doc1094183:C128-S32:0000 | nq:doc2534540:C128-S32:0000 | nq:doc38299:C128-S32:0000 | nq:doc1930593:C128-S32:0000 | nq:doc1494035:C128-S32:0000 | nq:doc38249:C128-S32:0000 | nq:doc1866987:C128-S32:0000 | nq:doc38301:C128-S32:0000 | nq:doc38241:C128-S32:0000 | nq:doc996999:C128-S32:0000 | nq:doc1494039:C128-S32:0000 | nq:doc1423789:C128-S32:0000 | nq:doc2354075:C128-S32:0000 | nq:doc38285:C128-S32:0000 | nq:doc38305:C128-S32:0000 | nq:doc38228:C128-S32:0000 | nq:doc1117280:C128-S32:0000 | nq:doc38304:C128-S32:0000 | nq:doc1494042:C128-S32:0000 | nq:doc38303:C128-S32:0000 | nq:doc1106775:C128-S32:0000 | nq:doc38206:C128-S32:0000 | nq:doc1106776:C128-S32:0000 | nq:doc1667941:C128-S32:0000 | nq:doc770733:C128-S32:0000 | nq:doc1867043:C128-S32:0000 | nq:doc1882144:C128-S32:0000 | nq:doc790332:C128-S32:0000 | nq:doc1493989:C128-S32:0000 | nq:doc38271:C128-S32:0000 | nq:doc487696:C128-S32:0000 | nq:doc1486187:C128-S32:0000 | nq:doc38205:C128-S32:0001 | nq:doc38265:C128-S32:0000 | nq:doc1123575:C128-S32:0000,nq:doc38205:C128-S32:0001 | nq:doc38222:C128-S32:0000 | nq:doc1866987:C128-S32:0000 | nq:doc38337:C128-S32:0000 | nq:doc1094183:C128-S32:0000,nq:doc38205:C128-S32:0001 | nq:doc38222:C128-S32:0000 | nq:doc1866987:C128-S32:0000 | nq:doc38337:C128-S32:0000 | nq:doc1094183:C128-S32:0000,unlikely,output ends with terminal punctuation and is below heuristic length,False,rerank_or_context_miss,retrieved qrel evidence not retained in reranker top-5,False,False
nq,bge_dense,13,test1118,what awards did the curious case of benjamin button win,Best Makeup || Best Visual Effects || Best Art Direction,"The Curious Case of Benjamin Button won three awards at the Academy Awards: Best Achievement in Art Direction, Best Achievement in Makeup, and Best Achievement in Visual Effects. Additionally, it won all four awards it was nominated for at the 7th Visual Effects Society Awards.",0.133333,True,True,True,True,True,nq:doc39331:C128-S32:0000 | nq:doc39333:C128-S32:0000 | nq:doc39312:C128-S32:0000 | nq:doc39336:C128-S32:0000 | nq:doc39332:C128-S32:0000 | nq:doc39311:C128-S32:0000 | nq:doc1708254:C128-S32:0000 | nq:doc39337:C128-S32:0000 | nq:doc1539145:C128-S32:0000 | nq:doc39338:C128-S32:0000 | nq:doc39325:C128-S32:0000 | nq:doc39330:C128-S32:0000 | nq:doc39337:C128-S32:0001 | nq:doc39338:C128-S32:0001 | nq:doc39339:C128-S32:0000 | nq:doc39334:C128-S32:0000 | nq:doc1769451:C128-S32:0001 | nq:doc607766:C128-S32:0001 | nq:doc39326:C128-S32:0000 | nq:doc1708242:C128-S32:0000 | nq:doc39324:C128-S32:0000 | nq:doc1539132:C128-S32:0000 | nq:doc1332068:C128-S32:0000 | nq:doc39327:C128-S32:0000 | nq:doc39335:C128-S32:0000 | nq:doc2574381:C128-S32:0000 | nq:doc39318:C128-S32:0000 | nq:doc39315:C128-S32:0000 | nq:doc1556614:C128-S32:0000 | nq:doc39341:C128-S32:0000 | nq:doc39316:C128-S32:0000 | nq:doc39340:C128-S32:0000 | nq:doc39342:C128-S32:0000 | nq:doc1263186:C128-S32:0001 | nq:doc1708248:C128-S32:0000 | nq:doc1039228:C128-S32:0000 | nq:doc1708247:C128-S32:0000 | nq:doc39328:C128-S32:0000 | nq:doc39320:C128-S32:0000 | nq:doc39319:C128-S32:0000 | nq:doc67490:C128-S32:0000 | nq:doc39329:C128-S32:0000 | nq:doc39313:C128-S32:0000 | nq:doc1209824:C128-S32:0000 | nq:doc1375817:C128-S32:0000 | nq:doc2237044:C128-S32:0001 | nq:doc1753992:C128-S32:0000 | nq:doc16780:C128-S32:0001 | nq:doc696523:C128-S32:0000 | nq:doc1708243:C128-S32:0000,nq:doc1539132:C128-S32:0000 | nq:doc39312:C128-S32:0000 | nq:doc39333:C128-S32:0000 | nq:doc39331:C128-S32:0000 | nq:doc39332:C128-S32:0000,nq:doc1539132:C128-S32:0000 | nq:doc39312:C128-S32:0000 | nq:doc39333:C128-S32:0000 | nq:doc39331:C128-S32:0000 | nq:doc39332:C128-S32:0000,unlikely,output ends with terminal punctuation and is below heuristic length,True,evaluation_normalization_issue,non-exact generated answer retains normalized token overlap,False,False
nq,bge_dense,13,test112,when is the last time the dolphins went to the superbowl,Super Bowl XIX || 1984,"The last time the Dolphins went to the Super Bowl was in the 2000 season, where they lost to the Raiders. However, this information is not directly supported by the provided context. Based on the context given, I don't know the exact last time the Dolphins went to the Super Bowl.",0.088889,False,False,False,False,False,nq:doc831687:C128-S32:0000 | nq:doc1068658:C128-S32:0000 | nq:doc4031:C128-S32:0000 | nq:doc1170937:C128-S32:0000 | nq:doc742947:C128-S32:0000 | nq:doc2540742:C128-S32:0000 | nq:doc4030:C128-S32:0000 | nq:doc1884396:C128-S32:0001 | nq:doc4061:C128-S32:0000 | nq:doc1730460:C128-S32:0000 | nq:doc2215929:C128-S32:0000 | nq:doc2666415:C128-S32:0000 | nq:doc351645:C128-S32:0000 | nq:doc1089392:C128-S32:0001 | nq:doc4029:C128-S32:0000 | nq:doc64707:C128-S32:0000 | nq:doc2540741:C128-S32:0000 | nq:doc4021:C128-S32:0000 | nq:doc2345058:C128-S32:0000 | nq:doc18212:C128-S32:0001 | nq:doc1311013:C128-S32:0000 | nq:doc10586:C128-S32:0000 | nq:doc1089393:C128-S32:0000 | nq:doc1062706:C128-S32:0001 | nq:doc843133:C128-S32:0000 | nq:doc4068:C128-S32:0000 | nq:doc4059:C128-S32:0000 | nq:doc1108513:C128-S32:0000 | nq:doc4027:C128-S32:0000 | nq:doc172696:C128-S32:0000 | nq:doc1866344:C128-S32:0000 | nq:doc1890507:C128-S32:0001 | nq:doc742948:C128-S32:0001 | nq:doc1480380:C128-S32:0000 | nq:doc515210:C128-S32:0003 | nq:doc10584:C128-S32:0000 | nq:doc843123:C128-S32:0000 | nq:doc1890509:C128-S32:0000 | nq:doc4055:C128-S32:0000 | nq:doc318389:C128-S32:0000 | nq:doc4035:C128-S32:0000 | nq:doc1226414:C128-S32:0000 | nq:doc441859:C128-S32:0000 | nq:doc4023:C128-S32:0000 | nq:doc998988:C128-S32:0000 | nq:doc323404:C128-S32:0000 | nq:doc2645962:C128-S32:0000 | nq:doc4066:C128-S32:0000 | nq:doc1089392:C128-S32:0000 | nq:doc42139:C128-S32:0000,nq:doc2666415:C128-S32:0000 | nq:doc515210:C128-S32:0003 | nq:doc831687:C128-S32:0000 | nq:doc1089392:C128-S32:0001 | nq:doc1068658:C128-S32:0000,nq:doc2666415:C128-S32:0000 | nq:doc515210:C128-S32:0003 | nq:doc831687:C128-S32:0000 | nq:doc1089392:C128-S32:0001 | nq:doc1068658:C128-S32:0000,unlikely,output ends with terminal punctuation and is below heuristic length,True,retrieval_miss,no qrel document in retrieval top-50,False,False
nq,bge_dense,13,test1136,who introduced the first chrismas tree to the uk,Charlotte of Mecklenburg-Strelitz,"The first Christmas tree in the UK was introduced by Prince Albert in 1840. He brought the tradition from Germany, and it gained popularity in the UK after his wife, Queen Victoria, helped popularize it.",0.0,True,True,True,False,False,nq:doc1655462:C128-S32:0000 | nq:doc82507:C128-S32:0000 | nq:doc40238:C128-S32:0000 | nq:doc800958:C128-S32:0000 | nq:doc40236:C128-S32:0000 | nq:doc82525:C128-S32:0000 | nq:doc40241:C128-S32:0000 | nq:doc40235:C128-S32:0000 | nq:doc82524:C128-S32:0000 | nq:doc40242:C128-S32:0001 | nq:doc40242:C128-S32:0000 | nq:doc1655461:C128-S32:0000 | nq:doc1453815:C128-S32:0001 | nq:doc40223:C128-S32:0000 | nq:doc40241:C128-S32:0001 | nq:doc40218:C128-S32:0000 | nq:doc691402:C128-S32:0000 | nq:doc1453815:C128-S32:0000 | nq:doc40242:C128-S32:0002 | nq:doc1564996:C128-S32:0000 | nq:doc735703:C128-S32:0000 | nq:doc40277:C128-S32:0000 | nq:doc1967253:C128-S32:0000 | nq:doc735705:C128-S32:0000 | nq:doc2567634:C128-S32:0000 | nq:doc1631131:C128-S32:0000 | nq:doc325979:C128-S32:0000 | nq:doc40238:C128-S32:0001 | nq:doc40228:C128-S32:0000 | nq:doc40222:C128-S32:0000 | nq:doc30052:C128-S32:0000 | nq:doc691400:C128-S32:0000 | nq:doc40315:C128-S32:0000 | nq:doc608206:C128-S32:0000 | nq:doc40313:C128-S32:0000 | nq:doc82524:C128-S32:0001 | nq:doc1202115:C128-S32:0000 | nq:doc356445:C128-S32:0000 | nq:doc691352:C128-S32:0000 | nq:doc40239:C128-S32:0000 | nq:doc82547:C128-S32:0000 | nq:doc693643:C128-S32:0000 | nq:doc40229:C128-S32:0000 | nq:doc2425179:C128-S32:0001 | nq:doc1655484:C128-S32:0000 | nq:doc29970:C128-S32:0000 | nq:doc40263:C128-S32:0000 | nq:doc1967978:C128-S32:0000 | nq:doc1022113:C128-S32:0000 | nq:doc1232917:C128-S32:0000,nq:doc693643:C128-S32:0000 | nq:doc1232917:C128-S32:0000 | nq:doc691400:C128-S32:0000 | nq:doc40238:C128-S32:0001 | nq:doc1655461:C128-S32:0000,nq:doc693643:C128-S32:0000 | nq:doc1232917:C128-S32:0000 | nq:doc691400:C128-S32:0000 | nq:doc40238:C128-S32:0001 | nq:doc1655461:C128-S32:0000,unlikely,output ends with terminal punctuation and is below heuristic length,False,rerank_or_context_miss,retrieved qrel evidence not retained in reranker top-5,False,False
nq,bge_dense,13,test1149,chemicals produced in one part of a plant that affect the growth and response of other parts,Plant hormones || hormones,"Answer: Plant hormones, which are produced in one part of the plant to signal cells in another part of the plant to respond.",0.173913,True,True,True,False,False,nq:doc40759:C128-S32:0000 | nq:doc392992:C128-S32:0000 | nq:doc1551211:C128-S32:0000 | nq:doc1551212:C128-S32:0000 | nq:doc724213:C128-S32:0000 | nq:doc40766:C128-S32:0000 | nq:doc40769:C128-S32:0000 | nq:doc40773:C128-S32:0001 | nq:doc40764:C128-S32:0000 | nq:doc40761:C128-S32:0000 | nq:doc40758:C128-S32:0000 | nq:doc307662:C128-S32:0000 | nq:doc1287848:C128-S32:0000 | nq:doc40764:C128-S32:0001 | nq:doc1551213:C128-S32:0000 | nq:doc1551200:C128-S32:0000 | nq:doc1851050:C128-S32:0000 | nq:doc1121638:C128-S32:0000 | nq:doc2670454:C128-S32:0000 | nq:doc40762:C128-S32:0000 | nq:doc1761376:C128-S32:0000 | nq:doc830202:C128-S32:0000 | nq:doc1551197:C128-S32:0000 | nq:doc375680:C128-S32:0001 | nq:doc1226657:C128-S32:0000 | nq:doc634797:C128-S32:0001 | nq:doc40775:C128-S32:0000 | nq:doc1551198:C128-S32:0000 | nq:doc2670461:C128-S32:0000 | nq:doc177415:C128-S32:0000 | nq:doc40772:C128-S32:0000 | nq:doc2248336:C128-S32:0000 | nq:doc1761378:C128-S32:0000 | nq:doc2172387:C128-S32:0000 | nq:doc633942:C128-S32:0001 | nq:doc177418:C128-S32:0000 | nq:doc2468996:C128-S32:0000 | nq:doc432834:C128-S32:0000 | nq:doc1761376:C128-S32:0001 | nq:doc40773:C128-S32:0000 | nq:doc1228610:C128-S32:0002 | nq:doc317766:C128-S32:0000 | nq:doc1766766:C128-S32:0001 | nq:doc2121591:C128-S32:0000 | nq:doc2537153:C128-S32:0000 | nq:doc952919:C128-S32:0000 | nq:doc2029535:C128-S32:0000 | nq:doc2626483:C128-S32:0000 | nq:doc1755581:C128-S32:0001 | nq:doc1851080:C128-S32:0001,nq:doc1851080:C128-S32:0001 | nq:doc952919:C128-S32:0000 | nq:doc1287848:C128-S32:0000 | nq:doc1551200:C128-S32:0000 | nq:doc307662:C128-S32:0000,nq:doc1851080:C128-S32:0001 | nq:doc952919:C128-S32:0000 | nq:doc1287848:C128-S32:0000 | nq:doc1551200:C128-S32:0000 | nq:doc307662:C128-S32:0000,unlikely,output ends with terminal punctuation and is below heuristic length,True,rerank_or_context_miss,retrieved qrel evidence not retained in reranker top-5,False,False
nq,bge_dense,13,test1160,who is john snow on game of thrones,Kit Harington,"Jon Snow is a fictional character in the *A Song of Ice and Fire* series of fantasy novels by George R. R. Martin, and its television adaptation *Game of Thrones*. He is portrayed by Kit Harington in the TV series. Jon is introduced as the illegitimate son of a Northern lord, Ned",0.083333,True,True,True,True,True,nq:doc41165:C128-S32:0000 | nq:doc41134:C128-S32:0000 | nq:doc65750:C128-S32:0000 | nq:doc81703:C128-S32:0000 | nq:doc81704:C128-S32:0000 | nq:doc269436:C128-S32:0000 | nq:doc41167:C128-S32:0000 | nq:doc967160:C128-S32:0000 | nq:doc81706:C128-S32:0000 | nq:doc2319473:C128-S32:0000 | nq:doc2333647:C128-S32:0000 | nq:doc41132:C128-S32:0000 | nq:doc1597461:C128-S32:0000 | nq:doc2621469:C128-S32:0000 | nq:doc65772:C128-S32:0000 | nq:doc470807:C128-S32:0000 | nq:doc1408225:C128-S32:0000 | nq:doc41152:C128-S32:0000 | nq:doc38402:C128-S32:0005 | nq:doc41164:C128-S32:0000 | nq:doc1070350:C128-S32:0000 | nq:doc269447:C128-S32:0000 | nq:doc38395:C128-S32:0011 | nq:doc41162:C128-S32:0000 | nq:doc2575332:C128-S32:0000 | nq:doc2619323:C128-S32:0000 | nq:doc1100416:C128-S32:0000 | nq:doc470814:C128-S32:0001 | nq:doc81705:C128-S32:0000 | nq:doc41166:C128-S32:0000 | nq:doc388346:C128-S32:0000 | nq:doc1408340:C128-S32:0000 | nq:doc41133:C128-S32:0000 | nq:doc2040279:C128-S32:0000 | nq:doc1359918:C128-S32:0000 | nq:doc1314824:C128-S32:0001 | nq:doc568234:C128-S32:0000 | nq:doc65776:C128-S32:0000 | nq:doc1399807:C128-S32:0000 | nq:doc38407:C128-S32:0004 | nq:doc470814:C128-S32:0000 | nq:doc38400:C128-S32:0005 | nq:doc2411790:C128-S32:0001 | nq:doc38395:C128-S32:0000 | nq:doc1109128:C128-S32:0000 | nq:doc705228:C128-S32:0000 | nq:doc81713:C128-S32:0000 | nq:doc41148:C128-S32:0000 | nq:doc38405:C128-S32:0000 | nq:doc41137:C128-S32:0000,nq:doc41134:C128-S32:0000 | nq:doc1408225:C128-S32:0000 | nq:doc41137:C128-S32:0000 | nq:doc41132:C128-S32:0000 | nq:doc470807:C128-S32:0000,nq:doc41134:C128-S32:0000 | nq:doc1408225:C128-S32:0000 | nq:doc41137:C128-S32:0000 | nq:doc41132:C128-S32:0000 | nq:doc470807:C128-S32:0000,uncertain,non-terminal ending at moderate length,True,evaluation_normalization_issue,non-exact generated answer retains normalized token overlap,False,False
nq,bge_dense,13,test1166,when was south african youth day first celebrated,1976 || June 16,I don't know.,0.0,True,True,True,False,False,nq:doc41378:C128-S32:0000 | nq:doc2045694:C128-S32:0000 | nq:doc380019:C128-S32:0000 | nq:doc1558191:C128-S32:0000 | nq:doc41369:C128-S32:0000 | nq:doc1343265:C128-S32:0000 | nq:doc1162950:C128-S32:0000 | nq:doc41377:C128-S32:0000 | nq:doc1476726:C128-S32:0000 | nq:doc41384:C128-S32:0000 | nq:doc41367:C128-S32:0000 | nq:doc41361:C128-S32:0000 | nq:doc41385:C128-S32:0000 | nq:doc41360:C128-S32:0000 | nq:doc676048:C128-S32:0000 | nq:doc2220738:C128-S32:0000 | nq:doc1367332:C128-S32:0000 | nq:doc1476729:C128-S32:0000 | nq:doc41381:C128-S32:0000 | nq:doc1558192:C128-S32:0000 | nq:doc1787368:C128-S32:0000 | nq:doc274456:C128-S32:0000 | nq:doc41365:C128-S32:0000 | nq:doc2045694:C128-S32:0001 | nq:doc2028952:C128-S32:0000 | nq:doc1558201:C128-S32:0000 | nq:doc41363:C128-S32:0000 | nq:doc736060:C128-S32:0000 | nq:doc145798:C128-S32:0000 | nq:doc41374:C128-S32:0000 | nq:doc748597:C128-S32:0000 | nq:doc204257:C128-S32:0000 | nq:doc1558193:C128-S32:0000 | nq:doc2001344:C128-S32:0000 | nq:doc2028893:C128-S32:0000 | nq:doc198779:C128-S32:0000 | nq:doc1558197:C128-S32:0000 | nq:doc2028856:C128-S32:0000 | nq:doc1558195:C128-S32:0000 | nq:doc1975953:C128-S32:0000 | nq:doc204254:C128-S32:0000 | nq:doc424109:C128-S32:0000 | nq:doc2001339:C128-S32:0000 | nq:doc41380:C128-S32:0000 | nq:doc1558190:C128-S32:0000 | nq:doc1343232:C128-S32:0000 | nq:doc1343247:C128-S32:0000 | nq:doc686820:C128-S32:0000 | nq:doc2028931:C128-S32:0000 | nq:doc2633851:C128-S32:0000,nq:doc2001344:C128-S32:0000 | nq:doc2045694:C128-S32:0000 | nq:doc1558195:C128-S32:0000 | nq:doc1343232:C128-S32:0000 | nq:doc1343247:C128-S32:0000,nq:doc2001344:C128-S32:0000 | nq:doc2045694:C128-S32:0000 | nq:doc1558195:C128-S32:0000 | nq:doc1343232:C128-S32:0000 | nq:doc1343247:C128-S32:0000,unlikely,output ends with terminal punctuation and is below heuristic length,False,rerank_or_context_miss,retrieved qrel evidence not retained in reranker top-5,False,False
nq,bge_dense,13,test1167,who has the most trophies in la liga,Real Madrid,Real Madrid has the most trophies in La Liga with a record 33 titles.,0.285714,True,False,True,True,True,nq:doc154407:C128-S32:0000 | nq:doc1282298:C128-S32:0000 | nq:doc495101:C128-S32:0000 | nq:doc154408:C128-S32:0000 | nq:doc1282291:C128-S32:0000 | nq:doc154427:C128-S32:0000 | nq:doc1340809:C128-S32:0001 | nq:doc1282300:C128-S32:0000 | nq:doc41388:C128-S32:0000 | nq:doc1282302:C128-S32:0000 | nq:doc44177:C128-S32:0001 | nq:doc419318:C128-S32:0000 | nq:doc2225490:C128-S32:0000 | nq:doc386861:C128-S32:0000 | nq:doc1925383:C128-S32:0000 | nq:doc1925335:C128-S32:0000 | nq:doc2553257:C128-S32:0000 | nq:doc540702:C128-S32:0000 | nq:doc1925374:C128-S32:0000 | nq:doc1925405:C128-S32:0000 | nq:doc2010097:C128-S32:0000 | nq:doc2399580:C128-S32:0001 | nq:doc154434:C128-S32:0000 | nq:doc1918566:C128-S32:0000 | nq:doc650423:C128-S32:0001 | nq:doc154424:C128-S32:0000 | nq:doc1282297:C128-S32:0000 | nq:doc44208:C128-S32:0000 | nq:doc2615414:C128-S32:0000 | nq:doc690700:C128-S32:0000 | nq:doc1925402:C128-S32:0000 | nq:doc1925401:C128-S32:0000 | nq:doc650459:C128-S32:0000 | nq:doc1282293:C128-S32:0001 | nq:doc1925377:C128-S32:0000 | nq:doc154423:C128-S32:0000 | nq:doc360769:C128-S32:0000 | nq:doc154422:C128-S32:0000 | nq:doc534595:C128-S32:0000 | nq:doc1925385:C128-S32:0000 | nq:doc638336:C128-S32:0000 | nq:doc1744529:C128-S32:0001 | nq:doc2388402:C128-S32:0000 | nq:doc44215:C128-S32:0000 | nq:doc1925333:C128-S32:0000 | nq:doc1282306:C128-S32:0000 | nq:doc65584:C128-S32:0001 | nq:doc475684:C128-S32:0000 | nq:doc65584:C128-S32:0000 | nq:doc154423:C128-S32:0002,nq:doc154423:C128-S32:0000 | nq:doc2010097:C128-S32:0000 | nq:doc495101:C128-S32:0000 | nq:doc154407:C128-S32:0000 | nq:doc41388:C128-S32:0000,nq:doc154423:C128-S32:0000 | nq:doc2010097:C128-S32:0000 | nq:doc495101:C128-S32:0000 | nq:doc154407:C128-S32:0000 | nq:doc41388:C128-S32:0000,unlikely,output ends with terminal punctuation and is below heuristic length,True,evaluation_normalization_issue,non-exact generated answer retains normalized token overlap,False,False
nq,bge_dense,13,test1178,when did the ouija board first come out,"July 1, 1890","The Ouija board was first commercially introduced by businessman Elijah Bond on July 1, 1890.",0.352941,True,True,True,True,True,nq:doc41757:C128-S32:0000 | nq:doc41773:C128-S32:0000 | nq:doc41784:C128-S32:0000 | nq:doc41762:C128-S32:0000 | nq:doc41761:C128-S32:0000 | nq:doc41756:C128-S32:0000 | nq:doc41764:C128-S32:0000 | nq:doc41763:C128-S32:0000 | nq:doc41775:C128-S32:0000 | nq:doc41781:C128-S32:0000 | nq:doc41768:C128-S32:0000 | nq:doc41778:C128-S32:0000 | nq:doc41765:C128-S32:0000 | nq:doc41770:C128-S32:0000 | nq:doc41784:C128-S32:0001 | nq:doc41760:C128-S32:0000 | nq:doc2451554:C128-S32:0000 | nq:doc41784:C128-S32:0002 | nq:doc41785:C128-S32:0000 | nq:doc2354716:C128-S32:0000 | nq:doc2354727:C128-S32:0000 | nq:doc41771:C128-S32:0000 | nq:doc2354715:C128-S32:0000 | nq:doc41782:C128-S32:0000 | nq:doc41769:C128-S32:0000 | nq:doc41772:C128-S32:0000 | nq:doc41780:C128-S32:0000 | nq:doc41774:C128-S32:0000 | nq:doc41786:C128-S32:0000 | nq:doc2354725:C128-S32:0000 | nq:doc41783:C128-S32:0000 | nq:doc2354720:C128-S32:0000 | nq:doc1110083:C128-S32:0000 | nq:doc1283910:C128-S32:0000 | nq:doc2354724:C128-S32:0000 | nq:doc1889866:C128-S32:0000 | nq:doc2354728:C128-S32:0000 | nq:doc41776:C128-S32:0000 | nq:doc874745:C128-S32:0000 | nq:doc2354717:C128-S32:0000 | nq:doc2354722:C128-S32:0000 | nq:doc1148395:C128-S32:0000 | nq:doc43457:C128-S32:0000 | nq:doc41766:C128-S32:0000 | nq:doc1461855:C128-S32:0000 | nq:doc139750:C128-S32:0000 | nq:doc1283899:C128-S32:0000 | nq:doc1729835:C128-S32:0000 | nq:doc41759:C128-S32:0000 | nq:doc891409:C128-S32:0000,nq:doc41757:C128-S32:0000 | nq:doc41762:C128-S32:0000 | nq:doc41773:C128-S32:0000 | nq:doc41763:C128-S32:0000 | nq:doc41760:C128-S32:0000,nq:doc41757:C128-S32:0000 | nq:doc41762:C128-S32:0000 | nq:doc41773:C128-S32:0000 | nq:doc41763:C128-S32:0000 | nq:doc41760:C128-S32:0000,unlikely,output ends with terminal punctuation and is below heuristic length,True,evaluation_normalization_issue,non-exact generated answer retains normalized token overlap,False,False
nq,bge_dense,13,test1180,where was the movie the glass castle filmed,"in Welch, West Virginia || Welch, West Virginia","The movie *The Glass Castle* was filmed in Welch, West Virginia.",0.615385,False,False,False,False,False,nq:doc722823:C128-S32:0000 | nq:doc41806:C128-S32:0000 | nq:doc722814:C128-S32:0000 | nq:doc41810:C128-S32:0000 | nq:doc722820:C128-S32:0000 | nq:doc41807:C128-S32:0000 | nq:doc20090:C128-S32:0001 | nq:doc2319561:C128-S32:0001 | nq:doc409568:C128-S32:0000 | nq:doc717363:C128-S32:0000 | nq:doc334986:C128-S32:0000 | nq:doc20090:C128-S32:0000 | nq:doc1244638:C128-S32:0000 | nq:doc52369:C128-S32:0001 | nq:doc409567:C128-S32:0000 | nq:doc1902015:C128-S32:0001 | nq:doc2451737:C128-S32:0000 | nq:doc333805:C128-S32:0000 | nq:doc1970599:C128-S32:0000 | nq:doc609671:C128-S32:0000 | nq:doc760103:C128-S32:0000 | nq:doc1970599:C128-S32:0001 | nq:doc138021:C128-S32:0001 | nq:doc2619637:C128-S32:0000 | nq:doc1733186:C128-S32:0000 | nq:doc886460:C128-S32:0000 | nq:doc940472:C128-S32:0000 | nq:doc2451737:C128-S32:0001 | nq:doc722819:C128-S32:0000 | nq:doc1525038:C128-S32:0001 | nq:doc138021:C128-S32:0000 | nq:doc808244:C128-S32:0000 | nq:doc722815:C128-S32:0000 | nq:doc281595:C128-S32:0001 | nq:doc1694932:C128-S32:0000 | nq:doc823878:C128-S32:0001 | nq:doc1461840:C128-S32:0000 | nq:doc1082583:C128-S32:0001 | nq:doc671029:C128-S32:0001 | nq:doc1612026:C128-S32:0000 | nq:doc1082583:C128-S32:0000 | nq:doc2063102:C128-S32:0000 | nq:doc1941436:C128-S32:0000 | nq:doc212272:C128-S32:0001 | nq:doc424662:C128-S32:0000 | nq:doc2457520:C128-S32:0000 | nq:doc373860:C128-S32:0000 | nq:doc1661386:C128-S32:0000 | nq:doc212272:C128-S32:0000 | nq:doc709764:C128-S32:0001,nq:doc823878:C128-S32:0001 | nq:doc409567:C128-S32:0000 | nq:doc722823:C128-S32:0000 | nq:doc1244638:C128-S32:0000 | nq:doc722814:C128-S32:0000,nq:doc823878:C128-S32:0001 | nq:doc409567:C128-S32:0000 | nq:doc722823:C128-S32:0000 | nq:doc1244638:C128-S32:0000 | nq:doc722814:C128-S32:0000,unlikely,output ends with terminal punctuation and is below heuristic length,True,retrieval_miss,no qrel document in retrieval top-50,False,False
hotpotqa,bm25,13,5a70f2795542994082a3e41b,"Who managed the 5,000 acre estate of Thomas Jefferson?",Edmund Bacon,I don't know.,0.0,True,True,True,True,True,hotpotqa:hotpot_doc0007605:C128-S32:0000 | hotpotqa:hotpot_doc0000103:C128-S32:0000 | hotpotqa:hotpot_doc0007609:C128-S32:0000 | hotpotqa:hotpot_doc0007610:C128-S32:0000 | hotpotqa:hotpot_doc0007604:C128-S32:0000 | hotpotqa:hotpot_doc0002830:C128-S32:0000 | hotpotqa:hotpot_doc0007608:C128-S32:0000 | hotpotqa:hotpot_doc0007611:C128-S32:0000 | hotpotqa:hotpot_doc0007613:C128-S32:0000 | hotpotqa:hotpot_doc0007607:C128-S32:0000 | hotpotqa:hotpot_doc0007612:C128-S32:0000 | hotpotqa:hotpot_doc0000100:C128-S32:0000 | hotpotqa:hotpot_doc0003248:C128-S32:0000 | hotpotqa:hotpot_doc0007609:C128-S32:0001 | hotpotqa:hotpot_doc0018258:C128-S32:0000 | hotpotqa:hotpot_doc0022877:C128-S32:0000 | hotpotqa:hotpot_doc0021851:C128-S32:0000 | hotpotqa:hotpot_doc0000109:C128-S32:0000 | hotpotqa:hotpot_doc0007606:C128-S32:0000 | hotpotqa:hotpot_doc0003140:C128-S32:0000 | hotpotqa:hotpot_doc0004915:C128-S32:0000 | hotpotqa:hotpot_doc0022679:C128-S32:0001 | hotpotqa:hotpot_doc0012472:C128-S32:0000 | hotpotqa:hotpot_doc0008785:C128-S32:0000 | hotpotqa:hotpot_doc0000101:C128-S32:0000 | hotpotqa:hotpot_doc0004795:C128-S32:0000 | hotpotqa:hotpot_doc0017486:C128-S32:0000 | hotpotqa:hotpot_doc0012477:C128-S32:0000 | hotpotqa:hotpot_doc0020137:C128-S32:0000 | hotpotqa:hotpot_doc0006777:C128-S32:0000 | hotpotqa:hotpot_doc0005881:C128-S32:0002 | hotpotqa:hotpot_doc0005027:C128-S32:0000 | hotpotqa:hotpot_doc0002830:C128-S32:0001 | hotpotqa:hotpot_doc0003044:C128-S32:0000 | hotpotqa:hotpot_doc0021285:C128-S32:0000 | hotpotqa:hotpot_doc0011872:C128-S32:0000 | hotpotqa:hotpot_doc0015045:C128-S32:0001 | hotpotqa:hotpot_doc0003500:C128-S32:0000 | hotpotqa:hotpot_doc0024373:C128-S32:0000 | hotpotqa:hotpot_doc0005968:C128-S32:0000 | hotpotqa:hotpot_doc0018156:C128-S32:0000 | hotpotqa:hotpot_doc0002647:C128-S32:0000 | hotpotqa:hotpot_doc0010279:C128-S32:0000 | hotpotqa:hotpot_doc0012474:C128-S32:0000 | hotpotqa:hotpot_doc0000588:C128-S32:0000 | hotpotqa:hotpot_doc0017449:C128-S32:0000 | hotpotqa:hotpot_doc0021855:C128-S32:0000 | hotpotqa:hotpot_doc0001888:C128-S32:0000 | hotpotqa:hotpot_doc0009080:C128-S32:0000 | hotpotqa:hotpot_doc0009693:C128-S32:0000,hotpotqa:hotpot_doc0007604:C128-S32:0000 | hotpotqa:hotpot_doc0007609:C128-S32:0001 | hotpotqa:hotpot_doc0003248:C128-S32:0000 | hotpotqa:hotpot_doc0003140:C128-S32:0000 | hotpotqa:hotpot_doc0018258:C128-S32:0000,hotpotqa:hotpot_doc0007604:C128-S32:0000 | hotpotqa:hotpot_doc0007609:C128-S32:0001 | hotpotqa:hotpot_doc0003248:C128-S32:0000 | hotpotqa:hotpot_doc0003140:C128-S32:0000 | hotpotqa:hotpot_doc0018258:C128-S32:0000,unlikely,output ends with terminal punctuation and is below heuristic length,False,generation_error_or_truncation,evidence retained but answer has zero normalized token F1,False,False
hotpotqa,bm25,13,5a710e925542994082a3e536,What type of mines are Dome Mine and Camlaren Mine in Canada?,gold mine,"Dome Mine and Camlaren Mine are both gold mines. Dome Mine is located in Timmins, Ontario, Canada, and was developed during the Porcupine Gold Rush. Camlaren Mine is a small gold mine located 80 km northeast of Yellowknife, Northwest Territories, Canada, at Gordon Lake.",0.090909,True,True,True,True,True,hotpotqa:hotpot_doc0005279:C128-S32:0000 | hotpotqa:hotpot_doc0005277:C128-S32:0000 | hotpotqa:hotpot_doc0005281:C128-S32:0000 | hotpotqa:hotpot_doc0005274:C128-S32:0000 | hotpotqa:hotpot_doc0005272:C128-S32:0000 | hotpotqa:hotpot_doc0005276:C128-S32:0000 | hotpotqa:hotpot_doc0005275:C128-S32:0001 | hotpotqa:hotpot_doc0012262:C128-S32:0000 | hotpotqa:hotpot_doc0005585:C128-S32:0000 | hotpotqa:hotpot_doc0012266:C128-S32:0000 | hotpotqa:hotpot_doc0005278:C128-S32:0000 | hotpotqa:hotpot_doc0012259:C128-S32:0000 | hotpotqa:hotpot_doc0005273:C128-S32:0000 | hotpotqa:hotpot_doc0005280:C128-S32:0000 | hotpotqa:hotpot_doc0005278:C128-S32:0001 | hotpotqa:hotpot_doc0005275:C128-S32:0002 | hotpotqa:hotpot_doc0012267:C128-S32:0000 | hotpotqa:hotpot_doc0005280:C128-S32:0001 | hotpotqa:hotpot_doc0012264:C128-S32:0000 | hotpotqa:hotpot_doc0021176:C128-S32:0000 | hotpotqa:hotpot_doc0017257:C128-S32:0000 | hotpotqa:hotpot_doc0005275:C128-S32:0000 | hotpotqa:hotpot_doc0005281:C128-S32:0001 | hotpotqa:hotpot_doc0022819:C128-S32:0001 | hotpotqa:hotpot_doc0022763:C128-S32:0000 | hotpotqa:hotpot_doc0006948:C128-S32:0000 | hotpotqa:hotpot_doc0012260:C128-S32:0000 | hotpotqa:hotpot_doc0017931:C128-S32:0000 | hotpotqa:hotpot_doc0005587:C128-S32:0000 | hotpotqa:hotpot_doc0005582:C128-S32:0000 | hotpotqa:hotpot_doc0012261:C128-S32:0000 | hotpotqa:hotpot_doc0005583:C128-S32:0000 | hotpotqa:hotpot_doc0012265:C128-S32:0000 | hotpotqa:hotpot_doc0005584:C128-S32:0001 | hotpotqa:hotpot_doc0005584:C128-S32:0000 | hotpotqa:hotpot_doc0007240:C128-S32:0000 | hotpotqa:hotpot_doc0012263:C128-S32:0000 | hotpotqa:hotpot_doc0011871:C128-S32:0001 | hotpotqa:hotpot_doc0009548:C128-S32:0000 | hotpotqa:hotpot_doc0021208:C128-S32:0000 | hotpotqa:hotpot_doc0005586:C128-S32:0000 | hotpotqa:hotpot_doc0011430:C128-S32:0000 | hotpotqa:hotpot_doc0011871:C128-S32:0000 | hotpotqa:hotpot_doc0001233:C128-S32:0000 | hotpotqa:hotpot_doc0022785:C128-S32:0000 | hotpotqa:hotpot_doc0012316:C128-S32:0000 | hotpotqa:hotpot_doc0002660:C128-S32:0000 | hotpotqa:hotpot_doc0008290:C128-S32:0000 | hotpotqa:hotpot_doc0016668:C128-S32:0000 | hotpotqa:hotpot_doc0016253:C128-S32:0000,hotpotqa:hotpot_doc0005272:C128-S32:0000 | hotpotqa:hotpot_doc0005279:C128-S32:0000 | hotpotqa:hotpot_doc0005275:C128-S32:0002 | hotpotqa:hotpot_doc0005584:C128-S32:0001 | hotpotqa:hotpot_doc0005281:C128-S32:0001,hotpotqa:hotpot_doc0005272:C128-S32:0000 | hotpotqa:hotpot_doc0005279:C128-S32:0000 | hotpotqa:hotpot_doc0005275:C128-S32:0002 | hotpotqa:hotpot_doc0005584:C128-S32:0001 | hotpotqa:hotpot_doc0005281:C128-S32:0001,unlikely,output ends with terminal punctuation and is below heuristic length,True,evaluation_normalization_issue,non-exact generated answer retains normalized token overlap,False,False
hotpotqa,bm25,13,5a713a025542994082a3e6a3,How far south is Didxsaj spoken?,Nicaragua and Costa Rica,I don't know.,0.0,True,True,True,False,False,hotpotqa:hotpot_doc0009009:C128-S32:0000 | hotpotqa:hotpot_doc0001950:C128-S32:0000 | hotpotqa:hotpot_doc0009008:C128-S32:0000 | hotpotqa:hotpot_doc0009014:C128-S32:0000 | hotpotqa:hotpot_doc0023194:C128-S32:0003 | hotpotqa:hotpot_doc0002174:C128-S32:0000 | hotpotqa:hotpot_doc0016641:C128-S32:0000 | hotpotqa:hotpot_doc0009015:C128-S32:0001 | hotpotqa:hotpot_doc0020398:C128-S32:0000 | hotpotqa:hotpot_doc0016639:C128-S32:0000 | hotpotqa:hotpot_doc0020402:C128-S32:0000 | hotpotqa:hotpot_doc0016640:C128-S32:0000 | hotpotqa:hotpot_doc0009013:C128-S32:0000 | hotpotqa:hotpot_doc0011152:C128-S32:0000 | hotpotqa:hotpot_doc0009011:C128-S32:0000 | hotpotqa:hotpot_doc0009010:C128-S32:0000 | hotpotqa:hotpot_doc0009015:C128-S32:0000 | hotpotqa:hotpot_doc0001956:C128-S32:0000 | hotpotqa:hotpot_doc0016637:C128-S32:0000 | hotpotqa:hotpot_doc0009012:C128-S32:0000 | hotpotqa:hotpot_doc0016645:C128-S32:0000 | hotpotqa:hotpot_doc0023225:C128-S32:0000 | hotpotqa:hotpot_doc0001004:C128-S32:0000 | hotpotqa:hotpot_doc0010718:C128-S32:0000 | hotpotqa:hotpot_doc0023230:C128-S32:0001 | hotpotqa:hotpot_doc0005016:C128-S32:0000 | hotpotqa:hotpot_doc0023226:C128-S32:0000 | hotpotqa:hotpot_doc0008727:C128-S32:0000 | hotpotqa:hotpot_doc0018001:C128-S32:0002 | hotpotqa:hotpot_doc0008644:C128-S32:0000 | hotpotqa:hotpot_doc0001952:C128-S32:0000 | hotpotqa:hotpot_doc0016643:C128-S32:0000 | hotpotqa:hotpot_doc0018001:C128-S32:0001 | hotpotqa:hotpot_doc0019212:C128-S32:0000 | hotpotqa:hotpot_doc0013136:C128-S32:0000 | hotpotqa:hotpot_doc0023222:C128-S32:0000 | hotpotqa:hotpot_doc0023867:C128-S32:0000 | hotpotqa:hotpot_doc0014309:C128-S32:0001 | hotpotqa:hotpot_doc0023223:C128-S32:0001 | hotpotqa:hotpot_doc0009466:C128-S32:0000 | hotpotqa:hotpot_doc0023228:C128-S32:0000 | hotpotqa:hotpot_doc0006867:C128-S32:0000 | hotpotqa:hotpot_doc0023194:C128-S32:0002 | hotpotqa:hotpot_doc0018765:C128-S32:0000 | hotpotqa:hotpot_doc0014520:C128-S32:0000 | hotpotqa:hotpot_doc0023194:C128-S32:0000 | hotpotqa:hotpot_doc0005515:C128-S32:0000 | hotpotqa:hotpot_doc0001948:C128-S32:0000 | hotpotqa:hotpot_doc0020400:C128-S32:0000 | hotpotqa:hotpot_doc0009013:C128-S32:0001,hotpotqa:hotpot_doc0009013:C128-S32:0001 | hotpotqa:hotpot_doc0020398:C128-S32:0000 | hotpotqa:hotpot_doc0020400:C128-S32:0000 | hotpotqa:hotpot_doc0001950:C128-S32:0000 | hotpotqa:hotpot_doc0009010:C128-S32:0000,hotpotqa:hotpot_doc0009013:C128-S32:0001 | hotpotqa:hotpot_doc0020398:C128-S32:0000 | hotpotqa:hotpot_doc0020400:C128-S32:0000 | hotpotqa:hotpot_doc0001950:C128-S32:0000 | hotpotqa:hotpot_doc0009010:C128-S32:0000,unlikely,output ends with terminal punctuation and is below heuristic length,False,rerank_or_context_miss,retrieved qrel evidence not retained in reranker top-5,False,False
hotpotqa,bm25,13,5a7162815542994082a3e807,What other name was the Hotak dynasty ruled once ruled by Shah Ashraf Hotak known as?,the Hotaki dynasty,The Hotak dynasty ruled by Shah Ashraf Hotak was known as the Hotak dynasty.,0.142857,True,True,True,True,True,hotpotqa:hotpot_doc0009423:C128-S32:0000 | hotpotqa:hotpot_doc0009420:C128-S32:0000 | hotpotqa:hotpot_doc0009416:C128-S32:0000 | hotpotqa:hotpot_doc0009419:C128-S32:0000 | hotpotqa:hotpot_doc0009422:C128-S32:0000 | hotpotqa:hotpot_doc0009422:C128-S32:0001 | hotpotqa:hotpot_doc0009421:C128-S32:0000 | hotpotqa:hotpot_doc0009418:C128-S32:0000 | hotpotqa:hotpot_doc0009417:C128-S32:0000 | hotpotqa:hotpot_doc0009424:C128-S32:0000 | hotpotqa:hotpot_doc0009421:C128-S32:0001 | hotpotqa:hotpot_doc0005656:C128-S32:0000 | hotpotqa:hotpot_doc0016966:C128-S32:0000 | hotpotqa:hotpot_doc0010888:C128-S32:0002 | hotpotqa:hotpot_doc0005318:C128-S32:0001 | hotpotqa:hotpot_doc0011662:C128-S32:0000 | hotpotqa:hotpot_doc0011659:C128-S32:0000 | hotpotqa:hotpot_doc0009618:C128-S32:0000 | hotpotqa:hotpot_doc0011663:C128-S32:0000 | hotpotqa:hotpot_doc0005318:C128-S32:0000 | hotpotqa:hotpot_doc0015656:C128-S32:0000 | hotpotqa:hotpot_doc0016966:C128-S32:0001 | hotpotqa:hotpot_doc0011717:C128-S32:0000 | hotpotqa:hotpot_doc0012166:C128-S32:0000 | hotpotqa:hotpot_doc0005659:C128-S32:0000 | hotpotqa:hotpot_doc0017417:C128-S32:0000 | hotpotqa:hotpot_doc0016077:C128-S32:0000 | hotpotqa:hotpot_doc0021621:C128-S32:0001 | hotpotqa:hotpot_doc0005479:C128-S32:0000 | hotpotqa:hotpot_doc0011660:C128-S32:0000 | hotpotqa:hotpot_doc0012165:C128-S32:0000 | hotpotqa:hotpot_doc0003626:C128-S32:0000 | hotpotqa:hotpot_doc0005318:C128-S32:0002 | hotpotqa:hotpot_doc0012479:C128-S32:0000 | hotpotqa:hotpot_doc0024164:C128-S32:0000 | hotpotqa:hotpot_doc0006524:C128-S32:0000 | hotpotqa:hotpot_doc0015109:C128-S32:0000 | hotpotqa:hotpot_doc0017418:C128-S32:0000 | hotpotqa:hotpot_doc0008252:C128-S32:0000 | hotpotqa:hotpot_doc0001768:C128-S32:0000 | hotpotqa:hotpot_doc0016149:C128-S32:0000 | hotpotqa:hotpot_doc0002016:C128-S32:0001 | hotpotqa:hotpot_doc0012166:C128-S32:0002 | hotpotqa:hotpot_doc0017667:C128-S32:0000 | hotpotqa:hotpot_doc0019658:C128-S32:0000 | hotpotqa:hotpot_doc0015161:C128-S32:0000 | hotpotqa:hotpot_doc0013725:C128-S32:0000 | hotpotqa:hotpot_doc0016078:C128-S32:0000 | hotpotqa:hotpot_doc0017584:C128-S32:0000 | hotpotqa:hotpot_doc0000594:C128-S32:0000,hotpotqa:hotpot_doc0009420:C128-S32:0000 | hotpotqa:hotpot_doc0009416:C128-S32:0000 | hotpotqa:hotpot_doc0009423:C128-S32:0000 | hotpotqa:hotpot_doc0009418:C128-S32:0000 | hotpotqa:hotpot_doc0009424:C128-S32:0000,hotpotqa:hotpot_doc0009420:C128-S32:0000 | hotpotqa:hotpot_doc0009416:C128-S32:0000 | hotpotqa:hotpot_doc0009423:C128-S32:0000 | hotpotqa:hotpot_doc0009418:C128-S32:0000 | hotpotqa:hotpot_doc0009424:C128-S32:0000,unlikely,output ends with terminal punctuation and is below heuristic length,True,evaluation_normalization_issue,non-exact generated answer retains normalized token overlap,False,False
hotpotqa,bm25,13,5a717b7a5542994082a3e850,"which mountain is higher, Kabru or Manaslu?",Kabru,"Based on the context provided, Manaslu is 8163 meters above sea level, while Kabru is described as the southernmost 7000 m peak in the world. Therefore, Manaslu is higher than Kabru.",0.068966,True,True,True,True,True,hotpotqa:hotpot_doc0002567:C128-S32:0000 | hotpotqa:hotpot_doc0002563:C128-S32:0000 | hotpotqa:hotpot_doc0002564:C128-S32:0000 | hotpotqa:hotpot_doc0002565:C128-S32:0000 | hotpotqa:hotpot_doc0002559:C128-S32:0001 | hotpotqa:hotpot_doc0007016:C128-S32:0000 | hotpotqa:hotpot_doc0002560:C128-S32:0001 | hotpotqa:hotpot_doc0002561:C128-S32:0000 | hotpotqa:hotpot_doc0002566:C128-S32:0000 | hotpotqa:hotpot_doc0002560:C128-S32:0000 | hotpotqa:hotpot_doc0002559:C128-S32:0002 | hotpotqa:hotpot_doc0002562:C128-S32:0000 | hotpotqa:hotpot_doc0002558:C128-S32:0000 | hotpotqa:hotpot_doc0011113:C128-S32:0001 | hotpotqa:hotpot_doc0001620:C128-S32:0001 | hotpotqa:hotpot_doc0011113:C128-S32:0000 | hotpotqa:hotpot_doc0003201:C128-S32:0000 | hotpotqa:hotpot_doc0012293:C128-S32:0000 | hotpotqa:hotpot_doc0007018:C128-S32:0000 | hotpotqa:hotpot_doc0020893:C128-S32:0000 | hotpotqa:hotpot_doc0003147:C128-S32:0000 | hotpotqa:hotpot_doc0008776:C128-S32:0000 | hotpotqa:hotpot_doc0019160:C128-S32:0000 | hotpotqa:hotpot_doc0001731:C128-S32:0000 | hotpotqa:hotpot_doc0002561:C128-S32:0001 | hotpotqa:hotpot_doc0014075:C128-S32:0000 | hotpotqa:hotpot_doc0006359:C128-S32:0000 | hotpotqa:hotpot_doc0017447:C128-S32:0000 | hotpotqa:hotpot_doc0011420:C128-S32:0000 | hotpotqa:hotpot_doc0020088:C128-S32:0000 | hotpotqa:hotpot_doc0002559:C128-S32:0000 | hotpotqa:hotpot_doc0011815:C128-S32:0000 | hotpotqa:hotpot_doc0009386:C128-S32:0000 | hotpotqa:hotpot_doc0006357:C128-S32:0000 | hotpotqa:hotpot_doc0017451:C128-S32:0000 | hotpotqa:hotpot_doc0000941:C128-S32:0000 | hotpotqa:hotpot_doc0011813:C128-S32:0000 | hotpotqa:hotpot_doc0023290:C128-S32:0000 | hotpotqa:hotpot_doc0000947:C128-S32:0000 | hotpotqa:hotpot_doc0021803:C128-S32:0001 | hotpotqa:hotpot_doc0007492:C128-S32:0000 | hotpotqa:hotpot_doc0008255:C128-S32:0000 | hotpotqa:hotpot_doc0016380:C128-S32:0000 | hotpotqa:hotpot_doc0006358:C128-S32:0000 | hotpotqa:hotpot_doc0016676:C128-S32:0000 | hotpotqa:hotpot_doc0012624:C128-S32:0000 | hotpotqa:hotpot_doc0020013:C128-S32:0000 | hotpotqa:hotpot_doc0015923:C128-S32:0000 | hotpotqa:hotpot_doc0020892:C128-S32:0000 | hotpotqa:hotpot_doc0000940:C128-S32:0000,hotpotqa:hotpot_doc0002567:C128-S32:0000 | hotpotqa:hotpot_doc0002563:C128-S32:0000 | hotpotqa:hotpot_doc0002559:C128-S32:0001 | hotpotqa:hotpot_doc0002560:C128-S32:0001 | hotpotqa:hotpot_doc0002559:C128-S32:0000,hotpotqa:hotpot_doc0002567:C128-S32:0000 | hotpotqa:hotpot_doc0002563:C128-S32:0000 | hotpotqa:hotpot_doc0002559:C128-S32:0001 | hotpotqa:hotpot_doc0002560:C128-S32:0001 | hotpotqa:hotpot_doc0002559:C128-S32:0000,unlikely,output ends with terminal punctuation and is below heuristic length,True,evaluation_normalization_issue,non-exact generated answer retains normalized token overlap,False,False
hotpotqa,bm25,13,5a717ca25542994082a3e852,Where is a place that has both Lano Estacado and Buda Limestone geological formations?,High Plains,"The Llano Estacado is located in the southern region of the Western High Plains ecology region, and the Buda Limestone is found in the High Plains and Trans-Pecos regions of West Texas. Therefore, a place that has both Lano Estacado and Buda Limestone geological formations is in",0.090909,True,True,True,True,True,hotpotqa:hotpot_doc0016678:C128-S32:0000 | hotpotqa:hotpot_doc0016679:C128-S32:0000 | hotpotqa:hotpot_doc0016675:C128-S32:0000 | hotpotqa:hotpot_doc0016680:C128-S32:0000 | hotpotqa:hotpot_doc0016682:C128-S32:0000 | hotpotqa:hotpot_doc0016677:C128-S32:0000 | hotpotqa:hotpot_doc0016681:C128-S32:0000 | hotpotqa:hotpot_doc0016674:C128-S32:0000 | hotpotqa:hotpot_doc0013250:C128-S32:0000 | hotpotqa:hotpot_doc0000622:C128-S32:0000 | hotpotqa:hotpot_doc0016676:C128-S32:0000 | hotpotqa:hotpot_doc0005115:C128-S32:0000 | hotpotqa:hotpot_doc0022446:C128-S32:0000 | hotpotqa:hotpot_doc0021253:C128-S32:0001 | hotpotqa:hotpot_doc0019143:C128-S32:0001 | hotpotqa:hotpot_doc0022446:C128-S32:0001 | hotpotqa:hotpot_doc0022446:C128-S32:0002 | hotpotqa:hotpot_doc0021253:C128-S32:0000 | hotpotqa:hotpot_doc0008869:C128-S32:0000 | hotpotqa:hotpot_doc0010072:C128-S32:0000 | hotpotqa:hotpot_doc0004018:C128-S32:0000 | hotpotqa:hotpot_doc0000009:C128-S32:0000 | hotpotqa:hotpot_doc0016086:C128-S32:0000 | hotpotqa:hotpot_doc0006307:C128-S32:0000 | hotpotqa:hotpot_doc0006378:C128-S32:0000 | hotpotqa:hotpot_doc0017829:C128-S32:0000 | hotpotqa:hotpot_doc0008650:C128-S32:0000 | hotpotqa:hotpot_doc0022803:C128-S32:0001 | hotpotqa:hotpot_doc0017741:C128-S32:0002 | hotpotqa:hotpot_doc0005389:C128-S32:0000 | hotpotqa:hotpot_doc0016643:C128-S32:0001 | hotpotqa:hotpot_doc0010871:C128-S32:0000 | hotpotqa:hotpot_doc0008255:C128-S32:0001 | hotpotqa:hotpot_doc0000031:C128-S32:0000 | hotpotqa:hotpot_doc0020272:C128-S32:0000 | hotpotqa:hotpot_doc0015057:C128-S32:0000 | hotpotqa:hotpot_doc0018820:C128-S32:0000 | hotpotqa:hotpot_doc0021155:C128-S32:0000 | hotpotqa:hotpot_doc0007523:C128-S32:0000 | hotpotqa:hotpot_doc0005647:C128-S32:0000 | hotpotqa:hotpot_doc0010942:C128-S32:0001 | hotpotqa:hotpot_doc0009972:C128-S32:0000 | hotpotqa:hotpot_doc0010077:C128-S32:0000 | hotpotqa:hotpot_doc0005255:C128-S32:0000 | hotpotqa:hotpot_doc0009037:C128-S32:0001 | hotpotqa:hotpot_doc0010279:C128-S32:0000 | hotpotqa:hotpot_doc0014681:C128-S32:0001 | hotpotqa:hotpot_doc0015286:C128-S32:0000 | hotpotqa:hotpot_doc0000316:C128-S32:0000 | hotpotqa:hotpot_doc0009388:C128-S32:0000,hotpotqa:hotpot_doc0016678:C128-S32:0000 | hotpotqa:hotpot_doc0013250:C128-S32:0000 | hotpotqa:hotpot_doc0016679:C128-S32:0000 | hotpotqa:hotpot_doc0021253:C128-S32:0001 | hotpotqa:hotpot_doc0022446:C128-S32:0001,hotpotqa:hotpot_doc0016678:C128-S32:0000 | hotpotqa:hotpot_doc0013250:C128-S32:0000 | hotpotqa:hotpot_doc0016679:C128-S32:0000 | hotpotqa:hotpot_doc0021253:C128-S32:0001 | hotpotqa:hotpot_doc0022446:C128-S32:0001,uncertain,non-terminal ending at moderate length,True,evaluation_normalization_issue,non-exact generated answer retains normalized token overlap,False,False
hotpotqa,bm25,13,5a717d4c5542994082a3e854,"Who has written more than 300 papers, Semyon Aranovich Gershgorin or Pavel Alexandrov?",Pavel Sergeyevich Alexandrov,I don't know.,0.0,True,True,True,True,True,hotpotqa:hotpot_doc0020430:C128-S32:0000 | hotpotqa:hotpot_doc0020437:C128-S32:0000 | hotpotqa:hotpot_doc0020428:C128-S32:0000 | hotpotqa:hotpot_doc0020429:C128-S32:0000 | hotpotqa:hotpot_doc0006222:C128-S32:0000 | hotpotqa:hotpot_doc0020435:C128-S32:0000 | hotpotqa:hotpot_doc0020433:C128-S32:0000 | hotpotqa:hotpot_doc0020434:C128-S32:0000 | hotpotqa:hotpot_doc0020431:C128-S32:0000 | hotpotqa:hotpot_doc0020436:C128-S32:0000 | hotpotqa:hotpot_doc0008613:C128-S32:0000 | hotpotqa:hotpot_doc0020432:C128-S32:0000 | hotpotqa:hotpot_doc0012498:C128-S32:0000 | hotpotqa:hotpot_doc0004600:C128-S32:0001 | hotpotqa:hotpot_doc0021407:C128-S32:0000 | hotpotqa:hotpot_doc0023886:C128-S32:0001 | hotpotqa:hotpot_doc0007514:C128-S32:0000 | hotpotqa:hotpot_doc0011113:C128-S32:0001 | hotpotqa:hotpot_doc0019141:C128-S32:0000 | hotpotqa:hotpot_doc0007086:C128-S32:0000 | hotpotqa:hotpot_doc0009165:C128-S32:0000 | hotpotqa:hotpot_doc0020191:C128-S32:0000 | hotpotqa:hotpot_doc0015867:C128-S32:0000 | hotpotqa:hotpot_doc0008954:C128-S32:0000 | hotpotqa:hotpot_doc0003664:C128-S32:0000 | hotpotqa:hotpot_doc0013630:C128-S32:0000 | hotpotqa:hotpot_doc0007092:C128-S32:0001 | hotpotqa:hotpot_doc0004524:C128-S32:0001 | hotpotqa:hotpot_doc0024496:C128-S32:0000 | hotpotqa:hotpot_doc0006333:C128-S32:0000 | hotpotqa:hotpot_doc0007611:C128-S32:0000 | hotpotqa:hotpot_doc0001125:C128-S32:0000 | hotpotqa:hotpot_doc0005353:C128-S32:0000 | hotpotqa:hotpot_doc0019274:C128-S32:0000 | hotpotqa:hotpot_doc0013930:C128-S32:0000 | hotpotqa:hotpot_doc0018156:C128-S32:0000 | hotpotqa:hotpot_doc0007518:C128-S32:0000 | hotpotqa:hotpot_doc0021405:C128-S32:0000 | hotpotqa:hotpot_doc0005742:C128-S32:0000 | hotpotqa:hotpot_doc0020802:C128-S32:0000 | hotpotqa:hotpot_doc0018602:C128-S32:0000 | hotpotqa:hotpot_doc0004600:C128-S32:0000 | hotpotqa:hotpot_doc0011641:C128-S32:0000 | hotpotqa:hotpot_doc0022687:C128-S32:0000 | hotpotqa:hotpot_doc0022108:C128-S32:0000 | hotpotqa:hotpot_doc0023856:C128-S32:0000 | hotpotqa:hotpot_doc0016194:C128-S32:0000 | hotpotqa:hotpot_doc0019212:C128-S32:0000 | hotpotqa:hotpot_doc0007492:C128-S32:0000 | hotpotqa:hotpot_doc0005748:C128-S32:0000,hotpotqa:hotpot_doc0020430:C128-S32:0000 | hotpotqa:hotpot_doc0020429:C128-S32:0000 | hotpotqa:hotpot_doc0020428:C128-S32:0000 | hotpotqa:hotpot_doc0020435:C128-S32:0000 | hotpotqa:hotpot_doc0020436:C128-S32:0000,hotpotqa:hotpot_doc0020430:C128-S32:0000 | hotpotqa:hotpot_doc0020429:C128-S32:0000 | hotpotqa:hotpot_doc0020428:C128-S32:0000 | hotpotqa:hotpot_doc0020435:C128-S32:0000 | hotpotqa:hotpot_doc0020436:C128-S32:0000,unlikely,output ends with terminal punctuation and is below heuristic length,False,generation_error_or_truncation,evidence retained but answer has zero normalized token F1,False,False
hotpotqa,bm25,13,5a7215c255429971e9dc9252,"Which filmmaker is not German, David Gordon Green or Detlev Buck?",David Gordon Green,"David Gordon Green is not German. Detlev Buck is German. Therefore, David Gordon Green is the filmmaker who is not German.",0.26087,True,True,True,True,True,hotpotqa:hotpot_doc0006119:C128-S32:0000 | hotpotqa:hotpot_doc0006121:C128-S32:0000 | hotpotqa:hotpot_doc0006126:C128-S32:0000 | hotpotqa:hotpot_doc0006125:C128-S32:0000 | hotpotqa:hotpot_doc0006123:C128-S32:0000 | hotpotqa:hotpot_doc0006120:C128-S32:0000 | hotpotqa:hotpot_doc0006122:C128-S32:0000 | hotpotqa:hotpot_doc0006128:C128-S32:0000 | hotpotqa:hotpot_doc0006124:C128-S32:0000 | hotpotqa:hotpot_doc0021004:C128-S32:0000 | hotpotqa:hotpot_doc0016885:C128-S32:0000 | hotpotqa:hotpot_doc0008062:C128-S32:0000 | hotpotqa:hotpot_doc0007818:C128-S32:0000 | hotpotqa:hotpot_doc0009604:C128-S32:0000 | hotpotqa:hotpot_doc0002474:C128-S32:0000 | hotpotqa:hotpot_doc0000604:C128-S32:0000 | hotpotqa:hotpot_doc0000175:C128-S32:0000 | hotpotqa:hotpot_doc0004084:C128-S32:0000 | hotpotqa:hotpot_doc0017563:C128-S32:0000 | hotpotqa:hotpot_doc0007617:C128-S32:0000 | hotpotqa:hotpot_doc0000603:C128-S32:0000 | hotpotqa:hotpot_doc0009911:C128-S32:0000 | hotpotqa:hotpot_doc0003575:C128-S32:0000 | hotpotqa:hotpot_doc0016023:C128-S32:0000 | hotpotqa:hotpot_doc0019309:C128-S32:0000 | hotpotqa:hotpot_doc0013816:C128-S32:0001 | hotpotqa:hotpot_doc0001485:C128-S32:0000 | hotpotqa:hotpot_doc0021331:C128-S32:0000 | hotpotqa:hotpot_doc0000602:C128-S32:0000 | hotpotqa:hotpot_doc0017364:C128-S32:0000 | hotpotqa:hotpot_doc0015388:C128-S32:0000 | hotpotqa:hotpot_doc0007219:C128-S32:0000 | hotpotqa:hotpot_doc0016891:C128-S32:0000 | hotpotqa:hotpot_doc0008067:C128-S32:0000 | hotpotqa:hotpot_doc0000608:C128-S32:0000 | hotpotqa:hotpot_doc0000601:C128-S32:0000 | hotpotqa:hotpot_doc0002512:C128-S32:0000 | hotpotqa:hotpot_doc0000278:C128-S32:0000 | hotpotqa:hotpot_doc0005081:C128-S32:0000 | hotpotqa:hotpot_doc0016049:C128-S32:0000 | hotpotqa:hotpot_doc0020730:C128-S32:0000 | hotpotqa:hotpot_doc0019175:C128-S32:0000 | hotpotqa:hotpot_doc0012050:C128-S32:0000 | hotpotqa:hotpot_doc0016111:C128-S32:0000 | hotpotqa:hotpot_doc0015755:C128-S32:0000 | hotpotqa:hotpot_doc0017817:C128-S32:0000 | hotpotqa:hotpot_doc0021814:C128-S32:0000 | hotpotqa:hotpot_doc0006886:C128-S32:0000 | hotpotqa:hotpot_doc0007817:C128-S32:0000 | hotpotqa:hotpot_doc0000607:C128-S32:0000,hotpotqa:hotpot_doc0006119:C128-S32:0000 | hotpotqa:hotpot_doc0006125:C128-S32:0000 | hotpotqa:hotpot_doc0016885:C128-S32:0000 | hotpotqa:hotpot_doc0021004:C128-S32:0000 | hotpotqa:hotpot_doc0006128:C128-S32:0000,hotpotqa:hotpot_doc0006119:C128-S32:0000 | hotpotqa:hotpot_doc0006125:C128-S32:0000 | hotpotqa:hotpot_doc0016885:C128-S32:0000 | hotpotqa:hotpot_doc0021004:C128-S32:0000 | hotpotqa:hotpot_doc0006128:C128-S32:0000,unlikely,output ends with terminal punctuation and is below heuristic length,True,evaluation_normalization_issue,non-exact generated answer retains normalized token overlap,False,False
hotpotqa,bm25,13,5a72178f55429971e9dc925c, the Small Münsterländer and Ratonero Bodeguero Andaluz breeds main occupations are what?,hunting,"The main occupations of the Small Münsterländer and Ratonero Bodeguero Andaluz breeds are hunting. The Small Münsterländer is a versatile hunting-pointing-retrieving dog breed, while the Ratonero Bodeguero Andaluz is specifically noted for hunting rats and",0.054054,True,True,True,True,True,hotpotqa:hotpot_doc0017470:C128-S32:0000 | hotpotqa:hotpot_doc0017463:C128-S32:0000 | hotpotqa:hotpot_doc0017469:C128-S32:0000 | hotpotqa:hotpot_doc0017464:C128-S32:0000 | hotpotqa:hotpot_doc0017465:C128-S32:0000 | hotpotqa:hotpot_doc0021858:C128-S32:0000 | hotpotqa:hotpot_doc0017471:C128-S32:0000 | hotpotqa:hotpot_doc0017467:C128-S32:0000 | hotpotqa:hotpot_doc0017468:C128-S32:0000 | hotpotqa:hotpot_doc0017466:C128-S32:0000 | hotpotqa:hotpot_doc0005058:C128-S32:0000 | hotpotqa:hotpot_doc0017462:C128-S32:0000 | hotpotqa:hotpot_doc0023805:C128-S32:0000 | hotpotqa:hotpot_doc0022160:C128-S32:0000 | hotpotqa:hotpot_doc0007536:C128-S32:0000 | hotpotqa:hotpot_doc0015404:C128-S32:0000 | hotpotqa:hotpot_doc0024478:C128-S32:0000 | hotpotqa:hotpot_doc0000582:C128-S32:0000 | hotpotqa:hotpot_doc0016899:C128-S32:0000 | hotpotqa:hotpot_doc0006141:C128-S32:0000 | hotpotqa:hotpot_doc0024480:C128-S32:0000 | hotpotqa:hotpot_doc0021862:C128-S32:0000 | hotpotqa:hotpot_doc0007536:C128-S32:0001 | hotpotqa:hotpot_doc0008055:C128-S32:0000 | hotpotqa:hotpot_doc0016138:C128-S32:0000 | hotpotqa:hotpot_doc0023804:C128-S32:0000 | hotpotqa:hotpot_doc0022774:C128-S32:0000 | hotpotqa:hotpot_doc0011952:C128-S32:0000 | hotpotqa:hotpot_doc0024087:C128-S32:0000 | hotpotqa:hotpot_doc0008057:C128-S32:0000 | hotpotqa:hotpot_doc0000581:C128-S32:0000 | hotpotqa:hotpot_doc0022756:C128-S32:0000 | hotpotqa:hotpot_doc0019798:C128-S32:0000 | hotpotqa:hotpot_doc0016331:C128-S32:0000 | hotpotqa:hotpot_doc0016900:C128-S32:0000 | hotpotqa:hotpot_doc0019191:C128-S32:0001 | hotpotqa:hotpot_doc0024479:C128-S32:0000 | hotpotqa:hotpot_doc0000158:C128-S32:0000 | hotpotqa:hotpot_doc0016900:C128-S32:0001 | hotpotqa:hotpot_doc0015536:C128-S32:0000 | hotpotqa:hotpot_doc0021092:C128-S32:0000 | hotpotqa:hotpot_doc0023806:C128-S32:0000 | hotpotqa:hotpot_doc0000584:C128-S32:0001 | hotpotqa:hotpot_doc0003330:C128-S32:0000 | hotpotqa:hotpot_doc0010716:C128-S32:0000 | hotpotqa:hotpot_doc0000789:C128-S32:0000 | hotpotqa:hotpot_doc0011954:C128-S32:0001 | hotpotqa:hotpot_doc0007609:C128-S32:0000 | hotpotqa:hotpot_doc0013152:C128-S32:0000 | hotpotqa:hotpot_doc0000947:C128-S32:0000,hotpotqa:hotpot_doc0017463:C128-S32:0000 | hotpotqa:hotpot_doc0017470:C128-S32:0000 | hotpotqa:hotpot_doc0017471:C128-S32:0000 | hotpotqa:hotpot_doc0017464:C128-S32:0000 | hotpotqa:hotpot_doc0017469:C128-S32:0000,hotpotqa:hotpot_doc0017463:C128-S32:0000 | hotpotqa:hotpot_doc0017470:C128-S32:0000 | hotpotqa:hotpot_doc0017471:C128-S32:0000 | hotpotqa:hotpot_doc0017464:C128-S32:0000 | hotpotqa:hotpot_doc0017469:C128-S32:0000,uncertain,non-terminal ending at moderate length,True,evaluation_normalization_issue,non-exact generated answer retains normalized token overlap,False,False
hotpotqa,bm25,13,5a72662e5542990c210a411e,Which form of intercourse that involves the insertion and thrusting of the erect penis into a person's anus is included in the Measure B law?,anal,The form of intercourse that involves the insertion and thrusting of the erect penis into a person's anus included in the Measure B law is anal sex.,0.083333,True,True,True,True,True,hotpotqa:hotpot_doc0001136:C128-S32:0000 | hotpotqa:hotpot_doc0001139:C128-S32:0000 | hotpotqa:hotpot_doc0001130:C128-S32:0000 | hotpotqa:hotpot_doc0001132:C128-S32:0001 | hotpotqa:hotpot_doc0001133:C128-S32:0000 | hotpotqa:hotpot_doc0001131:C128-S32:0000 | hotpotqa:hotpot_doc0001138:C128-S32:0000 | hotpotqa:hotpot_doc0001137:C128-S32:0000 | hotpotqa:hotpot_doc0008116:C128-S32:0000 | hotpotqa:hotpot_doc0001134:C128-S32:0000 | hotpotqa:hotpot_doc0001132:C128-S32:0000 | hotpotqa:hotpot_doc0001135:C128-S32:0000 | hotpotqa:hotpot_doc0013383:C128-S32:0001 | hotpotqa:hotpot_doc0015972:C128-S32:0000 | hotpotqa:hotpot_doc0014743:C128-S32:0000 | hotpotqa:hotpot_doc0003570:C128-S32:0000 | hotpotqa:hotpot_doc0014744:C128-S32:0000 | hotpotqa:hotpot_doc0005424:C128-S32:0000 | hotpotqa:hotpot_doc0013386:C128-S32:0000 | hotpotqa:hotpot_doc0005064:C128-S32:0001 | hotpotqa:hotpot_doc0011359:C128-S32:0001 | hotpotqa:hotpot_doc0009281:C128-S32:0001 | hotpotqa:hotpot_doc0001786:C128-S32:0000 | hotpotqa:hotpot_doc0005285:C128-S32:0000 | hotpotqa:hotpot_doc0013383:C128-S32:0000 | hotpotqa:hotpot_doc0002808:C128-S32:0000 | hotpotqa:hotpot_doc0003870:C128-S32:0000 | hotpotqa:hotpot_doc0015976:C128-S32:0000 | hotpotqa:hotpot_doc0002421:C128-S32:0000 | hotpotqa:hotpot_doc0006420:C128-S32:0000 | hotpotqa:hotpot_doc0019347:C128-S32:0002 | hotpotqa:hotpot_doc0011359:C128-S32:0000 | hotpotqa:hotpot_doc0003657:C128-S32:0000 | hotpotqa:hotpot_doc0002403:C128-S32:0000 | hotpotqa:hotpot_doc0013863:C128-S32:0000 | hotpotqa:hotpot_doc0007313:C128-S32:0000 | hotpotqa:hotpot_doc0001715:C128-S32:0000 | hotpotqa:hotpot_doc0012552:C128-S32:0000 | hotpotqa:hotpot_doc0014743:C128-S32:0001 | hotpotqa:hotpot_doc0016685:C128-S32:0000 | hotpotqa:hotpot_doc0008819:C128-S32:0000 | hotpotqa:hotpot_doc0020397:C128-S32:0000 | hotpotqa:hotpot_doc0021104:C128-S32:0001 | hotpotqa:hotpot_doc0016691:C128-S32:0000 | hotpotqa:hotpot_doc0012447:C128-S32:0000 | hotpotqa:hotpot_doc0006765:C128-S32:0000 | hotpotqa:hotpot_doc0008717:C128-S32:0000 | hotpotqa:hotpot_doc0018297:C128-S32:0000 | hotpotqa:hotpot_doc0004784:C128-S32:0001 | hotpotqa:hotpot_doc0013385:C128-S32:0001,hotpotqa:hotpot_doc0001136:C128-S32:0000 | hotpotqa:hotpot_doc0001139:C128-S32:0000 | hotpotqa:hotpot_doc0001135:C128-S32:0000 | hotpotqa:hotpot_doc0001131:C128-S32:0000 | hotpotqa:hotpot_doc0001137:C128-S32:0000,hotpotqa:hotpot_doc0001136:C128-S32:0000 | hotpotqa:hotpot_doc0001139:C128-S32:0000 | hotpotqa:hotpot_doc0001135:C128-S32:0000 | hotpotqa:hotpot_doc0001131:C128-S32:0000 | hotpotqa:hotpot_doc0001137:C128-S32:0000,unlikely,output ends with terminal punctuation and is below heuristic length,True,evaluation_normalization_issue,non-exact generated answer retains normalized token overlap,False,False
hotpotqa,bm25,13,5a732df55542992359bc3265,The Missouri river has a tributary that originates from what peak in the Absaroka Range?,Yellowstone River,"The Missouri River has a tributary, the Yellowstone River, which is formed near Younts Peak in the Absaroka Range. Therefore, the tributary of the Missouri River that originates from a peak in the Absaroka Range is from Younts Peak.",0.121212,True,True,True,True,True,hotpotqa:hotpot_doc0000629:C128-S32:0000 | hotpotqa:hotpot_doc0000624:C128-S32:0000 | hotpotqa:hotpot_doc0000622:C128-S32:0000 | hotpotqa:hotpot_doc0000628:C128-S32:0000 | hotpotqa:hotpot_doc0000625:C128-S32:0000 | hotpotqa:hotpot_doc0000620:C128-S32:0000 | hotpotqa:hotpot_doc0000626:C128-S32:0000 | hotpotqa:hotpot_doc0000627:C128-S32:0000 | hotpotqa:hotpot_doc0001195:C128-S32:0000 | hotpotqa:hotpot_doc0015633:C128-S32:0000 | hotpotqa:hotpot_doc0011801:C128-S32:0000 | hotpotqa:hotpot_doc0010578:C128-S32:0000 | hotpotqa:hotpot_doc0020393:C128-S32:0000 | hotpotqa:hotpot_doc0005351:C128-S32:0000 | hotpotqa:hotpot_doc0021847:C128-S32:0000 | hotpotqa:hotpot_doc0000621:C128-S32:0000 | hotpotqa:hotpot_doc0000623:C128-S32:0000 | hotpotqa:hotpot_doc0018001:C128-S32:0002 | hotpotqa:hotpot_doc0015791:C128-S32:0000 | hotpotqa:hotpot_doc0005353:C128-S32:0000 | hotpotqa:hotpot_doc0000104:C128-S32:0000 | hotpotqa:hotpot_doc0011117:C128-S32:0000 | hotpotqa:hotpot_doc0020890:C128-S32:0000 | hotpotqa:hotpot_doc0006789:C128-S32:0000 | hotpotqa:hotpot_doc0023131:C128-S32:0000 | hotpotqa:hotpot_doc0016385:C128-S32:0000 | hotpotqa:hotpot_doc0005349:C128-S32:0000 | hotpotqa:hotpot_doc0020399:C128-S32:0000 | hotpotqa:hotpot_doc0009851:C128-S32:0000 | hotpotqa:hotpot_doc0020889:C128-S32:0000 | hotpotqa:hotpot_doc0020252:C128-S32:0000 | hotpotqa:hotpot_doc0015944:C128-S32:0000 | hotpotqa:hotpot_doc0000030:C128-S32:0000 | hotpotqa:hotpot_doc0011113:C128-S32:0000 | hotpotqa:hotpot_doc0011113:C128-S32:0001 | hotpotqa:hotpot_doc0022934:C128-S32:0000 | hotpotqa:hotpot_doc0006412:C128-S32:0000 | hotpotqa:hotpot_doc0015882:C128-S32:0001 | hotpotqa:hotpot_doc0009575:C128-S32:0000 | hotpotqa:hotpot_doc0008769:C128-S32:0000 | hotpotqa:hotpot_doc0020891:C128-S32:0000 | hotpotqa:hotpot_doc0021966:C128-S32:0000 | hotpotqa:hotpot_doc0007806:C128-S32:0000 | hotpotqa:hotpot_doc0000458:C128-S32:0000 | hotpotqa:hotpot_doc0004143:C128-S32:0000 | hotpotqa:hotpot_doc0002560:C128-S32:0001 | hotpotqa:hotpot_doc0017802:C128-S32:0000 | hotpotqa:hotpot_doc0016386:C128-S32:0000 | hotpotqa:hotpot_doc0013369:C128-S32:0000 | hotpotqa:hotpot_doc0015882:C128-S32:0000,hotpotqa:hotpot_doc0000629:C128-S32:0000 | hotpotqa:hotpot_doc0000626:C128-S32:0000 | hotpotqa:hotpot_doc0000624:C128-S32:0000 | hotpotqa:hotpot_doc0000627:C128-S32:0000 | hotpotqa:hotpot_doc0000625:C128-S32:0000,hotpotqa:hotpot_doc0000629:C128-S32:0000 | hotpotqa:hotpot_doc0000626:C128-S32:0000 | hotpotqa:hotpot_doc0000624:C128-S32:0000 | hotpotqa:hotpot_doc0000627:C128-S32:0000 | hotpotqa:hotpot_doc0000625:C128-S32:0000,unlikely,output ends with terminal punctuation and is below heuristic length,True,evaluation_normalization_issue,non-exact generated answer retains normalized token overlap,False,False
hotpotqa,bm25,13,5a7336bd5542991f9a20c68c,"Which game is a board game, Mensch ärgere dich nicht or Roulette?",Mensch ärgere Dich nicht,The answer is: Mensch ärgere dich nicht.,0.8,True,True,True,True,True,hotpotqa:hotpot_doc0023964:C128-S32:0000 | hotpotqa:hotpot_doc0023963:C128-S32:0000 | hotpotqa:hotpot_doc0023960:C128-S32:0000 | hotpotqa:hotpot_doc0023967:C128-S32:0000 | hotpotqa:hotpot_doc0023962:C128-S32:0000 | hotpotqa:hotpot_doc0023965:C128-S32:0000 | hotpotqa:hotpot_doc0023958:C128-S32:0000 | hotpotqa:hotpot_doc0023959:C128-S32:0000 | hotpotqa:hotpot_doc0023966:C128-S32:0000 | hotpotqa:hotpot_doc0023961:C128-S32:0000 | hotpotqa:hotpot_doc0002014:C128-S32:0000 | hotpotqa:hotpot_doc0002009:C128-S32:0000 | hotpotqa:hotpot_doc0002007:C128-S32:0000 | hotpotqa:hotpot_doc0002016:C128-S32:0000 | hotpotqa:hotpot_doc0002012:C128-S32:0000 | hotpotqa:hotpot_doc0016034:C128-S32:0000 | hotpotqa:hotpot_doc0010546:C128-S32:0000 | hotpotqa:hotpot_doc0013096:C128-S32:0000 | hotpotqa:hotpot_doc0010543:C128-S32:0000 | hotpotqa:hotpot_doc0002013:C128-S32:0000 | hotpotqa:hotpot_doc0010231:C128-S32:0000 | hotpotqa:hotpot_doc0016299:C128-S32:0000 | hotpotqa:hotpot_doc0002009:C128-S32:0001 | hotpotqa:hotpot_doc0019512:C128-S32:0000 | hotpotqa:hotpot_doc0019508:C128-S32:0000 | hotpotqa:hotpot_doc0002012:C128-S32:0001 | hotpotqa:hotpot_doc0010779:C128-S32:0000 | hotpotqa:hotpot_doc0002008:C128-S32:0000 | hotpotqa:hotpot_doc0013103:C128-S32:0000 | hotpotqa:hotpot_doc0002015:C128-S32:0000 | hotpotqa:hotpot_doc0010781:C128-S32:0000 | hotpotqa:hotpot_doc0002010:C128-S32:0000 | hotpotqa:hotpot_doc0002011:C128-S32:0000 | hotpotqa:hotpot_doc0006460:C128-S32:0000 | hotpotqa:hotpot_doc0010236:C128-S32:0000 | hotpotqa:hotpot_doc0003989:C128-S32:0000 | hotpotqa:hotpot_doc0018236:C128-S32:0000 | hotpotqa:hotpot_doc0010232:C128-S32:0002 | hotpotqa:hotpot_doc0002015:C128-S32:0002 | hotpotqa:hotpot_doc0002016:C128-S32:0001 | hotpotqa:hotpot_doc0021582:C128-S32:0000 | hotpotqa:hotpot_doc0015313:C128-S32:0000 | hotpotqa:hotpot_doc0016148:C128-S32:0000 | hotpotqa:hotpot_doc0012672:C128-S32:0000 | hotpotqa:hotpot_doc0022891:C128-S32:0000 | hotpotqa:hotpot_doc0016151:C128-S32:0000 | hotpotqa:hotpot_doc0021649:C128-S32:0000 | hotpotqa:hotpot_doc0018793:C128-S32:0000 | hotpotqa:hotpot_doc0013102:C128-S32:0000 | hotpotqa:hotpot_doc0012918:C128-S32:0000,hotpotqa:hotpot_doc0023964:C128-S32:0000 | hotpotqa:hotpot_doc0023960:C128-S32:0000 | hotpotqa:hotpot_doc0023963:C128-S32:0000 | hotpotqa:hotpot_doc0023962:C128-S32:0000 | hotpotqa:hotpot_doc0016151:C128-S32:0000,hotpotqa:hotpot_doc0023964:C128-S32:0000 | hotpotqa:hotpot_doc0023960:C128-S32:0000 | hotpotqa:hotpot_doc0023963:C128-S32:0000 | hotpotqa:hotpot_doc0023962:C128-S32:0000 | hotpotqa:hotpot_doc0016151:C128-S32:0000,uncertain,non-terminal ending at moderate length,True,evaluation_normalization_issue,non-exact generated answer retains normalized token overlap,False,False
hotpotqa,bm25,13,5a7348865542991f9a20c6e0,"Who is the head coach, whom was inducted into the Naismith Memorial Basketball Hall of Fame, that led the 2004–05 Kansas Jayhawks men's basketball team?",Billy Eugene Self Jr.,"The head coach of the 2004–05 Kansas Jayhawks men's basketball team was Bill Self. According to the context, Bill Self was inducted into the Naismith Memorial Basketball Hall of Fame. Therefore, the answer is Bill Self.",0.054054,True,True,True,True,True,hotpotqa:hotpot_doc0000235:C128-S32:0000 | hotpotqa:hotpot_doc0000231:C128-S32:0000 | hotpotqa:hotpot_doc0000237:C128-S32:0000 | hotpotqa:hotpot_doc0000238:C128-S32:0000 | hotpotqa:hotpot_doc0000234:C128-S32:0000 | hotpotqa:hotpot_doc0000236:C128-S32:0000 | hotpotqa:hotpot_doc0000230:C128-S32:0001 | hotpotqa:hotpot_doc0022925:C128-S32:0001 | hotpotqa:hotpot_doc0018223:C128-S32:0000 | hotpotqa:hotpot_doc0018218:C128-S32:0000 | hotpotqa:hotpot_doc0001524:C128-S32:0000 | hotpotqa:hotpot_doc0000233:C128-S32:0000 | hotpotqa:hotpot_doc0021209:C128-S32:0000 | hotpotqa:hotpot_doc0000232:C128-S32:0001 | hotpotqa:hotpot_doc0009413:C128-S32:0000 | hotpotqa:hotpot_doc0000239:C128-S32:0000 | hotpotqa:hotpot_doc0022295:C128-S32:0001 | hotpotqa:hotpot_doc0000226:C128-S32:0000 | hotpotqa:hotpot_doc0022865:C128-S32:0000 | hotpotqa:hotpot_doc0009727:C128-S32:0000 | hotpotqa:hotpot_doc0012926:C128-S32:0000 | hotpotqa:hotpot_doc0000976:C128-S32:0000 | hotpotqa:hotpot_doc0001522:C128-S32:0000 | hotpotqa:hotpot_doc0007791:C128-S32:0000 | hotpotqa:hotpot_doc0001527:C128-S32:0000 | hotpotqa:hotpot_doc0009760:C128-S32:0000 | hotpotqa:hotpot_doc0000225:C128-S32:0000 | hotpotqa:hotpot_doc0007503:C128-S32:0000 | hotpotqa:hotpot_doc0009639:C128-S32:0000 | hotpotqa:hotpot_doc0000802:C128-S32:0000 | hotpotqa:hotpot_doc0019067:C128-S32:0001 | hotpotqa:hotpot_doc0000397:C128-S32:0000 | hotpotqa:hotpot_doc0016570:C128-S32:0001 | hotpotqa:hotpot_doc0000205:C128-S32:0000 | hotpotqa:hotpot_doc0020043:C128-S32:0000 | hotpotqa:hotpot_doc0007456:C128-S32:0000 | hotpotqa:hotpot_doc0000222:C128-S32:0000 | hotpotqa:hotpot_doc0000201:C128-S32:0000 | hotpotqa:hotpot_doc0007463:C128-S32:0000 | hotpotqa:hotpot_doc0023427:C128-S32:0000 | hotpotqa:hotpot_doc0009637:C128-S32:0000 | hotpotqa:hotpot_doc0021210:C128-S32:0000 | hotpotqa:hotpot_doc0008915:C128-S32:0000 | hotpotqa:hotpot_doc0000208:C128-S32:0000 | hotpotqa:hotpot_doc0000229:C128-S32:0000 | hotpotqa:hotpot_doc0007455:C128-S32:0000 | hotpotqa:hotpot_doc0019487:C128-S32:0000 | hotpotqa:hotpot_doc0009641:C128-S32:0001 | hotpotqa:hotpot_doc0008448:C128-S32:0000 | hotpotqa:hotpot_doc0008795:C128-S32:0000,hotpotqa:hotpot_doc0000231:C128-S32:0000 | hotpotqa:hotpot_doc0000237:C128-S32:0000 | hotpotqa:hotpot_doc0000236:C128-S32:0000 | hotpotqa:hotpot_doc0000230:C128-S32:0001 | hotpotqa:hotpot_doc0000234:C128-S32:0000,hotpotqa:hotpot_doc0000231:C128-S32:0000 | hotpotqa:hotpot_doc0000237:C128-S32:0000 | hotpotqa:hotpot_doc0000236:C128-S32:0000 | hotpotqa:hotpot_doc0000230:C128-S32:0001 | hotpotqa:hotpot_doc0000234:C128-S32:0000,unlikely,output ends with terminal punctuation and is below heuristic length,True,evaluation_normalization_issue,non-exact generated answer retains normalized token overlap,False,False
hotpotqa,bm25,13,5a737fef5542992d56e7e339,What 1979 comedy film stars an actor who is also a poker commentator in real life?,Fast Break,"The 1979 comedy film that stars an actor who is also a poker commentator in real life is ""Fast Break."" Gabe Kaplan, who played David Greene in the film, is noted in the context as an actor, comedian, poker commentator, and professional poker player.",0.1,True,True,True,True,True,hotpotqa:hotpot_doc0007750:C128-S32:0000 | hotpotqa:hotpot_doc0007744:C128-S32:0000 | hotpotqa:hotpot_doc0022956:C128-S32:0000 | hotpotqa:hotpot_doc0012746:C128-S32:0000 | hotpotqa:hotpot_doc0019229:C128-S32:0000 | hotpotqa:hotpot_doc0007890:C128-S32:0000 | hotpotqa:hotpot_doc0003384:C128-S32:0000 | hotpotqa:hotpot_doc0018917:C128-S32:0000 | hotpotqa:hotpot_doc0024678:C128-S32:0000 | hotpotqa:hotpot_doc0006028:C128-S32:0000 | hotpotqa:hotpot_doc0024403:C128-S32:0000 | hotpotqa:hotpot_doc0001034:C128-S32:0000 | hotpotqa:hotpot_doc0017294:C128-S32:0000 | hotpotqa:hotpot_doc0023275:C128-S32:0000 | hotpotqa:hotpot_doc0023276:C128-S32:0000 | hotpotqa:hotpot_doc0007749:C128-S32:0000 | hotpotqa:hotpot_doc0014982:C128-S32:0000 | hotpotqa:hotpot_doc0021421:C128-S32:0000 | hotpotqa:hotpot_doc0010355:C128-S32:0000 | hotpotqa:hotpot_doc0002908:C128-S32:0000 | hotpotqa:hotpot_doc0024735:C128-S32:0000 | hotpotqa:hotpot_doc0015725:C128-S32:0000 | hotpotqa:hotpot_doc0014810:C128-S32:0000 | hotpotqa:hotpot_doc0013934:C128-S32:0000 | hotpotqa:hotpot_doc0010038:C128-S32:0000 | hotpotqa:hotpot_doc0020072:C128-S32:0000 | hotpotqa:hotpot_doc0013719:C128-S32:0000 | hotpotqa:hotpot_doc0022001:C128-S32:0000 | hotpotqa:hotpot_doc0001035:C128-S32:0000 | hotpotqa:hotpot_doc0020850:C128-S32:0000 | hotpotqa:hotpot_doc0021814:C128-S32:0000 | hotpotqa:hotpot_doc0023536:C128-S32:0000 | hotpotqa:hotpot_doc0011588:C128-S32:0000 | hotpotqa:hotpot_doc0004529:C128-S32:0000 | hotpotqa:hotpot_doc0007748:C128-S32:0000 | hotpotqa:hotpot_doc0009000:C128-S32:0000 | hotpotqa:hotpot_doc0024633:C128-S32:0000 | hotpotqa:hotpot_doc0020823:C128-S32:0000 | hotpotqa:hotpot_doc0014593:C128-S32:0000 | hotpotqa:hotpot_doc0022282:C128-S32:0000 | hotpotqa:hotpot_doc0021011:C128-S32:0000 | hotpotqa:hotpot_doc0002984:C128-S32:0000 | hotpotqa:hotpot_doc0021813:C128-S32:0000 | hotpotqa:hotpot_doc0007752:C128-S32:0000 | hotpotqa:hotpot_doc0008836:C128-S32:0000 | hotpotqa:hotpot_doc0001550:C128-S32:0000 | hotpotqa:hotpot_doc0004078:C128-S32:0000 | hotpotqa:hotpot_doc0006021:C128-S32:0000 | hotpotqa:hotpot_doc0006598:C128-S32:0000 | hotpotqa:hotpot_doc0009305:C128-S32:0001,hotpotqa:hotpot_doc0007750:C128-S32:0000 | hotpotqa:hotpot_doc0007749:C128-S32:0000 | hotpotqa:hotpot_doc0003384:C128-S32:0000 | hotpotqa:hotpot_doc0007748:C128-S32:0000 | hotpotqa:hotpot_doc0007752:C128-S32:0000,hotpotqa:hotpot_doc0007750:C128-S32:0000 | hotpotqa:hotpot_doc0007749:C128-S32:0000 | hotpotqa:hotpot_doc0003384:C128-S32:0000 | hotpotqa:hotpot_doc0007748:C128-S32:0000 | hotpotqa:hotpot_doc0007752:C128-S32:0000,unlikely,output ends with terminal punctuation and is below heuristic length,True,evaluation_normalization_issue,non-exact generated answer retains normalized token overlap,False,False
hotpotqa,bm25,13,5a739f335542992d56e7e37d,"Which magazine was published first, Plop! or Naval History?",Plop!,"The magazine ""Plop!"" was published first. According to the context, ""Plop!"" was a comic book anthology published by DC Comics in the mid-1970s, with the series running from Sept./Oct. 1973 to Nov./Dec. 1976. On",0.060606,True,True,True,True,True,hotpotqa:hotpot_doc0001817:C128-S32:0000 | hotpotqa:hotpot_doc0001825:C128-S32:0000 | hotpotqa:hotpot_doc0001820:C128-S32:0000 | hotpotqa:hotpot_doc0017882:C128-S32:0000 | hotpotqa:hotpot_doc0001821:C128-S32:0000 | hotpotqa:hotpot_doc0018693:C128-S32:0000 | hotpotqa:hotpot_doc0001826:C128-S32:0000 | hotpotqa:hotpot_doc0001822:C128-S32:0000 | hotpotqa:hotpot_doc0001824:C128-S32:0000 | hotpotqa:hotpot_doc0001819:C128-S32:0000 | hotpotqa:hotpot_doc0001823:C128-S32:0000 | hotpotqa:hotpot_doc0001818:C128-S32:0000 | hotpotqa:hotpot_doc0019698:C128-S32:0000 | hotpotqa:hotpot_doc0001819:C128-S32:0001 | hotpotqa:hotpot_doc0023878:C128-S32:0000 | hotpotqa:hotpot_doc0023476:C128-S32:0000 | hotpotqa:hotpot_doc0013795:C128-S32:0000 | hotpotqa:hotpot_doc0011438:C128-S32:0000 | hotpotqa:hotpot_doc0018697:C128-S32:0000 | hotpotqa:hotpot_doc0018695:C128-S32:0000 | hotpotqa:hotpot_doc0016411:C128-S32:0000 | hotpotqa:hotpot_doc0023472:C128-S32:0000 | hotpotqa:hotpot_doc0018508:C128-S32:0000 | hotpotqa:hotpot_doc0004518:C128-S32:0000 | hotpotqa:hotpot_doc0011442:C128-S32:0000 | hotpotqa:hotpot_doc0004525:C128-S32:0000 | hotpotqa:hotpot_doc0014477:C128-S32:0001 | hotpotqa:hotpot_doc0020515:C128-S32:0000 | hotpotqa:hotpot_doc0012111:C128-S32:0000 | hotpotqa:hotpot_doc0020979:C128-S32:0000 | hotpotqa:hotpot_doc0014232:C128-S32:0000 | hotpotqa:hotpot_doc0022002:C128-S32:0000 | hotpotqa:hotpot_doc0020930:C128-S32:0000 | hotpotqa:hotpot_doc0016415:C128-S32:0000 | hotpotqa:hotpot_doc0003854:C128-S32:0000 | hotpotqa:hotpot_doc0018173:C128-S32:0000 | hotpotqa:hotpot_doc0011722:C128-S32:0000 | hotpotqa:hotpot_doc0018691:C128-S32:0000 | hotpotqa:hotpot_doc0012318:C128-S32:0000 | hotpotqa:hotpot_doc0003162:C128-S32:0000 | hotpotqa:hotpot_doc0013800:C128-S32:0000 | hotpotqa:hotpot_doc0018171:C128-S32:0000 | hotpotqa:hotpot_doc0006964:C128-S32:0000 | hotpotqa:hotpot_doc0004887:C128-S32:0000 | hotpotqa:hotpot_doc0015714:C128-S32:0000 | hotpotqa:hotpot_doc0009849:C128-S32:0000 | hotpotqa:hotpot_doc0012711:C128-S32:0000 | hotpotqa:hotpot_doc0011025:C128-S32:0000 | hotpotqa:hotpot_doc0011441:C128-S32:0000 | hotpotqa:hotpot_doc0024222:C128-S32:0000,hotpotqa:hotpot_doc0001817:C128-S32:0000 | hotpotqa:hotpot_doc0001825:C128-S32:0000 | hotpotqa:hotpot_doc0001818:C128-S32:0000 | hotpotqa:hotpot_doc0001824:C128-S32:0000 | hotpotqa:hotpot_doc0001819:C128-S32:0000,hotpotqa:hotpot_doc0001817:C128-S32:0000 | hotpotqa:hotpot_doc0001825:C128-S32:0000 | hotpotqa:hotpot_doc0001818:C128-S32:0000 | hotpotqa:hotpot_doc0001824:C128-S32:0000 | hotpotqa:hotpot_doc0001819:C128-S32:0000,uncertain,short non-terminal or answer-format ambiguity,True,evaluation_normalization_issue,non-exact generated answer retains normalized token overlap,False,False
hotpotqa,bm25,13,5a74686455429979e2882942,Ron Baxter is a former basketball forward for a team that currently competes in what conference?,the Big 12,"Ron Baxter played for the University of Texas Men's Basketball team, which currently competes in the Big 12 Conference. Therefore, the answer is the Big 12 Conference.",0.153846,True,True,True,True,True,hotpotqa:hotpot_doc0012499:C128-S32:0000 | hotpotqa:hotpot_doc0012118:C128-S32:0000 | hotpotqa:hotpot_doc0012505:C128-S32:0000 | hotpotqa:hotpot_doc0016830:C128-S32:0000 | hotpotqa:hotpot_doc0016832:C128-S32:0000 | hotpotqa:hotpot_doc0012506:C128-S32:0000 | hotpotqa:hotpot_doc0012507:C128-S32:0000 | hotpotqa:hotpot_doc0012501:C128-S32:0000 | hotpotqa:hotpot_doc0009759:C128-S32:0000 | hotpotqa:hotpot_doc0012503:C128-S32:0000 | hotpotqa:hotpot_doc0020039:C128-S32:0000 | hotpotqa:hotpot_doc0021205:C128-S32:0000 | hotpotqa:hotpot_doc0012504:C128-S32:0001 | hotpotqa:hotpot_doc0007463:C128-S32:0000 | hotpotqa:hotpot_doc0016370:C128-S32:0000 | hotpotqa:hotpot_doc0009761:C128-S32:0000 | hotpotqa:hotpot_doc0019804:C128-S32:0000 | hotpotqa:hotpot_doc0019803:C128-S32:0000 | hotpotqa:hotpot_doc0019802:C128-S32:0000 | hotpotqa:hotpot_doc0019806:C128-S32:0000 | hotpotqa:hotpot_doc0019808:C128-S32:0000 | hotpotqa:hotpot_doc0019807:C128-S32:0000 | hotpotqa:hotpot_doc0019767:C128-S32:0000 | hotpotqa:hotpot_doc0000229:C128-S32:0000 | hotpotqa:hotpot_doc0000898:C128-S32:0000 | hotpotqa:hotpot_doc0012502:C128-S32:0000 | hotpotqa:hotpot_doc0012500:C128-S32:0000 | hotpotqa:hotpot_doc0000220:C128-S32:0000 | hotpotqa:hotpot_doc0009755:C128-S32:0000 | hotpotqa:hotpot_doc0015098:C128-S32:0000 | hotpotqa:hotpot_doc0015675:C128-S32:0000 | hotpotqa:hotpot_doc0009633:C128-S32:0000 | hotpotqa:hotpot_doc0009200:C128-S32:0000 | hotpotqa:hotpot_doc0015101:C128-S32:0000 | hotpotqa:hotpot_doc0000202:C128-S32:0000 | hotpotqa:hotpot_doc0000202:C128-S32:0001 | hotpotqa:hotpot_doc0024746:C128-S32:0000 | hotpotqa:hotpot_doc0001799:C128-S32:0000 | hotpotqa:hotpot_doc0016376:C128-S32:0000 | hotpotqa:hotpot_doc0003513:C128-S32:0000 | hotpotqa:hotpot_doc0021632:C128-S32:0000 | hotpotqa:hotpot_doc0015103:C128-S32:0000 | hotpotqa:hotpot_doc0017821:C128-S32:0001 | hotpotqa:hotpot_doc0000807:C128-S32:0000 | hotpotqa:hotpot_doc0019487:C128-S32:0000 | hotpotqa:hotpot_doc0023653:C128-S32:0000 | hotpotqa:hotpot_doc0001806:C128-S32:0000 | hotpotqa:hotpot_doc0000205:C128-S32:0000 | hotpotqa:hotpot_doc0002360:C128-S32:0000 | hotpotqa:hotpot_doc0003816:C128-S32:0000,hotpotqa:hotpot_doc0012499:C128-S32:0000 | hotpotqa:hotpot_doc0012502:C128-S32:0000 | hotpotqa:hotpot_doc0016830:C128-S32:0000 | hotpotqa:hotpot_doc0009755:C128-S32:0000 | hotpotqa:hotpot_doc0021205:C128-S32:0000,hotpotqa:hotpot_doc0012499:C128-S32:0000 | hotpotqa:hotpot_doc0012502:C128-S32:0000 | hotpotqa:hotpot_doc0016830:C128-S32:0000 | hotpotqa:hotpot_doc0009755:C128-S32:0000 | hotpotqa:hotpot_doc0021205:C128-S32:0000,unlikely,output ends with terminal punctuation and is below heuristic length,True,evaluation_normalization_issue,non-exact generated answer retains normalized token overlap,False,False
hotpotqa,bm25,13,5a7472bc55429974ef308bff,What are two mood disorders that Thalia Catherine Eley would come across in her study of depression?,depressive disorder and dysthymia,"Based on the context, Thalia Catherine Eley studies the development and treatment of anxiety and depression. From the context, two mood disorders that she would come across in her study of depression are major depressive disorder and dysthymia.",0.205128,True,True,True,True,True,hotpotqa:hotpot_doc0011665:C128-S32:0000 | hotpotqa:hotpot_doc0011674:C128-S32:0000 | hotpotqa:hotpot_doc0011674:C128-S32:0001 | hotpotqa:hotpot_doc0011668:C128-S32:0000 | hotpotqa:hotpot_doc0011673:C128-S32:0000 | hotpotqa:hotpot_doc0011672:C128-S32:0000 | hotpotqa:hotpot_doc0011669:C128-S32:0000 | hotpotqa:hotpot_doc0011666:C128-S32:0000 | hotpotqa:hotpot_doc0011667:C128-S32:0000 | hotpotqa:hotpot_doc0011671:C128-S32:0000 | hotpotqa:hotpot_doc0011670:C128-S32:0000 | hotpotqa:hotpot_doc0010187:C128-S32:0000 | hotpotqa:hotpot_doc0015778:C128-S32:0000 | hotpotqa:hotpot_doc0011671:C128-S32:0001 | hotpotqa:hotpot_doc0016520:C128-S32:0000 | hotpotqa:hotpot_doc0014028:C128-S32:0000 | hotpotqa:hotpot_doc0011725:C128-S32:0000 | hotpotqa:hotpot_doc0023882:C128-S32:0001 | hotpotqa:hotpot_doc0009965:C128-S32:0000 | hotpotqa:hotpot_doc0018166:C128-S32:0000 | hotpotqa:hotpot_doc0013534:C128-S32:0000 | hotpotqa:hotpot_doc0003659:C128-S32:0000 | hotpotqa:hotpot_doc0015865:C128-S32:0001 | hotpotqa:hotpot_doc0023882:C128-S32:0000 | hotpotqa:hotpot_doc0023323:C128-S32:0000 | hotpotqa:hotpot_doc0005082:C128-S32:0000 | hotpotqa:hotpot_doc0022835:C128-S32:0000 | hotpotqa:hotpot_doc0009023:C128-S32:0000 | hotpotqa:hotpot_doc0018735:C128-S32:0000 | hotpotqa:hotpot_doc0023553:C128-S32:0000 | hotpotqa:hotpot_doc0001297:C128-S32:0000 | hotpotqa:hotpot_doc0003497:C128-S32:0000 | hotpotqa:hotpot_doc0022041:C128-S32:0002 | hotpotqa:hotpot_doc0010299:C128-S32:0000 | hotpotqa:hotpot_doc0013108:C128-S32:0000 | hotpotqa:hotpot_doc0014245:C128-S32:0000 | hotpotqa:hotpot_doc0021024:C128-S32:0000 | hotpotqa:hotpot_doc0000968:C128-S32:0000 | hotpotqa:hotpot_doc0000330:C128-S32:0000 | hotpotqa:hotpot_doc0014376:C128-S32:0000 | hotpotqa:hotpot_doc0000023:C128-S32:0000 | hotpotqa:hotpot_doc0013547:C128-S32:0000 | hotpotqa:hotpot_doc0019922:C128-S32:0000 | hotpotqa:hotpot_doc0017776:C128-S32:0001 | hotpotqa:hotpot_doc0011725:C128-S32:0001 | hotpotqa:hotpot_doc0014559:C128-S32:0000 | hotpotqa:hotpot_doc0019043:C128-S32:0000 | hotpotqa:hotpot_doc0017941:C128-S32:0000 | hotpotqa:hotpot_doc0010286:C128-S32:0001 | hotpotqa:hotpot_doc0024801:C128-S32:0000,hotpotqa:hotpot_doc0011665:C128-S32:0000 | hotpotqa:hotpot_doc0011668:C128-S32:0000 | hotpotqa:hotpot_doc0011672:C128-S32:0000 | hotpotqa:hotpot_doc0011674:C128-S32:0001 | hotpotqa:hotpot_doc0011674:C128-S32:0000,hotpotqa:hotpot_doc0011665:C128-S32:0000 | hotpotqa:hotpot_doc0011668:C128-S32:0000 | hotpotqa:hotpot_doc0011672:C128-S32:0000 | hotpotqa:hotpot_doc0011674:C128-S32:0001 | hotpotqa:hotpot_doc0011674:C128-S32:0000,unlikely,output ends with terminal punctuation and is below heuristic length,True,evaluation_normalization_issue,non-exact generated answer retains normalized token overlap,False,False
hotpotqa,bm25,13,5a7481d755429974ef308c12,On which television network did Joe Penny play an investigator named Jake Styles?,CBS,Joe Penny played an investigator named Jake Styles on the CBS television network.,0.166667,True,True,True,True,True,hotpotqa:hotpot_doc0024346:C128-S32:0000 | hotpotqa:hotpot_doc0024350:C128-S32:0000 | hotpotqa:hotpot_doc0024348:C128-S32:0000 | hotpotqa:hotpot_doc0000608:C128-S32:0000 | hotpotqa:hotpot_doc0024345:C128-S32:0000 | hotpotqa:hotpot_doc0009381:C128-S32:0000 | hotpotqa:hotpot_doc0024343:C128-S32:0000 | hotpotqa:hotpot_doc0000440:C128-S32:0000 | hotpotqa:hotpot_doc0024344:C128-S32:0000 | hotpotqa:hotpot_doc0024347:C128-S32:0000 | hotpotqa:hotpot_doc0024349:C128-S32:0000 | hotpotqa:hotpot_doc0024351:C128-S32:0000 | hotpotqa:hotpot_doc0008810:C128-S32:0000 | hotpotqa:hotpot_doc0006231:C128-S32:0000 | hotpotqa:hotpot_doc0017142:C128-S32:0000 | hotpotqa:hotpot_doc0005943:C128-S32:0000 | hotpotqa:hotpot_doc0009581:C128-S32:0000 | hotpotqa:hotpot_doc0005939:C128-S32:0000 | hotpotqa:hotpot_doc0005948:C128-S32:0000 | hotpotqa:hotpot_doc0005944:C128-S32:0000 | hotpotqa:hotpot_doc0011707:C128-S32:0000 | hotpotqa:hotpot_doc0006231:C128-S32:0001 | hotpotqa:hotpot_doc0022804:C128-S32:0000 | hotpotqa:hotpot_doc0005947:C128-S32:0000 | hotpotqa:hotpot_doc0007091:C128-S32:0000 | hotpotqa:hotpot_doc0024714:C128-S32:0000 | hotpotqa:hotpot_doc0002024:C128-S32:0000 | hotpotqa:hotpot_doc0021138:C128-S32:0001 | hotpotqa:hotpot_doc0017039:C128-S32:0000 | hotpotqa:hotpot_doc0019060:C128-S32:0000 | hotpotqa:hotpot_doc0020698:C128-S32:0000 | hotpotqa:hotpot_doc0009581:C128-S32:0001 | hotpotqa:hotpot_doc0005940:C128-S32:0000 | hotpotqa:hotpot_doc0000440:C128-S32:0001 | hotpotqa:hotpot_doc0002294:C128-S32:0000 | hotpotqa:hotpot_doc0017045:C128-S32:0000 | hotpotqa:hotpot_doc0004295:C128-S32:0000 | hotpotqa:hotpot_doc0005488:C128-S32:0000 | hotpotqa:hotpot_doc0020784:C128-S32:0000 | hotpotqa:hotpot_doc0021992:C128-S32:0000 | hotpotqa:hotpot_doc0013728:C128-S32:0000 | hotpotqa:hotpot_doc0007218:C128-S32:0000 | hotpotqa:hotpot_doc0012860:C128-S32:0001 | hotpotqa:hotpot_doc0024352:C128-S32:0001 | hotpotqa:hotpot_doc0020336:C128-S32:0000 | hotpotqa:hotpot_doc0020778:C128-S32:0000 | hotpotqa:hotpot_doc0005343:C128-S32:0000 | hotpotqa:hotpot_doc0011928:C128-S32:0000 | hotpotqa:hotpot_doc0005942:C128-S32:0000 | hotpotqa:hotpot_doc0014850:C128-S32:0000,hotpotqa:hotpot_doc0024350:C128-S32:0000 | hotpotqa:hotpot_doc0024346:C128-S32:0000 | hotpotqa:hotpot_doc0024348:C128-S32:0000 | hotpotqa:hotpot_doc0024345:C128-S32:0000 | hotpotqa:hotpot_doc0005343:C128-S32:0000,hotpotqa:hotpot_doc0024350:C128-S32:0000 | hotpotqa:hotpot_doc0024346:C128-S32:0000 | hotpotqa:hotpot_doc0024348:C128-S32:0000 | hotpotqa:hotpot_doc0024345:C128-S32:0000 | hotpotqa:hotpot_doc0005343:C128-S32:0000,unlikely,output ends with terminal punctuation and is below heuristic length,True,evaluation_normalization_issue,non-exact generated answer retains normalized token overlap,False,False
hotpotqa,bm25,13,5a74b41955429929fddd84bf,Which actress from The Andy Griffith Show was also part of the 1949 film Father Was a Fullback?,Betty Lynn,The actress from *The Andy Griffith Show* who was also part of the 1949 film *Father Was a Fullback* is Betty Lynn. She played the role of Thelma Lou on *The Andy Griffith Show* and was part of the cast of *Father Was a Fullback* alongside Fred,0.097561,True,True,True,True,True,hotpotqa:hotpot_doc0002257:C128-S32:0000 | hotpotqa:hotpot_doc0002261:C128-S32:0000 | hotpotqa:hotpot_doc0002258:C128-S32:0000 | hotpotqa:hotpot_doc0002260:C128-S32:0001 | hotpotqa:hotpot_doc0002260:C128-S32:0000 | hotpotqa:hotpot_doc0002256:C128-S32:0000 | hotpotqa:hotpot_doc0015208:C128-S32:0000 | hotpotqa:hotpot_doc0002262:C128-S32:0000 | hotpotqa:hotpot_doc0002264:C128-S32:0000 | hotpotqa:hotpot_doc0002255:C128-S32:0000 | hotpotqa:hotpot_doc0002263:C128-S32:0000 | hotpotqa:hotpot_doc0002259:C128-S32:0000 | hotpotqa:hotpot_doc0002256:C128-S32:0001 | hotpotqa:hotpot_doc0011593:C128-S32:0000 | hotpotqa:hotpot_doc0015205:C128-S32:0000 | hotpotqa:hotpot_doc0006884:C128-S32:0001 | hotpotqa:hotpot_doc0007744:C128-S32:0000 | hotpotqa:hotpot_doc0021318:C128-S32:0001 | hotpotqa:hotpot_doc0019619:C128-S32:0000 | hotpotqa:hotpot_doc0016423:C128-S32:0000 | hotpotqa:hotpot_doc0011691:C128-S32:0000 | hotpotqa:hotpot_doc0012604:C128-S32:0000 | hotpotqa:hotpot_doc0017476:C128-S32:0000 | hotpotqa:hotpot_doc0010355:C128-S32:0000 | hotpotqa:hotpot_doc0010728:C128-S32:0000 | hotpotqa:hotpot_doc0000524:C128-S32:0000 | hotpotqa:hotpot_doc0024412:C128-S32:0000 | hotpotqa:hotpot_doc0021195:C128-S32:0000 | hotpotqa:hotpot_doc0020251:C128-S32:0000 | hotpotqa:hotpot_doc0017810:C128-S32:0000 | hotpotqa:hotpot_doc0007844:C128-S32:0000 | hotpotqa:hotpot_doc0022041:C128-S32:0000 | hotpotqa:hotpot_doc0007708:C128-S32:0000 | hotpotqa:hotpot_doc0019442:C128-S32:0000 | hotpotqa:hotpot_doc0006660:C128-S32:0000 | hotpotqa:hotpot_doc0021318:C128-S32:0000 | hotpotqa:hotpot_doc0023378:C128-S32:0003 | hotpotqa:hotpot_doc0006727:C128-S32:0000 | hotpotqa:hotpot_doc0007636:C128-S32:0000 | hotpotqa:hotpot_doc0020217:C128-S32:0000 | hotpotqa:hotpot_doc0011012:C128-S32:0000 | hotpotqa:hotpot_doc0005850:C128-S32:0000 | hotpotqa:hotpot_doc0024121:C128-S32:0000 | hotpotqa:hotpot_doc0023089:C128-S32:0000 | hotpotqa:hotpot_doc0010708:C128-S32:0000 | hotpotqa:hotpot_doc0018319:C128-S32:0000 | hotpotqa:hotpot_doc0015037:C128-S32:0002 | hotpotqa:hotpot_doc0009278:C128-S32:0000 | hotpotqa:hotpot_doc0019566:C128-S32:0000 | hotpotqa:hotpot_doc0015385:C128-S32:0000,hotpotqa:hotpot_doc0002258:C128-S32:0000 | hotpotqa:hotpot_doc0002256:C128-S32:0000 | hotpotqa:hotpot_doc0002255:C128-S32:0000 | hotpotqa:hotpot_doc0002257:C128-S32:0000 | hotpotqa:hotpot_doc0002264:C128-S32:0000,hotpotqa:hotpot_doc0002258:C128-S32:0000 | hotpotqa:hotpot_doc0002256:C128-S32:0000 | hotpotqa:hotpot_doc0002255:C128-S32:0000 | hotpotqa:hotpot_doc0002257:C128-S32:0000 | hotpotqa:hotpot_doc0002264:C128-S32:0000,uncertain,non-terminal ending at moderate length,True,evaluation_normalization_issue,non-exact generated answer retains normalized token overlap,False,False
hotpotqa,bm25,13,5a74bf5255429979e2882a08,What castle on the banks of the River Annan in Scotland is named after a common Great Britain surname?,Annan Castle,"The castle on the banks of the River Annan in Scotland that is named after a common Great Britain surname is Annan Castle. The surname ""Annan"" is a Scottish surname and is common in Great Britain, as mentioned in the context. Therefore, the answer is Annan Castle.",0.097561,True,True,True,True,True,hotpotqa:hotpot_doc0009952:C128-S32:0000 | hotpotqa:hotpot_doc0009957:C128-S32:0000 | hotpotqa:hotpot_doc0009950:C128-S32:0000 | hotpotqa:hotpot_doc0009958:C128-S32:0000 | hotpotqa:hotpot_doc0015600:C128-S32:0000 | hotpotqa:hotpot_doc0009953:C128-S32:0000 | hotpotqa:hotpot_doc0009959:C128-S32:0000 | hotpotqa:hotpot_doc0009954:C128-S32:0000 | hotpotqa:hotpot_doc0006815:C128-S32:0000 | hotpotqa:hotpot_doc0009955:C128-S32:0000 | hotpotqa:hotpot_doc0006330:C128-S32:0000 | hotpotqa:hotpot_doc0009951:C128-S32:0000 | hotpotqa:hotpot_doc0004350:C128-S32:0000 | hotpotqa:hotpot_doc0005403:C128-S32:0000 | hotpotqa:hotpot_doc0005893:C128-S32:0001 | hotpotqa:hotpot_doc0006328:C128-S32:0000 | hotpotqa:hotpot_doc0006327:C128-S32:0000 | hotpotqa:hotpot_doc0009956:C128-S32:0000 | hotpotqa:hotpot_doc0014167:C128-S32:0000 | hotpotqa:hotpot_doc0017658:C128-S32:0000 | hotpotqa:hotpot_doc0005648:C128-S32:0000 | hotpotqa:hotpot_doc0006821:C128-S32:0000 | hotpotqa:hotpot_doc0016847:C128-S32:0000 | hotpotqa:hotpot_doc0023952:C128-S32:0000 | hotpotqa:hotpot_doc0003350:C128-S32:0000 | hotpotqa:hotpot_doc0003346:C128-S32:0000 | hotpotqa:hotpot_doc0005929:C128-S32:0000 | hotpotqa:hotpot_doc0022698:C128-S32:0000 | hotpotqa:hotpot_doc0015603:C128-S32:0000 | hotpotqa:hotpot_doc0009958:C128-S32:0001 | hotpotqa:hotpot_doc0020129:C128-S32:0000 | hotpotqa:hotpot_doc0006326:C128-S32:0000 | hotpotqa:hotpot_doc0005895:C128-S32:0000 | hotpotqa:hotpot_doc0003351:C128-S32:0000 | hotpotqa:hotpot_doc0005679:C128-S32:0000 | hotpotqa:hotpot_doc0005899:C128-S32:0000 | hotpotqa:hotpot_doc0019718:C128-S32:0000 | hotpotqa:hotpot_doc0004966:C128-S32:0000 | hotpotqa:hotpot_doc0017751:C128-S32:0000 | hotpotqa:hotpot_doc0003355:C128-S32:0000 | hotpotqa:hotpot_doc0005897:C128-S32:0000 | hotpotqa:hotpot_doc0015601:C128-S32:0000 | hotpotqa:hotpot_doc0015605:C128-S32:0000 | hotpotqa:hotpot_doc0017551:C128-S32:0000 | hotpotqa:hotpot_doc0012448:C128-S32:0001 | hotpotqa:hotpot_doc0005898:C128-S32:0000 | hotpotqa:hotpot_doc0013516:C128-S32:0000 | hotpotqa:hotpot_doc0015603:C128-S32:0001 | hotpotqa:hotpot_doc0005348:C128-S32:0000 | hotpotqa:hotpot_doc0009014:C128-S32:0000,hotpotqa:hotpot_doc0009957:C128-S32:0000 | hotpotqa:hotpot_doc0009952:C128-S32:0000 | hotpotqa:hotpot_doc0009955:C128-S32:0000 | hotpotqa:hotpot_doc0009950:C128-S32:0000 | hotpotqa:hotpot_doc0016847:C128-S32:0000,hotpotqa:hotpot_doc0009957:C128-S32:0000 | hotpotqa:hotpot_doc0009952:C128-S32:0000 | hotpotqa:hotpot_doc0009955:C128-S32:0000 | hotpotqa:hotpot_doc0009950:C128-S32:0000 | hotpotqa:hotpot_doc0016847:C128-S32:0000,unlikely,output ends with terminal punctuation and is below heuristic length,True,evaluation_normalization_issue,non-exact generated answer retains normalized token overlap,False,False
hotpotqa,bge_dense,13,5a70f2795542994082a3e41b,"Who managed the 5,000 acre estate of Thomas Jefferson?",Edmund Bacon,I don't know.,0.0,True,True,True,True,True,hotpotqa:hotpot_doc0007604:C128-S32:0000 | hotpotqa:hotpot_doc0007613:C128-S32:0000 | hotpotqa:hotpot_doc0007609:C128-S32:0001 | hotpotqa:hotpot_doc0007606:C128-S32:0000 | hotpotqa:hotpot_doc0007611:C128-S32:0000 | hotpotqa:hotpot_doc0007602:C128-S32:0000 | hotpotqa:hotpot_doc0010279:C128-S32:0000 | hotpotqa:hotpot_doc0004139:C128-S32:0002 | hotpotqa:hotpot_doc0000103:C128-S32:0000 | hotpotqa:hotpot_doc0014709:C128-S32:0001 | hotpotqa:hotpot_doc0007612:C128-S32:0000 | hotpotqa:hotpot_doc0021854:C128-S32:0000 | hotpotqa:hotpot_doc0023152:C128-S32:0001 | hotpotqa:hotpot_doc0005964:C128-S32:0000 | hotpotqa:hotpot_doc0018627:C128-S32:0000 | hotpotqa:hotpot_doc0000109:C128-S32:0000 | hotpotqa:hotpot_doc0003149:C128-S32:0000 | hotpotqa:hotpot_doc0004139:C128-S32:0001 | hotpotqa:hotpot_doc0007605:C128-S32:0000 | hotpotqa:hotpot_doc0021855:C128-S32:0000 | hotpotqa:hotpot_doc0012445:C128-S32:0000 | hotpotqa:hotpot_doc0008650:C128-S32:0000 | hotpotqa:hotpot_doc0008653:C128-S32:0000 | hotpotqa:hotpot_doc0022679:C128-S32:0000 | hotpotqa:hotpot_doc0005962:C128-S32:0000 | hotpotqa:hotpot_doc0007610:C128-S32:0000 | hotpotqa:hotpot_doc0024277:C128-S32:0000 | hotpotqa:hotpot_doc0022458:C128-S32:0000 | hotpotqa:hotpot_doc0005964:C128-S32:0001 | hotpotqa:hotpot_doc0021756:C128-S32:0000 | hotpotqa:hotpot_doc0007609:C128-S32:0000 | hotpotqa:hotpot_doc0022679:C128-S32:0001 | hotpotqa:hotpot_doc0018957:C128-S32:0000 | hotpotqa:hotpot_doc0003946:C128-S32:0000 | hotpotqa:hotpot_doc0022968:C128-S32:0000 | hotpotqa:hotpot_doc0020311:C128-S32:0000 | hotpotqa:hotpot_doc0022679:C128-S32:0004 | hotpotqa:hotpot_doc0018258:C128-S32:0000 | hotpotqa:hotpot_doc0014709:C128-S32:0000 | hotpotqa:hotpot_doc0015737:C128-S32:0000 | hotpotqa:hotpot_doc0021850:C128-S32:0000 | hotpotqa:hotpot_doc0003943:C128-S32:0000 | hotpotqa:hotpot_doc0003492:C128-S32:0001 | hotpotqa:hotpot_doc0024117:C128-S32:0000 | hotpotqa:hotpot_doc0013429:C128-S32:0000 | hotpotqa:hotpot_doc0010446:C128-S32:0000 | hotpotqa:hotpot_doc0015292:C128-S32:0000 | hotpotqa:hotpot_doc0020129:C128-S32:0001 | hotpotqa:hotpot_doc0008251:C128-S32:0000 | hotpotqa:hotpot_doc0019432:C128-S32:0000,hotpotqa:hotpot_doc0007604:C128-S32:0000 | hotpotqa:hotpot_doc0007609:C128-S32:0001 | hotpotqa:hotpot_doc0023152:C128-S32:0001 | hotpotqa:hotpot_doc0014709:C128-S32:0001 | hotpotqa:hotpot_doc0018258:C128-S32:0000,hotpotqa:hotpot_doc0007604:C128-S32:0000 | hotpotqa:hotpot_doc0007609:C128-S32:0001 | hotpotqa:hotpot_doc0023152:C128-S32:0001 | hotpotqa:hotpot_doc0014709:C128-S32:0001 | hotpotqa:hotpot_doc0018258:C128-S32:0000,unlikely,output ends with terminal punctuation and is below heuristic length,False,generation_error_or_truncation,evidence retained but answer has zero normalized token F1,False,False
hotpotqa,bge_dense,13,5a710e925542994082a3e536,What type of mines are Dome Mine and Camlaren Mine in Canada?,gold mine,"Dome Mine and Camlaren Mine are both gold mines in Canada. Dome Mine is located in Timmins, Ontario, and was developed during the Porcupine Gold Rush. Camlaren Mine is a small gold mine located 80 km northeast of Yellowknife, Northwest Territories, and was staked by prospect",0.086957,True,True,True,True,True,hotpotqa:hotpot_doc0005272:C128-S32:0000 | hotpotqa:hotpot_doc0005279:C128-S32:0000 | hotpotqa:hotpot_doc0012259:C128-S32:0000 | hotpotqa:hotpot_doc0005585:C128-S32:0000 | hotpotqa:hotpot_doc0005281:C128-S32:0000 | hotpotqa:hotpot_doc0008433:C128-S32:0000 | hotpotqa:hotpot_doc0005273:C128-S32:0000 | hotpotqa:hotpot_doc0012262:C128-S32:0000 | hotpotqa:hotpot_doc0005281:C128-S32:0001 | hotpotqa:hotpot_doc0012260:C128-S32:0000 | hotpotqa:hotpot_doc0005276:C128-S32:0000 | hotpotqa:hotpot_doc0012261:C128-S32:0000 | hotpotqa:hotpot_doc0010145:C128-S32:0000 | hotpotqa:hotpot_doc0018303:C128-S32:0000 | hotpotqa:hotpot_doc0012259:C128-S32:0001 | hotpotqa:hotpot_doc0007240:C128-S32:0000 | hotpotqa:hotpot_doc0005278:C128-S32:0001 | hotpotqa:hotpot_doc0022208:C128-S32:0000 | hotpotqa:hotpot_doc0009775:C128-S32:0000 | hotpotqa:hotpot_doc0012265:C128-S32:0000 | hotpotqa:hotpot_doc0023733:C128-S32:0000 | hotpotqa:hotpot_doc0015702:C128-S32:0000 | hotpotqa:hotpot_doc0018714:C128-S32:0000 | hotpotqa:hotpot_doc0005280:C128-S32:0000 | hotpotqa:hotpot_doc0010077:C128-S32:0000 | hotpotqa:hotpot_doc0022763:C128-S32:0000 | hotpotqa:hotpot_doc0009972:C128-S32:0000 | hotpotqa:hotpot_doc0004700:C128-S32:0000 | hotpotqa:hotpot_doc0001268:C128-S32:0000 | hotpotqa:hotpot_doc0004695:C128-S32:0000 | hotpotqa:hotpot_doc0005584:C128-S32:0001 | hotpotqa:hotpot_doc0012264:C128-S32:0000 | hotpotqa:hotpot_doc0022636:C128-S32:0000 | hotpotqa:hotpot_doc0005280:C128-S32:0001 | hotpotqa:hotpot_doc0012267:C128-S32:0000 | hotpotqa:hotpot_doc0012264:C128-S32:0001 | hotpotqa:hotpot_doc0019692:C128-S32:0000 | hotpotqa:hotpot_doc0005275:C128-S32:0001 | hotpotqa:hotpot_doc0005277:C128-S32:0000 | hotpotqa:hotpot_doc0018004:C128-S32:0000 | hotpotqa:hotpot_doc0001267:C128-S32:0000 | hotpotqa:hotpot_doc0000732:C128-S32:0000 | hotpotqa:hotpot_doc0017132:C128-S32:0000 | hotpotqa:hotpot_doc0009968:C128-S32:0000 | hotpotqa:hotpot_doc0001263:C128-S32:0000 | hotpotqa:hotpot_doc0012316:C128-S32:0000 | hotpotqa:hotpot_doc0014819:C128-S32:0000 | hotpotqa:hotpot_doc0012266:C128-S32:0000 | hotpotqa:hotpot_doc0022208:C128-S32:0001 | hotpotqa:hotpot_doc0022785:C128-S32:0000,hotpotqa:hotpot_doc0005272:C128-S32:0000 | hotpotqa:hotpot_doc0005279:C128-S32:0000 | hotpotqa:hotpot_doc0022208:C128-S32:0000 | hotpotqa:hotpot_doc0012259:C128-S32:0001 | hotpotqa:hotpot_doc0010145:C128-S32:0000,hotpotqa:hotpot_doc0005272:C128-S32:0000 | hotpotqa:hotpot_doc0005279:C128-S32:0000 | hotpotqa:hotpot_doc0022208:C128-S32:0000 | hotpotqa:hotpot_doc0012259:C128-S32:0001 | hotpotqa:hotpot_doc0010145:C128-S32:0000,uncertain,non-terminal ending at moderate length,True,evaluation_normalization_issue,non-exact generated answer retains normalized token overlap,False,False
hotpotqa,bge_dense,13,5a713a025542994082a3e6a3,How far south is Didxsaj spoken?,Nicaragua and Costa Rica,I don't know.,0.0,False,False,False,False,False,hotpotqa:hotpot_doc0020398:C128-S32:0000 | hotpotqa:hotpot_doc0012406:C128-S32:0000 | hotpotqa:hotpot_doc0018939:C128-S32:0000 | hotpotqa:hotpot_doc0020400:C128-S32:0000 | hotpotqa:hotpot_doc0012653:C128-S32:0000 | hotpotqa:hotpot_doc0019347:C128-S32:0002 | hotpotqa:hotpot_doc0012407:C128-S32:0000 | hotpotqa:hotpot_doc0020402:C128-S32:0000 | hotpotqa:hotpot_doc0017660:C128-S32:0000 | hotpotqa:hotpot_doc0024204:C128-S32:0000 | hotpotqa:hotpot_doc0005200:C128-S32:0001 | hotpotqa:hotpot_doc0012411:C128-S32:0000 | hotpotqa:hotpot_doc0020398:C128-S32:0001 | hotpotqa:hotpot_doc0001950:C128-S32:0000 | hotpotqa:hotpot_doc0020397:C128-S32:0000 | hotpotqa:hotpot_doc0002794:C128-S32:0000 | hotpotqa:hotpot_doc0009466:C128-S32:0000 | hotpotqa:hotpot_doc0020396:C128-S32:0000 | hotpotqa:hotpot_doc0011811:C128-S32:0000 | hotpotqa:hotpot_doc0008517:C128-S32:0000 | hotpotqa:hotpot_doc0005438:C128-S32:0000 | hotpotqa:hotpot_doc0010446:C128-S32:0000 | hotpotqa:hotpot_doc0023231:C128-S32:0001 | hotpotqa:hotpot_doc0023867:C128-S32:0000 | hotpotqa:hotpot_doc0010360:C128-S32:0000 | hotpotqa:hotpot_doc0015444:C128-S32:0000 | hotpotqa:hotpot_doc0022208:C128-S32:0000 | hotpotqa:hotpot_doc0023200:C128-S32:0000 | hotpotqa:hotpot_doc0020770:C128-S32:0000 | hotpotqa:hotpot_doc0023231:C128-S32:0000 | hotpotqa:hotpot_doc0005444:C128-S32:0000 | hotpotqa:hotpot_doc0002204:C128-S32:0000 | hotpotqa:hotpot_doc0005200:C128-S32:0000 | hotpotqa:hotpot_doc0001193:C128-S32:0000 | hotpotqa:hotpot_doc0023227:C128-S32:0000 | hotpotqa:hotpot_doc0001330:C128-S32:0000 | hotpotqa:hotpot_doc0010669:C128-S32:0000 | hotpotqa:hotpot_doc0023594:C128-S32:0000 | hotpotqa:hotpot_doc0023867:C128-S32:0001 | hotpotqa:hotpot_doc0020401:C128-S32:0000 | hotpotqa:hotpot_doc0012699:C128-S32:0000 | hotpotqa:hotpot_doc0023225:C128-S32:0000 | hotpotqa:hotpot_doc0014424:C128-S32:0000 | hotpotqa:hotpot_doc0007256:C128-S32:0000 | hotpotqa:hotpot_doc0003628:C128-S32:0000 | hotpotqa:hotpot_doc0010444:C128-S32:0001 | hotpotqa:hotpot_doc0012651:C128-S32:0000 | hotpotqa:hotpot_doc0012404:C128-S32:0000 | hotpotqa:hotpot_doc0000156:C128-S32:0000 | hotpotqa:hotpot_doc0024200:C128-S32:0000,hotpotqa:hotpot_doc0002794:C128-S32:0000 | hotpotqa:hotpot_doc0022208:C128-S32:0000 | hotpotqa:hotpot_doc0010669:C128-S32:0000 | hotpotqa:hotpot_doc0015444:C128-S32:0000 | hotpotqa:hotpot_doc0012653:C128-S32:0000,hotpotqa:hotpot_doc0002794:C128-S32:0000 | hotpotqa:hotpot_doc0022208:C128-S32:0000 | hotpotqa:hotpot_doc0010669:C128-S32:0000 | hotpotqa:hotpot_doc0015444:C128-S32:0000 | hotpotqa:hotpot_doc0012653:C128-S32:0000,unlikely,output ends with terminal punctuation and is below heuristic length,False,retrieval_miss,no qrel document in retrieval top-50,False,False
hotpotqa,bge_dense,13,5a7162815542994082a3e807,What other name was the Hotak dynasty ruled once ruled by Shah Ashraf Hotak known as?,the Hotaki dynasty,The Hotak dynasty ruled by Shah Ashraf Hotak was known as the Hotak dynasty.,0.142857,True,True,True,True,True,hotpotqa:hotpot_doc0009420:C128-S32:0000 | hotpotqa:hotpot_doc0009423:C128-S32:0000 | hotpotqa:hotpot_doc0009416:C128-S32:0000 | hotpotqa:hotpot_doc0009419:C128-S32:0000 | hotpotqa:hotpot_doc0009417:C128-S32:0000 | hotpotqa:hotpot_doc0009418:C128-S32:0000 | hotpotqa:hotpot_doc0009424:C128-S32:0000 | hotpotqa:hotpot_doc0020114:C128-S32:0000 | hotpotqa:hotpot_doc0005103:C128-S32:0000 | hotpotqa:hotpot_doc0009421:C128-S32:0000 | hotpotqa:hotpot_doc0018667:C128-S32:0000 | hotpotqa:hotpot_doc0004173:C128-S32:0000 | hotpotqa:hotpot_doc0020620:C128-S32:0000 | hotpotqa:hotpot_doc0004166:C128-S32:0000 | hotpotqa:hotpot_doc0007568:C128-S32:0000 | hotpotqa:hotpot_doc0009422:C128-S32:0000 | hotpotqa:hotpot_doc0007543:C128-S32:0000 | hotpotqa:hotpot_doc0005318:C128-S32:0001 | hotpotqa:hotpot_doc0024164:C128-S32:0000 | hotpotqa:hotpot_doc0007572:C128-S32:0000 | hotpotqa:hotpot_doc0012645:C128-S32:0000 | hotpotqa:hotpot_doc0004172:C128-S32:0001 | hotpotqa:hotpot_doc0007570:C128-S32:0000 | hotpotqa:hotpot_doc0024675:C128-S32:0000 | hotpotqa:hotpot_doc0007573:C128-S32:0000 | hotpotqa:hotpot_doc0023309:C128-S32:0000 | hotpotqa:hotpot_doc0009422:C128-S32:0001 | hotpotqa:hotpot_doc0022653:C128-S32:0000 | hotpotqa:hotpot_doc0019502:C128-S32:0000 | hotpotqa:hotpot_doc0007571:C128-S32:0000 | hotpotqa:hotpot_doc0009421:C128-S32:0001 | hotpotqa:hotpot_doc0015190:C128-S32:0000 | hotpotqa:hotpot_doc0024039:C128-S32:0000 | hotpotqa:hotpot_doc0011099:C128-S32:0000 | hotpotqa:hotpot_doc0001949:C128-S32:0000 | hotpotqa:hotpot_doc0009770:C128-S32:0000 | hotpotqa:hotpot_doc0016177:C128-S32:0000 | hotpotqa:hotpot_doc0011100:C128-S32:0000 | hotpotqa:hotpot_doc0001369:C128-S32:0000 | hotpotqa:hotpot_doc0001284:C128-S32:0000 | hotpotqa:hotpot_doc0016172:C128-S32:0000 | hotpotqa:hotpot_doc0004024:C128-S32:0001 | hotpotqa:hotpot_doc0022765:C128-S32:0000 | hotpotqa:hotpot_doc0011320:C128-S32:0000 | hotpotqa:hotpot_doc0016043:C128-S32:0000 | hotpotqa:hotpot_doc0005340:C128-S32:0000 | hotpotqa:hotpot_doc0009444:C128-S32:0000 | hotpotqa:hotpot_doc0004024:C128-S32:0000 | hotpotqa:hotpot_doc0015579:C128-S32:0001 | hotpotqa:hotpot_doc0002016:C128-S32:0001,hotpotqa:hotpot_doc0009420:C128-S32:0000 | hotpotqa:hotpot_doc0009416:C128-S32:0000 | hotpotqa:hotpot_doc0009423:C128-S32:0000 | hotpotqa:hotpot_doc0009418:C128-S32:0000 | hotpotqa:hotpot_doc0009424:C128-S32:0000,hotpotqa:hotpot_doc0009420:C128-S32:0000 | hotpotqa:hotpot_doc0009416:C128-S32:0000 | hotpotqa:hotpot_doc0009423:C128-S32:0000 | hotpotqa:hotpot_doc0009418:C128-S32:0000 | hotpotqa:hotpot_doc0009424:C128-S32:0000,unlikely,output ends with terminal punctuation and is below heuristic length,True,evaluation_normalization_issue,non-exact generated answer retains normalized token overlap,False,False
hotpotqa,bge_dense,13,5a717b7a5542994082a3e850,"which mountain is higher, Kabru or Manaslu?",Kabru,"Based on the context provided, Manaslu is higher than Kabru. Manaslu is the eighth highest mountain in the world at 8163 m above sea level, while Kabru is described as the southernmost 7000 m peak in the world. Therefore, Manaslu is higher",0.052632,True,True,True,True,True,hotpotqa:hotpot_doc0002567:C128-S32:0000 | hotpotqa:hotpot_doc0002563:C128-S32:0000 | hotpotqa:hotpot_doc0011116:C128-S32:0000 | hotpotqa:hotpot_doc0016386:C128-S32:0000 | hotpotqa:hotpot_doc0020893:C128-S32:0000 | hotpotqa:hotpot_doc0011110:C128-S32:0000 | hotpotqa:hotpot_doc0011111:C128-S32:0000 | hotpotqa:hotpot_doc0016380:C128-S32:0000 | hotpotqa:hotpot_doc0011113:C128-S32:0000 | hotpotqa:hotpot_doc0002564:C128-S32:0000 | hotpotqa:hotpot_doc0007013:C128-S32:0000 | hotpotqa:hotpot_doc0011109:C128-S32:0000 | hotpotqa:hotpot_doc0016387:C128-S32:0000 | hotpotqa:hotpot_doc0020892:C128-S32:0000 | hotpotqa:hotpot_doc0016385:C128-S32:0000 | hotpotqa:hotpot_doc0020890:C128-S32:0000 | hotpotqa:hotpot_doc0005447:C128-S32:0000 | hotpotqa:hotpot_doc0002560:C128-S32:0001 | hotpotqa:hotpot_doc0002559:C128-S32:0001 | hotpotqa:hotpot_doc0007015:C128-S32:0000 | hotpotqa:hotpot_doc0011113:C128-S32:0001 | hotpotqa:hotpot_doc0004271:C128-S32:0000 | hotpotqa:hotpot_doc0016384:C128-S32:0000 | hotpotqa:hotpot_doc0020891:C128-S32:0000 | hotpotqa:hotpot_doc0007016:C128-S32:0000 | hotpotqa:hotpot_doc0002565:C128-S32:0000 | hotpotqa:hotpot_doc0002560:C128-S32:0000 | hotpotqa:hotpot_doc0016381:C128-S32:0000 | hotpotqa:hotpot_doc0006682:C128-S32:0000 | hotpotqa:hotpot_doc0011914:C128-S32:0000 | hotpotqa:hotpot_doc0005041:C128-S32:0000 | hotpotqa:hotpot_doc0009246:C128-S32:0000 | hotpotqa:hotpot_doc0016379:C128-S32:0000 | hotpotqa:hotpot_doc0007018:C128-S32:0000 | hotpotqa:hotpot_doc0015107:C128-S32:0000 | hotpotqa:hotpot_doc0002566:C128-S32:0000 | hotpotqa:hotpot_doc0002199:C128-S32:0000 | hotpotqa:hotpot_doc0022934:C128-S32:0000 | hotpotqa:hotpot_doc0004270:C128-S32:0000 | hotpotqa:hotpot_doc0016383:C128-S32:0000 | hotpotqa:hotpot_doc0008517:C128-S32:0000 | hotpotqa:hotpot_doc0007014:C128-S32:0000 | hotpotqa:hotpot_doc0008769:C128-S32:0000 | hotpotqa:hotpot_doc0002120:C128-S32:0001 | hotpotqa:hotpot_doc0015582:C128-S32:0000 | hotpotqa:hotpot_doc0007414:C128-S32:0000 | hotpotqa:hotpot_doc0013194:C128-S32:0000 | hotpotqa:hotpot_doc0018691:C128-S32:0000 | hotpotqa:hotpot_doc0016177:C128-S32:0000 | hotpotqa:hotpot_doc0020528:C128-S32:0000,hotpotqa:hotpot_doc0002567:C128-S32:0000 | hotpotqa:hotpot_doc0002563:C128-S32:0000 | hotpotqa:hotpot_doc0002559:C128-S32:0001 | hotpotqa:hotpot_doc0002560:C128-S32:0001 | hotpotqa:hotpot_doc0002564:C128-S32:0000,hotpotqa:hotpot_doc0002567:C128-S32:0000 | hotpotqa:hotpot_doc0002563:C128-S32:0000 | hotpotqa:hotpot_doc0002559:C128-S32:0001 | hotpotqa:hotpot_doc0002560:C128-S32:0001 | hotpotqa:hotpot_doc0002564:C128-S32:0000,uncertain,non-terminal ending at moderate length,True,evaluation_normalization_issue,non-exact generated answer retains normalized token overlap,False,False
hotpotqa,bge_dense,13,5a717ca25542994082a3e852,Where is a place that has both Lano Estacado and Buda Limestone geological formations?,High Plains,"The Llano Estacado is a geological formation located in the southern region of the Western High Plains ecology region, and the Buda Limestone is found in the High Plains and Trans-Pecos regions of West Texas. Therefore, a place that has both Lano Estacado and Buda Limestone geological",0.093023,True,True,True,True,True,hotpotqa:hotpot_doc0016678:C128-S32:0000 | hotpotqa:hotpot_doc0018097:C128-S32:0000 | hotpotqa:hotpot_doc0008237:C128-S32:0000 | hotpotqa:hotpot_doc0019831:C128-S32:0000 | hotpotqa:hotpot_doc0013469:C128-S32:0000 | hotpotqa:hotpot_doc0005444:C128-S32:0000 | hotpotqa:hotpot_doc0001443:C128-S32:0000 | hotpotqa:hotpot_doc0018817:C128-S32:0000 | hotpotqa:hotpot_doc0013250:C128-S32:0000 | hotpotqa:hotpot_doc0010669:C128-S32:0000 | hotpotqa:hotpot_doc0011186:C128-S32:0000 | hotpotqa:hotpot_doc0018816:C128-S32:0000 | hotpotqa:hotpot_doc0013460:C128-S32:0000 | hotpotqa:hotpot_doc0013462:C128-S32:0000 | hotpotqa:hotpot_doc0008518:C128-S32:0000 | hotpotqa:hotpot_doc0007454:C128-S32:0001 | hotpotqa:hotpot_doc0015286:C128-S32:0000 | hotpotqa:hotpot_doc0011425:C128-S32:0000 | hotpotqa:hotpot_doc0013467:C128-S32:0000 | hotpotqa:hotpot_doc0022637:C128-S32:0000 | hotpotqa:hotpot_doc0018813:C128-S32:0000 | hotpotqa:hotpot_doc0004924:C128-S32:0000 | hotpotqa:hotpot_doc0022631:C128-S32:0000 | hotpotqa:hotpot_doc0017111:C128-S32:0000 | hotpotqa:hotpot_doc0003495:C128-S32:0000 | hotpotqa:hotpot_doc0010077:C128-S32:0000 | hotpotqa:hotpot_doc0012039:C128-S32:0000 | hotpotqa:hotpot_doc0009972:C128-S32:0000 | hotpotqa:hotpot_doc0003392:C128-S32:0000 | hotpotqa:hotpot_doc0011184:C128-S32:0000 | hotpotqa:hotpot_doc0018960:C128-S32:0000 | hotpotqa:hotpot_doc0007755:C128-S32:0000 | hotpotqa:hotpot_doc0018815:C128-S32:0000 | hotpotqa:hotpot_doc0018092:C128-S32:0000 | hotpotqa:hotpot_doc0018094:C128-S32:0000 | hotpotqa:hotpot_doc0016687:C128-S32:0001 | hotpotqa:hotpot_doc0003389:C128-S32:0000 | hotpotqa:hotpot_doc0019294:C128-S32:0000 | hotpotqa:hotpot_doc0010505:C128-S32:0000 | hotpotqa:hotpot_doc0012100:C128-S32:0000 | hotpotqa:hotpot_doc0004362:C128-S32:0000 | hotpotqa:hotpot_doc0016680:C128-S32:0000 | hotpotqa:hotpot_doc0008868:C128-S32:0000 | hotpotqa:hotpot_doc0016400:C128-S32:0000 | hotpotqa:hotpot_doc0014431:C128-S32:0000 | hotpotqa:hotpot_doc0017178:C128-S32:0000 | hotpotqa:hotpot_doc0016674:C128-S32:0000 | hotpotqa:hotpot_doc0022629:C128-S32:0000 | hotpotqa:hotpot_doc0015444:C128-S32:0000 | hotpotqa:hotpot_doc0018812:C128-S32:0000,hotpotqa:hotpot_doc0016678:C128-S32:0000 | hotpotqa:hotpot_doc0013250:C128-S32:0000 | hotpotqa:hotpot_doc0012100:C128-S32:0000 | hotpotqa:hotpot_doc0013462:C128-S32:0000 | hotpotqa:hotpot_doc0011186:C128-S32:0000,hotpotqa:hotpot_doc0016678:C128-S32:0000 | hotpotqa:hotpot_doc0013250:C128-S32:0000 | hotpotqa:hotpot_doc0012100:C128-S32:0000 | hotpotqa:hotpot_doc0013462:C128-S32:0000 | hotpotqa:hotpot_doc0011186:C128-S32:0000,uncertain,non-terminal ending at moderate length,True,evaluation_normalization_issue,non-exact generated answer retains normalized token overlap,False,False
hotpotqa,bge_dense,13,5a717d4c5542994082a3e854,"Who has written more than 300 papers, Semyon Aranovich Gershgorin or Pavel Alexandrov?",Pavel Sergeyevich Alexandrov,I don't know.,0.0,True,True,True,True,True,hotpotqa:hotpot_doc0020430:C128-S32:0000 | hotpotqa:hotpot_doc0020435:C128-S32:0000 | hotpotqa:hotpot_doc0020436:C128-S32:0000 | hotpotqa:hotpot_doc0020437:C128-S32:0000 | hotpotqa:hotpot_doc0020429:C128-S32:0000 | hotpotqa:hotpot_doc0006222:C128-S32:0000 | hotpotqa:hotpot_doc0017113:C128-S32:0000 | hotpotqa:hotpot_doc0020432:C128-S32:0000 | hotpotqa:hotpot_doc0023740:C128-S32:0000 | hotpotqa:hotpot_doc0021447:C128-S32:0000 | hotpotqa:hotpot_doc0024428:C128-S32:0000 | hotpotqa:hotpot_doc0007043:C128-S32:0000 | hotpotqa:hotpot_doc0020605:C128-S32:0000 | hotpotqa:hotpot_doc0021901:C128-S32:0000 | hotpotqa:hotpot_doc0002890:C128-S32:0000 | hotpotqa:hotpot_doc0008613:C128-S32:0000 | hotpotqa:hotpot_doc0007532:C128-S32:0000 | hotpotqa:hotpot_doc0001992:C128-S32:0000 | hotpotqa:hotpot_doc0000212:C128-S32:0000 | hotpotqa:hotpot_doc0001993:C128-S32:0000 | hotpotqa:hotpot_doc0000213:C128-S32:0000 | hotpotqa:hotpot_doc0020115:C128-S32:0000 | hotpotqa:hotpot_doc0012985:C128-S32:0000 | hotpotqa:hotpot_doc0020114:C128-S32:0000 | hotpotqa:hotpot_doc0023716:C128-S32:0000 | hotpotqa:hotpot_doc0007684:C128-S32:0000 | hotpotqa:hotpot_doc0022326:C128-S32:0000 | hotpotqa:hotpot_doc0010861:C128-S32:0000 | hotpotqa:hotpot_doc0014105:C128-S32:0000 | hotpotqa:hotpot_doc0023721:C128-S32:0000 | hotpotqa:hotpot_doc0008112:C128-S32:0000 | hotpotqa:hotpot_doc0005085:C128-S32:0000 | hotpotqa:hotpot_doc0011013:C128-S32:0000 | hotpotqa:hotpot_doc0018334:C128-S32:0000 | hotpotqa:hotpot_doc0006058:C128-S32:0000 | hotpotqa:hotpot_doc0021651:C128-S32:0000 | hotpotqa:hotpot_doc0012162:C128-S32:0000 | hotpotqa:hotpot_doc0014377:C128-S32:0000 | hotpotqa:hotpot_doc0020854:C128-S32:0000 | hotpotqa:hotpot_doc0008096:C128-S32:0000 | hotpotqa:hotpot_doc0013259:C128-S32:0000 | hotpotqa:hotpot_doc0020072:C128-S32:0000 | hotpotqa:hotpot_doc0019875:C128-S32:0000 | hotpotqa:hotpot_doc0007526:C128-S32:0000 | hotpotqa:hotpot_doc0010558:C128-S32:0000 | hotpotqa:hotpot_doc0001403:C128-S32:0000 | hotpotqa:hotpot_doc0004271:C128-S32:0000 | hotpotqa:hotpot_doc0005749:C128-S32:0000 | hotpotqa:hotpot_doc0024427:C128-S32:0000 | hotpotqa:hotpot_doc0014146:C128-S32:0000,hotpotqa:hotpot_doc0020430:C128-S32:0000 | hotpotqa:hotpot_doc0020429:C128-S32:0000 | hotpotqa:hotpot_doc0020435:C128-S32:0000 | hotpotqa:hotpot_doc0020436:C128-S32:0000 | hotpotqa:hotpot_doc0020437:C128-S32:0000,hotpotqa:hotpot_doc0020430:C128-S32:0000 | hotpotqa:hotpot_doc0020429:C128-S32:0000 | hotpotqa:hotpot_doc0020435:C128-S32:0000 | hotpotqa:hotpot_doc0020436:C128-S32:0000 | hotpotqa:hotpot_doc0020437:C128-S32:0000,unlikely,output ends with terminal punctuation and is below heuristic length,False,generation_error_or_truncation,evidence retained but answer has zero normalized token F1,False,False
hotpotqa,bge_dense,13,5a7215c255429971e9dc9252,"Which filmmaker is not German, David Gordon Green or Detlev Buck?",David Gordon Green,"David Gordon Green is not German. Detlev Buck is German. Therefore, the answer is David Gordon Green.",0.315789,True,True,True,True,True,hotpotqa:hotpot_doc0006119:C128-S32:0000 | hotpotqa:hotpot_doc0006125:C128-S32:0000 | hotpotqa:hotpot_doc0006126:C128-S32:0000 | hotpotqa:hotpot_doc0006121:C128-S32:0000 | hotpotqa:hotpot_doc0013935:C128-S32:0000 | hotpotqa:hotpot_doc0004084:C128-S32:0000 | hotpotqa:hotpot_doc0021004:C128-S32:0000 | hotpotqa:hotpot_doc0007818:C128-S32:0000 | hotpotqa:hotpot_doc0002038:C128-S32:0000 | hotpotqa:hotpot_doc0007821:C128-S32:0000 | hotpotqa:hotpot_doc0009604:C128-S32:0000 | hotpotqa:hotpot_doc0004818:C128-S32:0000 | hotpotqa:hotpot_doc0002669:C128-S32:0000 | hotpotqa:hotpot_doc0002474:C128-S32:0000 | hotpotqa:hotpot_doc0006122:C128-S32:0000 | hotpotqa:hotpot_doc0007479:C128-S32:0000 | hotpotqa:hotpot_doc0006123:C128-S32:0000 | hotpotqa:hotpot_doc0013941:C128-S32:0000 | hotpotqa:hotpot_doc0012915:C128-S32:0000 | hotpotqa:hotpot_doc0020046:C128-S32:0000 | hotpotqa:hotpot_doc0016049:C128-S32:0000 | hotpotqa:hotpot_doc0006124:C128-S32:0000 | hotpotqa:hotpot_doc0005156:C128-S32:0000 | hotpotqa:hotpot_doc0015669:C128-S32:0000 | hotpotqa:hotpot_doc0007296:C128-S32:0000 | hotpotqa:hotpot_doc0013260:C128-S32:0000 | hotpotqa:hotpot_doc0019201:C128-S32:0000 | hotpotqa:hotpot_doc0023138:C128-S32:0000 | hotpotqa:hotpot_doc0000608:C128-S32:0000 | hotpotqa:hotpot_doc0007214:C128-S32:0000 | hotpotqa:hotpot_doc0015387:C128-S32:0000 | hotpotqa:hotpot_doc0007218:C128-S32:0000 | hotpotqa:hotpot_doc0007148:C128-S32:0000 | hotpotqa:hotpot_doc0018778:C128-S32:0000 | hotpotqa:hotpot_doc0000124:C128-S32:0000 | hotpotqa:hotpot_doc0015388:C128-S32:0000 | hotpotqa:hotpot_doc0022276:C128-S32:0000 | hotpotqa:hotpot_doc0016023:C128-S32:0000 | hotpotqa:hotpot_doc0015229:C128-S32:0000 | hotpotqa:hotpot_doc0010353:C128-S32:0000 | hotpotqa:hotpot_doc0024430:C128-S32:0000 | hotpotqa:hotpot_doc0015296:C128-S32:0000 | hotpotqa:hotpot_doc0008833:C128-S32:0000 | hotpotqa:hotpot_doc0010439:C128-S32:0000 | hotpotqa:hotpot_doc0004079:C128-S32:0000 | hotpotqa:hotpot_doc0010639:C128-S32:0000 | hotpotqa:hotpot_doc0020600:C128-S32:0000 | hotpotqa:hotpot_doc0008867:C128-S32:0000 | hotpotqa:hotpot_doc0016565:C128-S32:0000 | hotpotqa:hotpot_doc0006120:C128-S32:0000,hotpotqa:hotpot_doc0006119:C128-S32:0000 | hotpotqa:hotpot_doc0006125:C128-S32:0000 | hotpotqa:hotpot_doc0021004:C128-S32:0000 | hotpotqa:hotpot_doc0006120:C128-S32:0000 | hotpotqa:hotpot_doc0006122:C128-S32:0000,hotpotqa:hotpot_doc0006119:C128-S32:0000 | hotpotqa:hotpot_doc0006125:C128-S32:0000 | hotpotqa:hotpot_doc0021004:C128-S32:0000 | hotpotqa:hotpot_doc0006120:C128-S32:0000 | hotpotqa:hotpot_doc0006122:C128-S32:0000,unlikely,output ends with terminal punctuation and is below heuristic length,True,evaluation_normalization_issue,non-exact generated answer retains normalized token overlap,False,False
hotpotqa,bge_dense,13,5a72178f55429971e9dc925c, the Small Münsterländer and Ratonero Bodeguero Andaluz breeds main occupations are what?,hunting,"The main occupation of the Small Münsterländer is hunting on land and water, as it is a versatile hunting-pointing-retrieving dog breed. The main occupation of the Ratonero Bodeguero Andaluz is hunting rats and mice hidden between barrels in the wineries of Andalusia in",0.047619,True,True,True,True,True,hotpotqa:hotpot_doc0017470:C128-S32:0000 | hotpotqa:hotpot_doc0017463:C128-S32:0000 | hotpotqa:hotpot_doc0022308:C128-S32:0000 | hotpotqa:hotpot_doc0006148:C128-S32:0000 | hotpotqa:hotpot_doc0023805:C128-S32:0000 | hotpotqa:hotpot_doc0022632:C128-S32:0000 | hotpotqa:hotpot_doc0003391:C128-S32:0000 | hotpotqa:hotpot_doc0018589:C128-S32:0000 | hotpotqa:hotpot_doc0022304:C128-S32:0000 | hotpotqa:hotpot_doc0023024:C128-S32:0000 | hotpotqa:hotpot_doc0023028:C128-S32:0000 | hotpotqa:hotpot_doc0023807:C128-S32:0000 | hotpotqa:hotpot_doc0023808:C128-S32:0000 | hotpotqa:hotpot_doc0000587:C128-S32:0000 | hotpotqa:hotpot_doc0022772:C128-S32:0000 | hotpotqa:hotpot_doc0023020:C128-S32:0000 | hotpotqa:hotpot_doc0008053:C128-S32:0000 | hotpotqa:hotpot_doc0015404:C128-S32:0000 | hotpotqa:hotpot_doc0006145:C128-S32:0000 | hotpotqa:hotpot_doc0022774:C128-S32:0000 | hotpotqa:hotpot_doc0004953:C128-S32:0000 | hotpotqa:hotpot_doc0006140:C128-S32:0000 | hotpotqa:hotpot_doc0000585:C128-S32:0000 | hotpotqa:hotpot_doc0012895:C128-S32:0000 | hotpotqa:hotpot_doc0022632:C128-S32:0001 | hotpotqa:hotpot_doc0008049:C128-S32:0000 | hotpotqa:hotpot_doc0016899:C128-S32:0000 | hotpotqa:hotpot_doc0016896:C128-S32:0000 | hotpotqa:hotpot_doc0008054:C128-S32:0000 | hotpotqa:hotpot_doc0015405:C128-S32:0000 | hotpotqa:hotpot_doc0018584:C128-S32:0000 | hotpotqa:hotpot_doc0006141:C128-S32:0000 | hotpotqa:hotpot_doc0018209:C128-S32:0000 | hotpotqa:hotpot_doc0004958:C128-S32:0000 | hotpotqa:hotpot_doc0003591:C128-S32:0000 | hotpotqa:hotpot_doc0002871:C128-S32:0000 | hotpotqa:hotpot_doc0002876:C128-S32:0000 | hotpotqa:hotpot_doc0011813:C128-S32:0001 | hotpotqa:hotpot_doc0016894:C128-S32:0000 | hotpotqa:hotpot_doc0006143:C128-S32:0000 | hotpotqa:hotpot_doc0000584:C128-S32:0000 | hotpotqa:hotpot_doc0017660:C128-S32:0000 | hotpotqa:hotpot_doc0003594:C128-S32:0000 | hotpotqa:hotpot_doc0010191:C128-S32:0000 | hotpotqa:hotpot_doc0022773:C128-S32:0000 | hotpotqa:hotpot_doc0022311:C128-S32:0000 | hotpotqa:hotpot_doc0008056:C128-S32:0000 | hotpotqa:hotpot_doc0015403:C128-S32:0000 | hotpotqa:hotpot_doc0023809:C128-S32:0000 | hotpotqa:hotpot_doc0003597:C128-S32:0000,hotpotqa:hotpot_doc0017463:C128-S32:0000 | hotpotqa:hotpot_doc0017470:C128-S32:0000 | hotpotqa:hotpot_doc0018209:C128-S32:0000 | hotpotqa:hotpot_doc0006141:C128-S32:0000 | hotpotqa:hotpot_doc0003594:C128-S32:0000,hotpotqa:hotpot_doc0017463:C128-S32:0000 | hotpotqa:hotpot_doc0017470:C128-S32:0000 | hotpotqa:hotpot_doc0018209:C128-S32:0000 | hotpotqa:hotpot_doc0006141:C128-S32:0000 | hotpotqa:hotpot_doc0003594:C128-S32:0000,uncertain,non-terminal ending at moderate length,True,evaluation_normalization_issue,non-exact generated answer retains normalized token overlap,False,False
hotpotqa,bge_dense,13,5a72662e5542990c210a411e,Which form of intercourse that involves the insertion and thrusting of the erect penis into a person's anus is included in the Measure B law?,anal,The form of intercourse that involves the insertion and thrusting of the erect penis into a person's anus included in the Measure B law is anal sex.,0.083333,True,True,True,True,True,hotpotqa:hotpot_doc0001136:C128-S32:0000 | hotpotqa:hotpot_doc0001139:C128-S32:0000 | hotpotqa:hotpot_doc0001135:C128-S32:0000 | hotpotqa:hotpot_doc0001130:C128-S32:0000 | hotpotqa:hotpot_doc0001131:C128-S32:0000 | hotpotqa:hotpot_doc0001133:C128-S32:0000 | hotpotqa:hotpot_doc0001138:C128-S32:0000 | hotpotqa:hotpot_doc0001134:C128-S32:0000 | hotpotqa:hotpot_doc0007313:C128-S32:0000 | hotpotqa:hotpot_doc0010097:C128-S32:0000 | hotpotqa:hotpot_doc0001137:C128-S32:0000 | hotpotqa:hotpot_doc0023352:C128-S32:0000 | hotpotqa:hotpot_doc0001132:C128-S32:0001 | hotpotqa:hotpot_doc0001132:C128-S32:0000 | hotpotqa:hotpot_doc0003870:C128-S32:0000 | hotpotqa:hotpot_doc0014743:C128-S32:0001 | hotpotqa:hotpot_doc0010398:C128-S32:0000 | hotpotqa:hotpot_doc0022074:C128-S32:0000 | hotpotqa:hotpot_doc0014744:C128-S32:0000 | hotpotqa:hotpot_doc0004327:C128-S32:0000 | hotpotqa:hotpot_doc0022072:C128-S32:0000 | hotpotqa:hotpot_doc0014743:C128-S32:0000 | hotpotqa:hotpot_doc0005920:C128-S32:0000 | hotpotqa:hotpot_doc0012573:C128-S32:0000 | hotpotqa:hotpot_doc0022219:C128-S32:0000 | hotpotqa:hotpot_doc0008192:C128-S32:0000 | hotpotqa:hotpot_doc0014022:C128-S32:0000 | hotpotqa:hotpot_doc0008195:C128-S32:0000 | hotpotqa:hotpot_doc0012811:C128-S32:0000 | hotpotqa:hotpot_doc0011939:C128-S32:0000 | hotpotqa:hotpot_doc0002998:C128-S32:0000 | hotpotqa:hotpot_doc0007212:C128-S32:0000 | hotpotqa:hotpot_doc0001490:C128-S32:0000 | hotpotqa:hotpot_doc0008190:C128-S32:0000 | hotpotqa:hotpot_doc0015977:C128-S32:0000 | hotpotqa:hotpot_doc0007110:C128-S32:0000 | hotpotqa:hotpot_doc0006530:C128-S32:0000 | hotpotqa:hotpot_doc0020971:C128-S32:0000 | hotpotqa:hotpot_doc0002635:C128-S32:0000 | hotpotqa:hotpot_doc0021381:C128-S32:0000 | hotpotqa:hotpot_doc0008191:C128-S32:0000 | hotpotqa:hotpot_doc0022607:C128-S32:0000 | hotpotqa:hotpot_doc0009950:C128-S32:0000 | hotpotqa:hotpot_doc0011468:C128-S32:0000 | hotpotqa:hotpot_doc0023017:C128-S32:0000 | hotpotqa:hotpot_doc0003675:C128-S32:0000 | hotpotqa:hotpot_doc0005384:C128-S32:0000 | hotpotqa:hotpot_doc0023011:C128-S32:0000 | hotpotqa:hotpot_doc0024500:C128-S32:0000 | hotpotqa:hotpot_doc0013386:C128-S32:0000,hotpotqa:hotpot_doc0001136:C128-S32:0000 | hotpotqa:hotpot_doc0001139:C128-S32:0000 | hotpotqa:hotpot_doc0001135:C128-S32:0000 | hotpotqa:hotpot_doc0001131:C128-S32:0000 | hotpotqa:hotpot_doc0001137:C128-S32:0000,hotpotqa:hotpot_doc0001136:C128-S32:0000 | hotpotqa:hotpot_doc0001139:C128-S32:0000 | hotpotqa:hotpot_doc0001135:C128-S32:0000 | hotpotqa:hotpot_doc0001131:C128-S32:0000 | hotpotqa:hotpot_doc0001137:C128-S32:0000,unlikely,output ends with terminal punctuation and is below heuristic length,True,evaluation_normalization_issue,non-exact generated answer retains normalized token overlap,False,False
hotpotqa,bge_dense,13,5a732df55542992359bc3265,The Missouri river has a tributary that originates from what peak in the Absaroka Range?,Yellowstone River,"The Missouri River has a tributary, the Yellowstone River, which is formed near Younts Peak in the Absaroka Range. Therefore, the tributary of the Missouri River that originates from a peak in the Absaroka Range is from Younts Peak.",0.121212,True,True,True,True,True,hotpotqa:hotpot_doc0000629:C128-S32:0000 | hotpotqa:hotpot_doc0005353:C128-S32:0000 | hotpotqa:hotpot_doc0000626:C128-S32:0000 | hotpotqa:hotpot_doc0005351:C128-S32:0000 | hotpotqa:hotpot_doc0000624:C128-S32:0000 | hotpotqa:hotpot_doc0000627:C128-S32:0000 | hotpotqa:hotpot_doc0005348:C128-S32:0000 | hotpotqa:hotpot_doc0003501:C128-S32:0000 | hotpotqa:hotpot_doc0006785:C128-S32:0000 | hotpotqa:hotpot_doc0000622:C128-S32:0000 | hotpotqa:hotpot_doc0006792:C128-S32:0000 | hotpotqa:hotpot_doc0009575:C128-S32:0000 | hotpotqa:hotpot_doc0007157:C128-S32:0000 | hotpotqa:hotpot_doc0000625:C128-S32:0000 | hotpotqa:hotpot_doc0005349:C128-S32:0000 | hotpotqa:hotpot_doc0000620:C128-S32:0000 | hotpotqa:hotpot_doc0017628:C128-S32:0000 | hotpotqa:hotpot_doc0000101:C128-S32:0000 | hotpotqa:hotpot_doc0000623:C128-S32:0000 | hotpotqa:hotpot_doc0019734:C128-S32:0000 | hotpotqa:hotpot_doc0005354:C128-S32:0000 | hotpotqa:hotpot_doc0009851:C128-S32:0000 | hotpotqa:hotpot_doc0010578:C128-S32:0000 | hotpotqa:hotpot_doc0020257:C128-S32:0000 | hotpotqa:hotpot_doc0015633:C128-S32:0000 | hotpotqa:hotpot_doc0000621:C128-S32:0000 | hotpotqa:hotpot_doc0005346:C128-S32:0000 | hotpotqa:hotpot_doc0004140:C128-S32:0000 | hotpotqa:hotpot_doc0018004:C128-S32:0000 | hotpotqa:hotpot_doc0009579:C128-S32:0000 | hotpotqa:hotpot_doc0006793:C128-S32:0000 | hotpotqa:hotpot_doc0010583:C128-S32:0000 | hotpotqa:hotpot_doc0010586:C128-S32:0000 | hotpotqa:hotpot_doc0000628:C128-S32:0000 | hotpotqa:hotpot_doc0006789:C128-S32:0000 | hotpotqa:hotpot_doc0021847:C128-S32:0000 | hotpotqa:hotpot_doc0009115:C128-S32:0000 | hotpotqa:hotpot_doc0009582:C128-S32:0000 | hotpotqa:hotpot_doc0009577:C128-S32:0000 | hotpotqa:hotpot_doc0000153:C128-S32:0000 | hotpotqa:hotpot_doc0013369:C128-S32:0000 | hotpotqa:hotpot_doc0013250:C128-S32:0000 | hotpotqa:hotpot_doc0003494:C128-S32:0000 | hotpotqa:hotpot_doc0016209:C128-S32:0000 | hotpotqa:hotpot_doc0019740:C128-S32:0000 | hotpotqa:hotpot_doc0013367:C128-S32:0000 | hotpotqa:hotpot_doc0011117:C128-S32:0000 | hotpotqa:hotpot_doc0018006:C128-S32:0000 | hotpotqa:hotpot_doc0007669:C128-S32:0000 | hotpotqa:hotpot_doc0010587:C128-S32:0000,hotpotqa:hotpot_doc0000629:C128-S32:0000 | hotpotqa:hotpot_doc0000626:C128-S32:0000 | hotpotqa:hotpot_doc0000624:C128-S32:0000 | hotpotqa:hotpot_doc0000627:C128-S32:0000 | hotpotqa:hotpot_doc0000625:C128-S32:0000,hotpotqa:hotpot_doc0000629:C128-S32:0000 | hotpotqa:hotpot_doc0000626:C128-S32:0000 | hotpotqa:hotpot_doc0000624:C128-S32:0000 | hotpotqa:hotpot_doc0000627:C128-S32:0000 | hotpotqa:hotpot_doc0000625:C128-S32:0000,unlikely,output ends with terminal punctuation and is below heuristic length,True,evaluation_normalization_issue,non-exact generated answer retains normalized token overlap,False,False
hotpotqa,bge_dense,13,5a7336bd5542991f9a20c68c,"Which game is a board game, Mensch ärgere dich nicht or Roulette?",Mensch ärgere Dich nicht,The answer is: Mensch ärgere dich nicht.,0.8,True,True,True,True,True,hotpotqa:hotpot_doc0023964:C128-S32:0000 | hotpotqa:hotpot_doc0023963:C128-S32:0000 | hotpotqa:hotpot_doc0016147:C128-S32:0000 | hotpotqa:hotpot_doc0013100:C128-S32:0000 | hotpotqa:hotpot_doc0010779:C128-S32:0000 | hotpotqa:hotpot_doc0023960:C128-S32:0000 | hotpotqa:hotpot_doc0010544:C128-S32:0000 | hotpotqa:hotpot_doc0010781:C128-S32:0000 | hotpotqa:hotpot_doc0013102:C128-S32:0000 | hotpotqa:hotpot_doc0016034:C128-S32:0000 | hotpotqa:hotpot_doc0023411:C128-S32:0000 | hotpotqa:hotpot_doc0018791:C128-S32:0000 | hotpotqa:hotpot_doc0018796:C128-S32:0000 | hotpotqa:hotpot_doc0013096:C128-S32:0000 | hotpotqa:hotpot_doc0010780:C128-S32:0000 | hotpotqa:hotpot_doc0013098:C128-S32:0000 | hotpotqa:hotpot_doc0010546:C128-S32:0000 | hotpotqa:hotpot_doc0010545:C128-S32:0000 | hotpotqa:hotpot_doc0002011:C128-S32:0000 | hotpotqa:hotpot_doc0002799:C128-S32:0000 | hotpotqa:hotpot_doc0004035:C128-S32:0000 | hotpotqa:hotpot_doc0013097:C128-S32:0000 | hotpotqa:hotpot_doc0013103:C128-S32:0000 | hotpotqa:hotpot_doc0015313:C128-S32:0000 | hotpotqa:hotpot_doc0003751:C128-S32:0000 | hotpotqa:hotpot_doc0009967:C128-S32:0000 | hotpotqa:hotpot_doc0021649:C128-S32:0000 | hotpotqa:hotpot_doc0013099:C128-S32:0000 | hotpotqa:hotpot_doc0018236:C128-S32:0000 | hotpotqa:hotpot_doc0018788:C128-S32:0000 | hotpotqa:hotpot_doc0013800:C128-S32:0000 | hotpotqa:hotpot_doc0015056:C128-S32:0000 | hotpotqa:hotpot_doc0016884:C128-S32:0000 | hotpotqa:hotpot_doc0020780:C128-S32:0000 | hotpotqa:hotpot_doc0018795:C128-S32:0000 | hotpotqa:hotpot_doc0002012:C128-S32:0001 | hotpotqa:hotpot_doc0019508:C128-S32:0000 | hotpotqa:hotpot_doc0005781:C128-S32:0000 | hotpotqa:hotpot_doc0023960:C128-S32:0001 | hotpotqa:hotpot_doc0011221:C128-S32:0000 | hotpotqa:hotpot_doc0017138:C128-S32:0000 | hotpotqa:hotpot_doc0004621:C128-S32:0000 | hotpotqa:hotpot_doc0022416:C128-S32:0000 | hotpotqa:hotpot_doc0002009:C128-S32:0000 | hotpotqa:hotpot_doc0012672:C128-S32:0000 | hotpotqa:hotpot_doc0009702:C128-S32:0000 | hotpotqa:hotpot_doc0011008:C128-S32:0000 | hotpotqa:hotpot_doc0021928:C128-S32:0000 | hotpotqa:hotpot_doc0011013:C128-S32:0000 | hotpotqa:hotpot_doc0015574:C128-S32:0000,hotpotqa:hotpot_doc0023964:C128-S32:0000 | hotpotqa:hotpot_doc0023960:C128-S32:0000 | hotpotqa:hotpot_doc0023963:C128-S32:0000 | hotpotqa:hotpot_doc0019508:C128-S32:0000 | hotpotqa:hotpot_doc0013097:C128-S32:0000,hotpotqa:hotpot_doc0023964:C128-S32:0000 | hotpotqa:hotpot_doc0023960:C128-S32:0000 | hotpotqa:hotpot_doc0023963:C128-S32:0000 | hotpotqa:hotpot_doc0019508:C128-S32:0000 | hotpotqa:hotpot_doc0013097:C128-S32:0000,uncertain,non-terminal ending at moderate length,True,evaluation_normalization_issue,non-exact generated answer retains normalized token overlap,False,False
hotpotqa,bge_dense,13,5a7348865542991f9a20c6e0,"Who is the head coach, whom was inducted into the Naismith Memorial Basketball Hall of Fame, that led the 2004–05 Kansas Jayhawks men's basketball team?",Billy Eugene Self Jr.,"The head coach of the 2004–05 Kansas Jayhawks men's basketball team was Bill Self. According to the context, Bill Self was inducted into the Naismith Memorial Basketball Hall of Fame on March 31, 2017. Therefore, the answer is Bill Self.",0.04878,True,True,True,True,True,hotpotqa:hotpot_doc0000237:C128-S32:0000 | hotpotqa:hotpot_doc0000231:C128-S32:0000 | hotpotqa:hotpot_doc0000238:C128-S32:0000 | hotpotqa:hotpot_doc0000236:C128-S32:0000 | hotpotqa:hotpot_doc0000234:C128-S32:0000 | hotpotqa:hotpot_doc0001527:C128-S32:0000 | hotpotqa:hotpot_doc0009727:C128-S32:0001 | hotpotqa:hotpot_doc0000235:C128-S32:0000 | hotpotqa:hotpot_doc0010179:C128-S32:0000 | hotpotqa:hotpot_doc0022865:C128-S32:0000 | hotpotqa:hotpot_doc0001798:C128-S32:0000 | hotpotqa:hotpot_doc0000802:C128-S32:0000 | hotpotqa:hotpot_doc0001526:C128-S32:0000 | hotpotqa:hotpot_doc0000393:C128-S32:0000 | hotpotqa:hotpot_doc0009413:C128-S32:0000 | hotpotqa:hotpot_doc0003548:C128-S32:0000 | hotpotqa:hotpot_doc0021209:C128-S32:0000 | hotpotqa:hotpot_doc0000397:C128-S32:0000 | hotpotqa:hotpot_doc0016209:C128-S32:0000 | hotpotqa:hotpot_doc0001521:C128-S32:0000 | hotpotqa:hotpot_doc0022925:C128-S32:0001 | hotpotqa:hotpot_doc0007503:C128-S32:0000 | hotpotqa:hotpot_doc0000226:C128-S32:0000 | hotpotqa:hotpot_doc0010180:C128-S32:0000 | hotpotqa:hotpot_doc0000976:C128-S32:0000 | hotpotqa:hotpot_doc0003545:C128-S32:0000 | hotpotqa:hotpot_doc0009431:C128-S32:0000 | hotpotqa:hotpot_doc0014207:C128-S32:0000 | hotpotqa:hotpot_doc0001524:C128-S32:0000 | hotpotqa:hotpot_doc0006293:C128-S32:0000 | hotpotqa:hotpot_doc0018223:C128-S32:0000 | hotpotqa:hotpot_doc0009425:C128-S32:0000 | hotpotqa:hotpot_doc0010177:C128-S32:0000 | hotpotqa:hotpot_doc0019801:C128-S32:0000 | hotpotqa:hotpot_doc0000206:C128-S32:0000 | hotpotqa:hotpot_doc0015103:C128-S32:0000 | hotpotqa:hotpot_doc0016370:C128-S32:0000 | hotpotqa:hotpot_doc0001523:C128-S32:0000 | hotpotqa:hotpot_doc0001522:C128-S32:0000 | hotpotqa:hotpot_doc0016376:C128-S32:0000 | hotpotqa:hotpot_doc0009730:C128-S32:0000 | hotpotqa:hotpot_doc0001806:C128-S32:0000 | hotpotqa:hotpot_doc0009638:C128-S32:0000 | hotpotqa:hotpot_doc0003550:C128-S32:0000 | hotpotqa:hotpot_doc0013983:C128-S32:0000 | hotpotqa:hotpot_doc0003516:C128-S32:0000 | hotpotqa:hotpot_doc0010181:C128-S32:0000 | hotpotqa:hotpot_doc0008971:C128-S32:0000 | hotpotqa:hotpot_doc0001007:C128-S32:0000 | hotpotqa:hotpot_doc0009752:C128-S32:0001,hotpotqa:hotpot_doc0000231:C128-S32:0000 | hotpotqa:hotpot_doc0000237:C128-S32:0000 | hotpotqa:hotpot_doc0000236:C128-S32:0000 | hotpotqa:hotpot_doc0000234:C128-S32:0000 | hotpotqa:hotpot_doc0009413:C128-S32:0000,hotpotqa:hotpot_doc0000231:C128-S32:0000 | hotpotqa:hotpot_doc0000237:C128-S32:0000 | hotpotqa:hotpot_doc0000236:C128-S32:0000 | hotpotqa:hotpot_doc0000234:C128-S32:0000 | hotpotqa:hotpot_doc0009413:C128-S32:0000,unlikely,output ends with terminal punctuation and is below heuristic length,True,evaluation_normalization_issue,non-exact generated answer retains normalized token overlap,False,False
hotpotqa,bge_dense,13,5a737fef5542992d56e7e339,What 1979 comedy film stars an actor who is also a poker commentator in real life?,Fast Break,"The 1979 comedy film that stars an actor who is also a poker commentator in real life is ""Fast Break."" Gabe Kaplan, who played David Greene in the film, is noted in the context as a poker commentator and professional poker player.",0.105263,True,True,True,True,True,hotpotqa:hotpot_doc0007749:C128-S32:0000 | hotpotqa:hotpot_doc0013492:C128-S32:0000 | hotpotqa:hotpot_doc0021813:C128-S32:0000 | hotpotqa:hotpot_doc0007750:C128-S32:0000 | hotpotqa:hotpot_doc0013712:C128-S32:0000 | hotpotqa:hotpot_doc0023536:C128-S32:0000 | hotpotqa:hotpot_doc0013201:C128-S32:0000 | hotpotqa:hotpot_doc0004610:C128-S32:0000 | hotpotqa:hotpot_doc0004609:C128-S32:0000 | hotpotqa:hotpot_doc0020631:C128-S32:0000 | hotpotqa:hotpot_doc0003380:C128-S32:0000 | hotpotqa:hotpot_doc0007747:C128-S32:0000 | hotpotqa:hotpot_doc0008525:C128-S32:0000 | hotpotqa:hotpot_doc0024296:C128-S32:0000 | hotpotqa:hotpot_doc0007643:C128-S32:0000 | hotpotqa:hotpot_doc0020220:C128-S32:0000 | hotpotqa:hotpot_doc0005762:C128-S32:0000 | hotpotqa:hotpot_doc0003384:C128-S32:0000 | hotpotqa:hotpot_doc0016239:C128-S32:0000 | hotpotqa:hotpot_doc0009304:C128-S32:0000 | hotpotqa:hotpot_doc0008861:C128-S32:0000 | hotpotqa:hotpot_doc0019851:C128-S32:0000 | hotpotqa:hotpot_doc0008866:C128-S32:0000 | hotpotqa:hotpot_doc0013827:C128-S32:0000 | hotpotqa:hotpot_doc0021011:C128-S32:0000 | hotpotqa:hotpot_doc0002671:C128-S32:0000 | hotpotqa:hotpot_doc0024430:C128-S32:0000 | hotpotqa:hotpot_doc0007748:C128-S32:0000 | hotpotqa:hotpot_doc0009126:C128-S32:0000 | hotpotqa:hotpot_doc0000765:C128-S32:0000 | hotpotqa:hotpot_doc0002272:C128-S32:0000 | hotpotqa:hotpot_doc0024850:C128-S32:0000 | hotpotqa:hotpot_doc0012789:C128-S32:0000 | hotpotqa:hotpot_doc0007745:C128-S32:0000 | hotpotqa:hotpot_doc0007743:C128-S32:0000 | hotpotqa:hotpot_doc0024468:C128-S32:0000 | hotpotqa:hotpot_doc0006755:C128-S32:0000 | hotpotqa:hotpot_doc0022795:C128-S32:0000 | hotpotqa:hotpot_doc0008862:C128-S32:0000 | hotpotqa:hotpot_doc0016609:C128-S32:0000 | hotpotqa:hotpot_doc0007751:C128-S32:0000 | hotpotqa:hotpot_doc0017503:C128-S32:0000 | hotpotqa:hotpot_doc0008459:C128-S32:0000 | hotpotqa:hotpot_doc0008550:C128-S32:0000 | hotpotqa:hotpot_doc0006684:C128-S32:0000 | hotpotqa:hotpot_doc0004723:C128-S32:0000 | hotpotqa:hotpot_doc0013719:C128-S32:0000 | hotpotqa:hotpot_doc0007746:C128-S32:0000 | hotpotqa:hotpot_doc0014406:C128-S32:0000 | hotpotqa:hotpot_doc0000761:C128-S32:0000,hotpotqa:hotpot_doc0007745:C128-S32:0000 | hotpotqa:hotpot_doc0007750:C128-S32:0000 | hotpotqa:hotpot_doc0007751:C128-S32:0000 | hotpotqa:hotpot_doc0007749:C128-S32:0000 | hotpotqa:hotpot_doc0003384:C128-S32:0000,hotpotqa:hotpot_doc0007745:C128-S32:0000 | hotpotqa:hotpot_doc0007750:C128-S32:0000 | hotpotqa:hotpot_doc0007751:C128-S32:0000 | hotpotqa:hotpot_doc0007749:C128-S32:0000 | hotpotqa:hotpot_doc0003384:C128-S32:0000,unlikely,output ends with terminal punctuation and is below heuristic length,True,evaluation_normalization_issue,non-exact generated answer retains normalized token overlap,False,False
hotpotqa,bge_dense,13,5a739f335542992d56e7e37d,"Which magazine was published first, Plop! or Naval History?",Plop!,"Naval History was published first. According to the context, Naval History is a magazine published since 1987, while Plop! was a comic book anthology published in the mid-1970s. Therefore, Naval History was published later than Plop! but the question asks which was published first",0.04878,True,True,True,True,True,hotpotqa:hotpot_doc0001817:C128-S32:0000 | hotpotqa:hotpot_doc0001825:C128-S32:0000 | hotpotqa:hotpot_doc0000863:C128-S32:0000 | hotpotqa:hotpot_doc0003159:C128-S32:0000 | hotpotqa:hotpot_doc0007187:C128-S32:0000 | hotpotqa:hotpot_doc0017856:C128-S32:0000 | hotpotqa:hotpot_doc0020518:C128-S32:0000 | hotpotqa:hotpot_doc0024342:C128-S32:0000 | hotpotqa:hotpot_doc0007093:C128-S32:0000 | hotpotqa:hotpot_doc0014232:C128-S32:0000 | hotpotqa:hotpot_doc0003163:C128-S32:0000 | hotpotqa:hotpot_doc0000866:C128-S32:0000 | hotpotqa:hotpot_doc0017848:C128-S32:0000 | hotpotqa:hotpot_doc0011445:C128-S32:0000 | hotpotqa:hotpot_doc0015726:C128-S32:0000 | hotpotqa:hotpot_doc0011438:C128-S32:0000 | hotpotqa:hotpot_doc0014132:C128-S32:0000 | hotpotqa:hotpot_doc0007684:C128-S32:0000 | hotpotqa:hotpot_doc0001820:C128-S32:0000 | hotpotqa:hotpot_doc0001818:C128-S32:0000 | hotpotqa:hotpot_doc0012111:C128-S32:0000 | hotpotqa:hotpot_doc0014357:C128-S32:0000 | hotpotqa:hotpot_doc0003464:C128-S32:0000 | hotpotqa:hotpot_doc0003400:C128-S32:0000 | hotpotqa:hotpot_doc0023084:C128-S32:0000 | hotpotqa:hotpot_doc0020696:C128-S32:0000 | hotpotqa:hotpot_doc0021846:C128-S32:0000 | hotpotqa:hotpot_doc0010976:C128-S32:0000 | hotpotqa:hotpot_doc0021763:C128-S32:0001 | hotpotqa:hotpot_doc0005305:C128-S32:0000 | hotpotqa:hotpot_doc0020974:C128-S32:0000 | hotpotqa:hotpot_doc0019095:C128-S32:0000 | hotpotqa:hotpot_doc0024211:C128-S32:0000 | hotpotqa:hotpot_doc0006699:C128-S32:0000 | hotpotqa:hotpot_doc0017199:C128-S32:0000 | hotpotqa:hotpot_doc0016358:C128-S32:0000 | hotpotqa:hotpot_doc0018695:C128-S32:0000 | hotpotqa:hotpot_doc0001676:C128-S32:0000 | hotpotqa:hotpot_doc0010396:C128-S32:0000 | hotpotqa:hotpot_doc0002758:C128-S32:0000 | hotpotqa:hotpot_doc0016287:C128-S32:0000 | hotpotqa:hotpot_doc0021433:C128-S32:0000 | hotpotqa:hotpot_doc0020971:C128-S32:0000 | hotpotqa:hotpot_doc0019742:C128-S32:0000 | hotpotqa:hotpot_doc0004887:C128-S32:0000 | hotpotqa:hotpot_doc0020331:C128-S32:0000 | hotpotqa:hotpot_doc0014420:C128-S32:0000 | hotpotqa:hotpot_doc0000851:C128-S32:0000 | hotpotqa:hotpot_doc0002785:C128-S32:0000 | hotpotqa:hotpot_doc0003746:C128-S32:0000,hotpotqa:hotpot_doc0001817:C128-S32:0000 | hotpotqa:hotpot_doc0001825:C128-S32:0000 | hotpotqa:hotpot_doc0001818:C128-S32:0000 | hotpotqa:hotpot_doc0000851:C128-S32:0000 | hotpotqa:hotpot_doc0018695:C128-S32:0000,hotpotqa:hotpot_doc0001817:C128-S32:0000 | hotpotqa:hotpot_doc0001825:C128-S32:0000 | hotpotqa:hotpot_doc0001818:C128-S32:0000 | hotpotqa:hotpot_doc0000851:C128-S32:0000 | hotpotqa:hotpot_doc0018695:C128-S32:0000,uncertain,non-terminal ending at moderate length,True,evaluation_normalization_issue,non-exact generated answer retains normalized token overlap,False,False
hotpotqa,bge_dense,13,5a74686455429979e2882942,Ron Baxter is a former basketball forward for a team that currently competes in what conference?,the Big 12,"Ron Baxter played for the University of Texas Men's Basketball team, which currently competes in the Big 12 Conference. Therefore, the answer is the Big 12 Conference.",0.153846,True,True,True,True,True,hotpotqa:hotpot_doc0012499:C128-S32:0000 | hotpotqa:hotpot_doc0016370:C128-S32:0000 | hotpotqa:hotpot_doc0006293:C128-S32:0000 | hotpotqa:hotpot_doc0012502:C128-S32:0000 | hotpotqa:hotpot_doc0020875:C128-S32:0000 | hotpotqa:hotpot_doc0009425:C128-S32:0000 | hotpotqa:hotpot_doc0008350:C128-S32:0000 | hotpotqa:hotpot_doc0006296:C128-S32:0000 | hotpotqa:hotpot_doc0009755:C128-S32:0000 | hotpotqa:hotpot_doc0012870:C128-S32:0000 | hotpotqa:hotpot_doc0002359:C128-S32:0000 | hotpotqa:hotpot_doc0019260:C128-S32:0000 | hotpotqa:hotpot_doc0001753:C128-S32:0000 | hotpotqa:hotpot_doc0002362:C128-S32:0000 | hotpotqa:hotpot_doc0000903:C128-S32:0000 | hotpotqa:hotpot_doc0010637:C128-S32:0000 | hotpotqa:hotpot_doc0015103:C128-S32:0000 | hotpotqa:hotpot_doc0000898:C128-S32:0000 | hotpotqa:hotpot_doc0002661:C128-S32:0000 | hotpotqa:hotpot_doc0003436:C128-S32:0000 | hotpotqa:hotpot_doc0000393:C128-S32:0000 | hotpotqa:hotpot_doc0010389:C128-S32:0000 | hotpotqa:hotpot_doc0006328:C128-S32:0000 | hotpotqa:hotpot_doc0012123:C128-S32:0000 | hotpotqa:hotpot_doc0008417:C128-S32:0000 | hotpotqa:hotpot_doc0010180:C128-S32:0000 | hotpotqa:hotpot_doc0021944:C128-S32:0000 | hotpotqa:hotpot_doc0004653:C128-S32:0000 | hotpotqa:hotpot_doc0003811:C128-S32:0000 | hotpotqa:hotpot_doc0016830:C128-S32:0000 | hotpotqa:hotpot_doc0007459:C128-S32:0000 | hotpotqa:hotpot_doc0001751:C128-S32:0000 | hotpotqa:hotpot_doc0010177:C128-S32:0000 | hotpotqa:hotpot_doc0006288:C128-S32:0000 | hotpotqa:hotpot_doc0019157:C128-S32:0000 | hotpotqa:hotpot_doc0007461:C128-S32:0000 | hotpotqa:hotpot_doc0001521:C128-S32:0000 | hotpotqa:hotpot_doc0009428:C128-S32:0000 | hotpotqa:hotpot_doc0021205:C128-S32:0000 | hotpotqa:hotpot_doc0000238:C128-S32:0000 | hotpotqa:hotpot_doc0021209:C128-S32:0000 | hotpotqa:hotpot_doc0004651:C128-S32:0000 | hotpotqa:hotpot_doc0012505:C128-S32:0000 | hotpotqa:hotpot_doc0019808:C128-S32:0000 | hotpotqa:hotpot_doc0021944:C128-S32:0001 | hotpotqa:hotpot_doc0009200:C128-S32:0000 | hotpotqa:hotpot_doc0010179:C128-S32:0000 | hotpotqa:hotpot_doc0016377:C128-S32:0000 | hotpotqa:hotpot_doc0024751:C128-S32:0000 | hotpotqa:hotpot_doc0012876:C128-S32:0000,hotpotqa:hotpot_doc0012499:C128-S32:0000 | hotpotqa:hotpot_doc0012502:C128-S32:0000 | hotpotqa:hotpot_doc0016830:C128-S32:0000 | hotpotqa:hotpot_doc0009755:C128-S32:0000 | hotpotqa:hotpot_doc0021205:C128-S32:0000,hotpotqa:hotpot_doc0012499:C128-S32:0000 | hotpotqa:hotpot_doc0012502:C128-S32:0000 | hotpotqa:hotpot_doc0016830:C128-S32:0000 | hotpotqa:hotpot_doc0009755:C128-S32:0000 | hotpotqa:hotpot_doc0021205:C128-S32:0000,unlikely,output ends with terminal punctuation and is below heuristic length,True,evaluation_normalization_issue,non-exact generated answer retains normalized token overlap,False,False
hotpotqa,bge_dense,13,5a7472bc55429974ef308bff,What are two mood disorders that Thalia Catherine Eley would come across in her study of depression?,depressive disorder and dysthymia,"Based on the context, Thalia Catherine Eley studies the development and treatment of anxiety and depression. From the context, two mood disorders that she would come across in her study of depression are major depressive disorder and dysthymia.",0.205128,True,True,True,True,True,hotpotqa:hotpot_doc0011665:C128-S32:0000 | hotpotqa:hotpot_doc0011668:C128-S32:0000 | hotpotqa:hotpot_doc0011674:C128-S32:0000 | hotpotqa:hotpot_doc0011673:C128-S32:0000 | hotpotqa:hotpot_doc0011672:C128-S32:0000 | hotpotqa:hotpot_doc0011667:C128-S32:0000 | hotpotqa:hotpot_doc0011674:C128-S32:0001 | hotpotqa:hotpot_doc0011666:C128-S32:0000 | hotpotqa:hotpot_doc0001125:C128-S32:0000 | hotpotqa:hotpot_doc0011671:C128-S32:0000 | hotpotqa:hotpot_doc0015871:C128-S32:0000 | hotpotqa:hotpot_doc0011671:C128-S32:0001 | hotpotqa:hotpot_doc0021470:C128-S32:0000 | hotpotqa:hotpot_doc0015871:C128-S32:0002 | hotpotqa:hotpot_doc0004265:C128-S32:0000 | hotpotqa:hotpot_doc0015871:C128-S32:0001 | hotpotqa:hotpot_doc0004264:C128-S32:0000 | hotpotqa:hotpot_doc0004306:C128-S32:0002 | hotpotqa:hotpot_doc0011670:C128-S32:0000 | hotpotqa:hotpot_doc0017455:C128-S32:0001 | hotpotqa:hotpot_doc0023350:C128-S32:0000 | hotpotqa:hotpot_doc0012370:C128-S32:0000 | hotpotqa:hotpot_doc0013534:C128-S32:0000 | hotpotqa:hotpot_doc0024114:C128-S32:0000 | hotpotqa:hotpot_doc0012989:C128-S32:0001 | hotpotqa:hotpot_doc0003655:C128-S32:0001 | hotpotqa:hotpot_doc0004060:C128-S32:0002 | hotpotqa:hotpot_doc0015868:C128-S32:0000 | hotpotqa:hotpot_doc0003655:C128-S32:0000 | hotpotqa:hotpot_doc0004543:C128-S32:0000 | hotpotqa:hotpot_doc0023352:C128-S32:0000 | hotpotqa:hotpot_doc0003653:C128-S32:0000 | hotpotqa:hotpot_doc0004261:C128-S32:0000 | hotpotqa:hotpot_doc0010861:C128-S32:0000 | hotpotqa:hotpot_doc0010865:C128-S32:0000 | hotpotqa:hotpot_doc0004262:C128-S32:0000 | hotpotqa:hotpot_doc0004706:C128-S32:0000 | hotpotqa:hotpot_doc0024794:C128-S32:0001 | hotpotqa:hotpot_doc0012698:C128-S32:0000 | hotpotqa:hotpot_doc0015778:C128-S32:0000 | hotpotqa:hotpot_doc0012628:C128-S32:0000 | hotpotqa:hotpot_doc0013165:C128-S32:0001 | hotpotqa:hotpot_doc0011941:C128-S32:0000 | hotpotqa:hotpot_doc0019158:C128-S32:0000 | hotpotqa:hotpot_doc0020698:C128-S32:0000 | hotpotqa:hotpot_doc0010988:C128-S32:0000 | hotpotqa:hotpot_doc0010192:C128-S32:0000 | hotpotqa:hotpot_doc0013998:C128-S32:0000 | hotpotqa:hotpot_doc0018731:C128-S32:0001 | hotpotqa:hotpot_doc0012812:C128-S32:0000,hotpotqa:hotpot_doc0011665:C128-S32:0000 | hotpotqa:hotpot_doc0011668:C128-S32:0000 | hotpotqa:hotpot_doc0011672:C128-S32:0000 | hotpotqa:hotpot_doc0011674:C128-S32:0001 | hotpotqa:hotpot_doc0011674:C128-S32:0000,hotpotqa:hotpot_doc0011665:C128-S32:0000 | hotpotqa:hotpot_doc0011668:C128-S32:0000 | hotpotqa:hotpot_doc0011672:C128-S32:0000 | hotpotqa:hotpot_doc0011674:C128-S32:0001 | hotpotqa:hotpot_doc0011674:C128-S32:0000,unlikely,output ends with terminal punctuation and is below heuristic length,True,evaluation_normalization_issue,non-exact generated answer retains normalized token overlap,False,False
hotpotqa,bge_dense,13,5a7481d755429974ef308c12,On which television network did Joe Penny play an investigator named Jake Styles?,CBS,Joe Penny played the role of investigator Jake Styles on the CBS television network.,0.153846,True,True,True,True,True,hotpotqa:hotpot_doc0024350:C128-S32:0000 | hotpotqa:hotpot_doc0024346:C128-S32:0000 | hotpotqa:hotpot_doc0021995:C128-S32:0000 | hotpotqa:hotpot_doc0020417:C128-S32:0000 | hotpotqa:hotpot_doc0024348:C128-S32:0000 | hotpotqa:hotpot_doc0012597:C128-S32:0000 | hotpotqa:hotpot_doc0020415:C128-S32:0000 | hotpotqa:hotpot_doc0021998:C128-S32:0000 | hotpotqa:hotpot_doc0012855:C128-S32:0000 | hotpotqa:hotpot_doc0012595:C128-S32:0000 | hotpotqa:hotpot_doc0020549:C128-S32:0000 | hotpotqa:hotpot_doc0005905:C128-S32:0000 | hotpotqa:hotpot_doc0017372:C128-S32:0000 | hotpotqa:hotpot_doc0005167:C128-S32:0000 | hotpotqa:hotpot_doc0009279:C128-S32:0000 | hotpotqa:hotpot_doc0022000:C128-S32:0000 | hotpotqa:hotpot_doc0012598:C128-S32:0000 | hotpotqa:hotpot_doc0012589:C128-S32:0000 | hotpotqa:hotpot_doc0000557:C128-S32:0000 | hotpotqa:hotpot_doc0004618:C128-S32:0000 | hotpotqa:hotpot_doc0006111:C128-S32:0000 | hotpotqa:hotpot_doc0000608:C128-S32:0000 | hotpotqa:hotpot_doc0024643:C128-S32:0000 | hotpotqa:hotpot_doc0004623:C128-S32:0000 | hotpotqa:hotpot_doc0011710:C128-S32:0000 | hotpotqa:hotpot_doc0006448:C128-S32:0000 | hotpotqa:hotpot_doc0018903:C128-S32:0000 | hotpotqa:hotpot_doc0014854:C128-S32:0000 | hotpotqa:hotpot_doc0002254:C128-S32:0000 | hotpotqa:hotpot_doc0024474:C128-S32:0000 | hotpotqa:hotpot_doc0000873:C128-S32:0000 | hotpotqa:hotpot_doc0018898:C128-S32:0000 | hotpotqa:hotpot_doc0018900:C128-S32:0000 | hotpotqa:hotpot_doc0005166:C128-S32:0000 | hotpotqa:hotpot_doc0024861:C128-S32:0000 | hotpotqa:hotpot_doc0009384:C128-S32:0000 | hotpotqa:hotpot_doc0018896:C128-S32:0000 | hotpotqa:hotpot_doc0019172:C128-S32:0000 | hotpotqa:hotpot_doc0024345:C128-S32:0000 | hotpotqa:hotpot_doc0000551:C128-S32:0000 | hotpotqa:hotpot_doc0019406:C128-S32:0000 | hotpotqa:hotpot_doc0024347:C128-S32:0000 | hotpotqa:hotpot_doc0011835:C128-S32:0000 | hotpotqa:hotpot_doc0015378:C128-S32:0000 | hotpotqa:hotpot_doc0001233:C128-S32:0000 | hotpotqa:hotpot_doc0021997:C128-S32:0000 | hotpotqa:hotpot_doc0018902:C128-S32:0000 | hotpotqa:hotpot_doc0001970:C128-S32:0000 | hotpotqa:hotpot_doc0000441:C128-S32:0000 | hotpotqa:hotpot_doc0013715:C128-S32:0000,hotpotqa:hotpot_doc0024350:C128-S32:0000 | hotpotqa:hotpot_doc0024346:C128-S32:0000 | hotpotqa:hotpot_doc0024348:C128-S32:0000 | hotpotqa:hotpot_doc0020415:C128-S32:0000 | hotpotqa:hotpot_doc0024345:C128-S32:0000,hotpotqa:hotpot_doc0024350:C128-S32:0000 | hotpotqa:hotpot_doc0024346:C128-S32:0000 | hotpotqa:hotpot_doc0024348:C128-S32:0000 | hotpotqa:hotpot_doc0020415:C128-S32:0000 | hotpotqa:hotpot_doc0024345:C128-S32:0000,unlikely,output ends with terminal punctuation and is below heuristic length,True,evaluation_normalization_issue,non-exact generated answer retains normalized token overlap,False,False
hotpotqa,bge_dense,13,5a74b41955429929fddd84bf,Which actress from The Andy Griffith Show was also part of the 1949 film Father Was a Fullback?,Betty Lynn,The actress from *The Andy Griffith Show* who was also part of the 1949 film *Father Was a Fullback* is Betty Lynn. She played the role of Thelma Lou on *The Andy Griffith Show* and appeared in *Father Was a Fullback* as one of the film's,0.097561,True,True,True,True,True,hotpotqa:hotpot_doc0002258:C128-S32:0000 | hotpotqa:hotpot_doc0002255:C128-S32:0000 | hotpotqa:hotpot_doc0004978:C128-S32:0000 | hotpotqa:hotpot_doc0018922:C128-S32:0000 | hotpotqa:hotpot_doc0015037:C128-S32:0002 | hotpotqa:hotpot_doc0023555:C128-S32:0000 | hotpotqa:hotpot_doc0014768:C128-S32:0000 | hotpotqa:hotpot_doc0020830:C128-S32:0000 | hotpotqa:hotpot_doc0014203:C128-S32:0000 | hotpotqa:hotpot_doc0014206:C128-S32:0000 | hotpotqa:hotpot_doc0005850:C128-S32:0000 | hotpotqa:hotpot_doc0002256:C128-S32:0000 | hotpotqa:hotpot_doc0022838:C128-S32:0000 | hotpotqa:hotpot_doc0023554:C128-S32:0000 | hotpotqa:hotpot_doc0000865:C128-S32:0000 | hotpotqa:hotpot_doc0009024:C128-S32:0000 | hotpotqa:hotpot_doc0014410:C128-S32:0000 | hotpotqa:hotpot_doc0019304:C128-S32:0000 | hotpotqa:hotpot_doc0024468:C128-S32:0000 | hotpotqa:hotpot_doc0015037:C128-S32:0001 | hotpotqa:hotpot_doc0003362:C128-S32:0000 | hotpotqa:hotpot_doc0014202:C128-S32:0000 | hotpotqa:hotpot_doc0019615:C128-S32:0000 | hotpotqa:hotpot_doc0011761:C128-S32:0000 | hotpotqa:hotpot_doc0017504:C128-S32:0000 | hotpotqa:hotpot_doc0002262:C128-S32:0000 | hotpotqa:hotpot_doc0011755:C128-S32:0000 | hotpotqa:hotpot_doc0013827:C128-S32:0000 | hotpotqa:hotpot_doc0000485:C128-S32:0000 | hotpotqa:hotpot_doc0023556:C128-S32:0000 | hotpotqa:hotpot_doc0012381:C128-S32:0000 | hotpotqa:hotpot_doc0016424:C128-S32:0000 | hotpotqa:hotpot_doc0011824:C128-S32:0000 | hotpotqa:hotpot_doc0022452:C128-S32:0000 | hotpotqa:hotpot_doc0007722:C128-S32:0000 | hotpotqa:hotpot_doc0004979:C128-S32:0000 | hotpotqa:hotpot_doc0005380:C128-S32:0000 | hotpotqa:hotpot_doc0001259:C128-S32:0000 | hotpotqa:hotpot_doc0024862:C128-S32:0000 | hotpotqa:hotpot_doc0003407:C128-S32:0000 | hotpotqa:hotpot_doc0019338:C128-S32:0000 | hotpotqa:hotpot_doc0004287:C128-S32:0000 | hotpotqa:hotpot_doc0023764:C128-S32:0000 | hotpotqa:hotpot_doc0010701:C128-S32:0000 | hotpotqa:hotpot_doc0022041:C128-S32:0000 | hotpotqa:hotpot_doc0000860:C128-S32:0000 | hotpotqa:hotpot_doc0020826:C128-S32:0000 | hotpotqa:hotpot_doc0004379:C128-S32:0000 | hotpotqa:hotpot_doc0019780:C128-S32:0000 | hotpotqa:hotpot_doc0003304:C128-S32:0000,hotpotqa:hotpot_doc0002258:C128-S32:0000 | hotpotqa:hotpot_doc0002256:C128-S32:0000 | hotpotqa:hotpot_doc0002255:C128-S32:0000 | hotpotqa:hotpot_doc0002262:C128-S32:0000 | hotpotqa:hotpot_doc0000485:C128-S32:0000,hotpotqa:hotpot_doc0002258:C128-S32:0000 | hotpotqa:hotpot_doc0002256:C128-S32:0000 | hotpotqa:hotpot_doc0002255:C128-S32:0000 | hotpotqa:hotpot_doc0002262:C128-S32:0000 | hotpotqa:hotpot_doc0000485:C128-S32:0000,uncertain,non-terminal ending at moderate length,True,evaluation_normalization_issue,non-exact generated answer retains normalized token overlap,False,False
hotpotqa,bge_dense,13,5a74bf5255429979e2882a08,What castle on the banks of the River Annan in Scotland is named after a common Great Britain surname?,Annan Castle,"The castle on the banks of the River Annan in Scotland that is named after a common Great Britain surname is Annan Castle. The surname ""Annan"" is a Scottish surname and is common in Great Britain, as mentioned in the context. Therefore, the answer is Annan Castle.",0.097561,True,True,True,True,True,hotpotqa:hotpot_doc0009957:C128-S32:0000 | hotpotqa:hotpot_doc0009952:C128-S32:0000 | hotpotqa:hotpot_doc0009955:C128-S32:0000 | hotpotqa:hotpot_doc0009959:C128-S32:0000 | hotpotqa:hotpot_doc0015600:C128-S32:0000 | hotpotqa:hotpot_doc0009953:C128-S32:0000 | hotpotqa:hotpot_doc0006815:C128-S32:0000 | hotpotqa:hotpot_doc0004966:C128-S32:0000 | hotpotqa:hotpot_doc0005648:C128-S32:0000 | hotpotqa:hotpot_doc0016847:C128-S32:0000 | hotpotqa:hotpot_doc0003351:C128-S32:0000 | hotpotqa:hotpot_doc0015605:C128-S32:0000 | hotpotqa:hotpot_doc0009954:C128-S32:0000 | hotpotqa:hotpot_doc0005403:C128-S32:0000 | hotpotqa:hotpot_doc0005622:C128-S32:0000 | hotpotqa:hotpot_doc0022698:C128-S32:0000 | hotpotqa:hotpot_doc0016844:C128-S32:0000 | hotpotqa:hotpot_doc0005629:C128-S32:0000 | hotpotqa:hotpot_doc0009950:C128-S32:0000 | hotpotqa:hotpot_doc0010669:C128-S32:0000 | hotpotqa:hotpot_doc0006821:C128-S32:0000 | hotpotqa:hotpot_doc0006816:C128-S32:0000 | hotpotqa:hotpot_doc0001292:C128-S32:0000 | hotpotqa:hotpot_doc0009958:C128-S32:0000 | hotpotqa:hotpot_doc0012418:C128-S32:0000 | hotpotqa:hotpot_doc0009951:C128-S32:0000 | hotpotqa:hotpot_doc0004962:C128-S32:0000 | hotpotqa:hotpot_doc0004350:C128-S32:0001 | hotpotqa:hotpot_doc0015603:C128-S32:0000 | hotpotqa:hotpot_doc0009956:C128-S32:0000 | hotpotqa:hotpot_doc0010071:C128-S32:0000 | hotpotqa:hotpot_doc0003355:C128-S32:0000 | hotpotqa:hotpot_doc0015603:C128-S32:0001 | hotpotqa:hotpot_doc0004350:C128-S32:0000 | hotpotqa:hotpot_doc0015606:C128-S32:0000 | hotpotqa:hotpot_doc0007578:C128-S32:0000 | hotpotqa:hotpot_doc0004501:C128-S32:0000 | hotpotqa:hotpot_doc0000150:C128-S32:0000 | hotpotqa:hotpot_doc0003348:C128-S32:0000 | hotpotqa:hotpot_doc0006823:C128-S32:0000 | hotpotqa:hotpot_doc0017428:C128-S32:0000 | hotpotqa:hotpot_doc0009014:C128-S32:0000 | hotpotqa:hotpot_doc0004969:C128-S32:0000 | hotpotqa:hotpot_doc0024744:C128-S32:0000 | hotpotqa:hotpot_doc0015601:C128-S32:0000 | hotpotqa:hotpot_doc0015600:C128-S32:0001 | hotpotqa:hotpot_doc0022597:C128-S32:0000 | hotpotqa:hotpot_doc0016487:C128-S32:0000 | hotpotqa:hotpot_doc0009956:C128-S32:0001 | hotpotqa:hotpot_doc0017427:C128-S32:0000,hotpotqa:hotpot_doc0009957:C128-S32:0000 | hotpotqa:hotpot_doc0009952:C128-S32:0000 | hotpotqa:hotpot_doc0009955:C128-S32:0000 | hotpotqa:hotpot_doc0009950:C128-S32:0000 | hotpotqa:hotpot_doc0016847:C128-S32:0000,hotpotqa:hotpot_doc0009957:C128-S32:0000 | hotpotqa:hotpot_doc0009952:C128-S32:0000 | hotpotqa:hotpot_doc0009955:C128-S32:0000 | hotpotqa:hotpot_doc0009950:C128-S32:0000 | hotpotqa:hotpot_doc0016847:C128-S32:0000,unlikely,output ends with terminal punctuation and is below heuristic length,True,evaluation_normalization_issue,non-exact generated answer retains normalized token overlap,False,False
