collection,run_id,field,stored,recomputed,match
phase5_main_matrix,hotpotqa__bge_dense__seed13__clean_P_gen,num_eval_queries,300,300,true
phase5_main_matrix,hotpotqa__bge_dense__seed13__clean_P_gen,Clean_EM,0.0033333333333333335,0.0033333333333333335,true
phase5_main_matrix,hotpotqa__bge_dense__seed13__clean_P_gen,Clean_F1,0.07961575140744886,0.07961575140744886,true
phase5_main_matrix,hotpotqa__bge_dense__seed13__clean_P_gen,ASR,,,true
phase5_main_matrix,hotpotqa__bge_dense__seed13__clean_P_gen,ambiguous_rate,,,true
phase5_main_matrix,hotpotqa__bge_dense__seed13__clean_P_gen,TPR,,,true
phase5_main_matrix,hotpotqa__bge_dense__seed13__clean_P_gen,FPR,0.22918807810894143,0.22918807810894143,true
phase5_main_matrix,hotpotqa__bge_dense__seed13__clean_P_gen,PoisonPresence@5,0,0,true
phase5_main_matrix,hotpotqa__bge_dense__seed13__clean_P_gen,PoisonFraction@5,0,0,true
phase5_main_matrix,hotpotqa__bge_dense__seed13__clean_P_gen,TargetPoisonPresence@5,0,0,true
phase5_main_matrix,hotpotqa__bge_dense__seed13__clean_P_gen,TargetPoisonFraction@5,0,0,true
phase5_main_matrix,hotpotqa__bge_dense__seed13__clean_P_gen,avg_context_count,5,5,true
phase5_main_matrix,hotpotqa__bge_dense__seed13__clean_P_gen,gate_inputs,1946,1946,true
phase5_main_matrix,hotpotqa__bge_dense__seed13__clean_P_gen,gate_clean_inputs,1946,1946,true
phase5_main_matrix,hotpotqa__bge_dense__seed13__clean_P_gen,gate_poison_inputs,0,0,true
phase5_main_matrix,hotpotqa__bge_dense__seed13__clean_P_ret,num_eval_queries,300,300,true
phase5_main_matrix,hotpotqa__bge_dense__seed13__clean_P_ret,Clean_EM,0.0033333333333333335,0.0033333333333333335,true
phase5_main_matrix,hotpotqa__bge_dense__seed13__clean_P_ret,Clean_F1,0.07961575140744886,0.07961575140744886,true
phase5_main_matrix,hotpotqa__bge_dense__seed13__clean_P_ret,ASR,,,true
phase5_main_matrix,hotpotqa__bge_dense__seed13__clean_P_ret,ambiguous_rate,,,true
phase5_main_matrix,hotpotqa__bge_dense__seed13__clean_P_ret,TPR,,,true
phase5_main_matrix,hotpotqa__bge_dense__seed13__clean_P_ret,FPR,0.05146666666666667,0.05146666666666667,true
phase5_main_matrix,hotpotqa__bge_dense__seed13__clean_P_ret,PoisonPresence@5,0,0,true
phase5_main_matrix,hotpotqa__bge_dense__seed13__clean_P_ret,PoisonFraction@5,0,0,true
phase5_main_matrix,hotpotqa__bge_dense__seed13__clean_P_ret,TargetPoisonPresence@5,0,0,true
phase5_main_matrix,hotpotqa__bge_dense__seed13__clean_P_ret,TargetPoisonFraction@5,0,0,true
phase5_main_matrix,hotpotqa__bge_dense__seed13__clean_P_ret,avg_context_count,5,5,true
phase5_main_matrix,hotpotqa__bge_dense__seed13__clean_P_ret,gate_inputs,15000,15000,true
phase5_main_matrix,hotpotqa__bge_dense__seed13__clean_P_ret,gate_clean_inputs,15000,15000,true
phase5_main_matrix,hotpotqa__bge_dense__seed13__clean_P_ret,gate_poison_inputs,0,0,true
phase5_main_matrix,hotpotqa__bge_dense__seed13__clean_no_gate,num_eval_queries,300,300,true
phase5_main_matrix,hotpotqa__bge_dense__seed13__clean_no_gate,Clean_EM,0.016666666666666666,0.016666666666666666,true
phase5_main_matrix,hotpotqa__bge_dense__seed13__clean_no_gate,Clean_F1,0.13987973882504648,0.13987973882504648,true
phase5_main_matrix,hotpotqa__bge_dense__seed13__clean_no_gate,ASR,,,true
phase5_main_matrix,hotpotqa__bge_dense__seed13__clean_no_gate,ambiguous_rate,,,true
phase5_main_matrix,hotpotqa__bge_dense__seed13__clean_no_gate,TPR,,,true
phase5_main_matrix,hotpotqa__bge_dense__seed13__clean_no_gate,FPR,,,true
phase5_main_matrix,hotpotqa__bge_dense__seed13__clean_no_gate,PoisonPresence@5,0,0,true
phase5_main_matrix,hotpotqa__bge_dense__seed13__clean_no_gate,PoisonFraction@5,0,0,true
phase5_main_matrix,hotpotqa__bge_dense__seed13__clean_no_gate,TargetPoisonPresence@5,0,0,true
phase5_main_matrix,hotpotqa__bge_dense__seed13__clean_no_gate,TargetPoisonFraction@5,0,0,true
phase5_main_matrix,hotpotqa__bge_dense__seed13__clean_no_gate,avg_context_count,5,5,true
phase5_main_matrix,hotpotqa__bge_dense__seed13__clean_no_gate,gate_inputs,0,0,true
phase5_main_matrix,hotpotqa__bge_dense__seed13__clean_no_gate,gate_clean_inputs,0,0,true
phase5_main_matrix,hotpotqa__bge_dense__seed13__clean_no_gate,gate_poison_inputs,0,0,true
phase5_main_matrix,hotpotqa__bge_dense__seed13__poison_P_gen,num_eval_queries,300,300,true
phase5_main_matrix,hotpotqa__bge_dense__seed13__poison_P_gen,Clean_EM,,,true
phase5_main_matrix,hotpotqa__bge_dense__seed13__poison_P_gen,Clean_F1,,,true
phase5_main_matrix,hotpotqa__bge_dense__seed13__poison_P_gen,ASR,0.013333333333333334,0.013333333333333334,true
phase5_main_matrix,hotpotqa__bge_dense__seed13__poison_P_gen,ambiguous_rate,0.0033333333333333335,0.0033333333333333335,true
phase5_main_matrix,hotpotqa__bge_dense__seed13__poison_P_gen,TPR,0.9748641304347826,0.9748641304347826,true
phase5_main_matrix,hotpotqa__bge_dense__seed13__poison_P_gen,FPR,0.23443223443223443,0.23443223443223443,true
phase5_main_matrix,hotpotqa__bge_dense__seed13__poison_P_gen,PoisonPresence@5,0.03333333333333333,0.03333333333333333,true
phase5_main_matrix,hotpotqa__bge_dense__seed13__poison_P_gen,PoisonFraction@5,0.024666666666666667,0.024666666666666667,true
phase5_main_matrix,hotpotqa__bge_dense__seed13__poison_P_gen,TargetPoisonPresence@5,0.02,0.02,true
phase5_main_matrix,hotpotqa__bge_dense__seed13__poison_P_gen,TargetPoisonFraction@5,0.014,0.014,true
phase5_main_matrix,hotpotqa__bge_dense__seed13__poison_P_gen,avg_context_count,5,5,true
phase5_main_matrix,hotpotqa__bge_dense__seed13__poison_P_gen,gate_inputs,3383,3383,true
phase5_main_matrix,hotpotqa__bge_dense__seed13__poison_P_gen,gate_clean_inputs,1911,1911,true
phase5_main_matrix,hotpotqa__bge_dense__seed13__poison_P_gen,gate_poison_inputs,1472,1472,true
phase5_main_matrix,hotpotqa__bge_dense__seed13__poison_P_ret,num_eval_queries,300,300,true
phase5_main_matrix,hotpotqa__bge_dense__seed13__poison_P_ret,Clean_EM,,,true
phase5_main_matrix,hotpotqa__bge_dense__seed13__poison_P_ret,Clean_F1,,,true
phase5_main_matrix,hotpotqa__bge_dense__seed13__poison_P_ret,ASR,0.013333333333333334,0.013333333333333334,true
phase5_main_matrix,hotpotqa__bge_dense__seed13__poison_P_ret,ambiguous_rate,0.0033333333333333335,0.0033333333333333335,true
phase5_main_matrix,hotpotqa__bge_dense__seed13__poison_P_ret,TPR,0.848729792147806,0.848729792147806,true
phase5_main_matrix,hotpotqa__bge_dense__seed13__poison_P_ret,FPR,0.05690382876092855,0.05690382876092855,true
phase5_main_matrix,hotpotqa__bge_dense__seed13__poison_P_ret,PoisonPresence@5,0.03333333333333333,0.03333333333333333,true
phase5_main_matrix,hotpotqa__bge_dense__seed13__poison_P_ret,PoisonFraction@5,0.024666666666666667,0.024666666666666667,true
phase5_main_matrix,hotpotqa__bge_dense__seed13__poison_P_ret,TargetPoisonPresence@5,0.02,0.02,true
phase5_main_matrix,hotpotqa__bge_dense__seed13__poison_P_ret,TargetPoisonFraction@5,0.014,0.014,true
phase5_main_matrix,hotpotqa__bge_dense__seed13__poison_P_ret,avg_context_count,5,5,true
phase5_main_matrix,hotpotqa__bge_dense__seed13__poison_P_ret,gate_inputs,15000,15000,true
phase5_main_matrix,hotpotqa__bge_dense__seed13__poison_P_ret,gate_clean_inputs,13268,13268,true
phase5_main_matrix,hotpotqa__bge_dense__seed13__poison_P_ret,gate_poison_inputs,1732,1732,true
phase5_main_matrix,hotpotqa__bge_dense__seed13__poison_no_gate,num_eval_queries,300,300,true
phase5_main_matrix,hotpotqa__bge_dense__seed13__poison_no_gate,Clean_EM,,,true
phase5_main_matrix,hotpotqa__bge_dense__seed13__poison_no_gate,Clean_F1,,,true
phase5_main_matrix,hotpotqa__bge_dense__seed13__poison_no_gate,ASR,0.45666666666666667,0.45666666666666667,true
phase5_main_matrix,hotpotqa__bge_dense__seed13__poison_no_gate,ambiguous_rate,0.03333333333333333,0.03333333333333333,true
phase5_main_matrix,hotpotqa__bge_dense__seed13__poison_no_gate,TPR,,,true
phase5_main_matrix,hotpotqa__bge_dense__seed13__poison_no_gate,FPR,,,true
phase5_main_matrix,hotpotqa__bge_dense__seed13__poison_no_gate,PoisonPresence@5,0.97,0.97,true
phase5_main_matrix,hotpotqa__bge_dense__seed13__poison_no_gate,PoisonFraction@5,0.6946666666666668,0.6946666666666668,true
phase5_main_matrix,hotpotqa__bge_dense__seed13__poison_no_gate,TargetPoisonPresence@5,0.97,0.97,true
phase5_main_matrix,hotpotqa__bge_dense__seed13__poison_no_gate,TargetPoisonFraction@5,0.6946666666666668,0.6946666666666668,true
phase5_main_matrix,hotpotqa__bge_dense__seed13__poison_no_gate,avg_context_count,5,5,true
phase5_main_matrix,hotpotqa__bge_dense__seed13__poison_no_gate,gate_inputs,0,0,true
phase5_main_matrix,hotpotqa__bge_dense__seed13__poison_no_gate,gate_clean_inputs,0,0,true
phase5_main_matrix,hotpotqa__bge_dense__seed13__poison_no_gate,gate_poison_inputs,0,0,true
phase5_main_matrix,hotpotqa__bge_dense__seed2026__clean_P_gen,num_eval_queries,300,300,true
phase5_main_matrix,hotpotqa__bge_dense__seed2026__clean_P_gen,Clean_EM,0.0033333333333333335,0.0033333333333333335,true
phase5_main_matrix,hotpotqa__bge_dense__seed2026__clean_P_gen,Clean_F1,0.07961575140744886,0.07961575140744886,true
phase5_main_matrix,hotpotqa__bge_dense__seed2026__clean_P_gen,ASR,,,true
phase5_main_matrix,hotpotqa__bge_dense__seed2026__clean_P_gen,ambiguous_rate,,,true
phase5_main_matrix,hotpotqa__bge_dense__seed2026__clean_P_gen,TPR,,,true
phase5_main_matrix,hotpotqa__bge_dense__seed2026__clean_P_gen,FPR,0.22918807810894143,0.22918807810894143,true
phase5_main_matrix,hotpotqa__bge_dense__seed2026__clean_P_gen,PoisonPresence@5,0,0,true
phase5_main_matrix,hotpotqa__bge_dense__seed2026__clean_P_gen,PoisonFraction@5,0,0,true
phase5_main_matrix,hotpotqa__bge_dense__seed2026__clean_P_gen,TargetPoisonPresence@5,0,0,true
phase5_main_matrix,hotpotqa__bge_dense__seed2026__clean_P_gen,TargetPoisonFraction@5,0,0,true
phase5_main_matrix,hotpotqa__bge_dense__seed2026__clean_P_gen,avg_context_count,5,5,true
phase5_main_matrix,hotpotqa__bge_dense__seed2026__clean_P_gen,gate_inputs,1946,1946,true
phase5_main_matrix,hotpotqa__bge_dense__seed2026__clean_P_gen,gate_clean_inputs,1946,1946,true
phase5_main_matrix,hotpotqa__bge_dense__seed2026__clean_P_gen,gate_poison_inputs,0,0,true
phase5_main_matrix,hotpotqa__bge_dense__seed2026__clean_P_ret,num_eval_queries,300,300,true
phase5_main_matrix,hotpotqa__bge_dense__seed2026__clean_P_ret,Clean_EM,0.0033333333333333335,0.0033333333333333335,true
phase5_main_matrix,hotpotqa__bge_dense__seed2026__clean_P_ret,Clean_F1,0.07961575140744886,0.07961575140744886,true
phase5_main_matrix,hotpotqa__bge_dense__seed2026__clean_P_ret,ASR,,,true
phase5_main_matrix,hotpotqa__bge_dense__seed2026__clean_P_ret,ambiguous_rate,,,true
phase5_main_matrix,hotpotqa__bge_dense__seed2026__clean_P_ret,TPR,,,true
phase5_main_matrix,hotpotqa__bge_dense__seed2026__clean_P_ret,FPR,0.05146666666666667,0.05146666666666667,true
phase5_main_matrix,hotpotqa__bge_dense__seed2026__clean_P_ret,PoisonPresence@5,0,0,true
phase5_main_matrix,hotpotqa__bge_dense__seed2026__clean_P_ret,PoisonFraction@5,0,0,true
phase5_main_matrix,hotpotqa__bge_dense__seed2026__clean_P_ret,TargetPoisonPresence@5,0,0,true
phase5_main_matrix,hotpotqa__bge_dense__seed2026__clean_P_ret,TargetPoisonFraction@5,0,0,true
phase5_main_matrix,hotpotqa__bge_dense__seed2026__clean_P_ret,avg_context_count,5,5,true
phase5_main_matrix,hotpotqa__bge_dense__seed2026__clean_P_ret,gate_inputs,15000,15000,true
phase5_main_matrix,hotpotqa__bge_dense__seed2026__clean_P_ret,gate_clean_inputs,15000,15000,true
phase5_main_matrix,hotpotqa__bge_dense__seed2026__clean_P_ret,gate_poison_inputs,0,0,true
phase5_main_matrix,hotpotqa__bge_dense__seed2026__clean_no_gate,num_eval_queries,300,300,true
phase5_main_matrix,hotpotqa__bge_dense__seed2026__clean_no_gate,Clean_EM,0.016666666666666666,0.016666666666666666,true
phase5_main_matrix,hotpotqa__bge_dense__seed2026__clean_no_gate,Clean_F1,0.13987973882504648,0.13987973882504648,true
phase5_main_matrix,hotpotqa__bge_dense__seed2026__clean_no_gate,ASR,,,true
phase5_main_matrix,hotpotqa__bge_dense__seed2026__clean_no_gate,ambiguous_rate,,,true
phase5_main_matrix,hotpotqa__bge_dense__seed2026__clean_no_gate,TPR,,,true
phase5_main_matrix,hotpotqa__bge_dense__seed2026__clean_no_gate,FPR,,,true
phase5_main_matrix,hotpotqa__bge_dense__seed2026__clean_no_gate,PoisonPresence@5,0,0,true
phase5_main_matrix,hotpotqa__bge_dense__seed2026__clean_no_gate,PoisonFraction@5,0,0,true
phase5_main_matrix,hotpotqa__bge_dense__seed2026__clean_no_gate,TargetPoisonPresence@5,0,0,true
phase5_main_matrix,hotpotqa__bge_dense__seed2026__clean_no_gate,TargetPoisonFraction@5,0,0,true
phase5_main_matrix,hotpotqa__bge_dense__seed2026__clean_no_gate,avg_context_count,5,5,true
phase5_main_matrix,hotpotqa__bge_dense__seed2026__clean_no_gate,gate_inputs,0,0,true
phase5_main_matrix,hotpotqa__bge_dense__seed2026__clean_no_gate,gate_clean_inputs,0,0,true
phase5_main_matrix,hotpotqa__bge_dense__seed2026__clean_no_gate,gate_poison_inputs,0,0,true
phase5_main_matrix,hotpotqa__bge_dense__seed2026__poison_P_gen,num_eval_queries,300,300,true
phase5_main_matrix,hotpotqa__bge_dense__seed2026__poison_P_gen,Clean_EM,,,true
phase5_main_matrix,hotpotqa__bge_dense__seed2026__poison_P_gen,Clean_F1,,,true
phase5_main_matrix,hotpotqa__bge_dense__seed2026__poison_P_gen,ASR,0.016666666666666666,0.016666666666666666,true
phase5_main_matrix,hotpotqa__bge_dense__seed2026__poison_P_gen,ambiguous_rate,0.0033333333333333335,0.0033333333333333335,true
phase5_main_matrix,hotpotqa__bge_dense__seed2026__poison_P_gen,TPR,0.9579439252336449,0.9579439252336449,true
phase5_main_matrix,hotpotqa__bge_dense__seed2026__poison_P_gen,FPR,0.23563829787234042,0.23563829787234042,true
phase5_main_matrix,hotpotqa__bge_dense__seed2026__poison_P_gen,PoisonPresence@5,0.05333333333333334,0.05333333333333334,true
phase5_main_matrix,hotpotqa__bge_dense__seed2026__poison_P_gen,PoisonFraction@5,0.042,0.042,true
phase5_main_matrix,hotpotqa__bge_dense__seed2026__poison_P_gen,TargetPoisonPresence@5,0.03333333333333333,0.03333333333333333,true
phase5_main_matrix,hotpotqa__bge_dense__seed2026__poison_P_gen,TargetPoisonFraction@5,0.028,0.028,true
phase5_main_matrix,hotpotqa__bge_dense__seed2026__poison_P_gen,avg_context_count,5,5,true
phase5_main_matrix,hotpotqa__bge_dense__seed2026__poison_P_gen,gate_inputs,3378,3378,true
phase5_main_matrix,hotpotqa__bge_dense__seed2026__poison_P_gen,gate_clean_inputs,1880,1880,true
phase5_main_matrix,hotpotqa__bge_dense__seed2026__poison_P_gen,gate_poison_inputs,1498,1498,true
phase5_main_matrix,hotpotqa__bge_dense__seed2026__poison_P_ret,num_eval_queries,300,300,true
phase5_main_matrix,hotpotqa__bge_dense__seed2026__poison_P_ret,Clean_EM,,,true
phase5_main_matrix,hotpotqa__bge_dense__seed2026__poison_P_ret,Clean_F1,,,true
phase5_main_matrix,hotpotqa__bge_dense__seed2026__poison_P_ret,ASR,0.016666666666666666,0.016666666666666666,true
phase5_main_matrix,hotpotqa__bge_dense__seed2026__poison_P_ret,ambiguous_rate,0.0033333333333333335,0.0033333333333333335,true
phase5_main_matrix,hotpotqa__bge_dense__seed2026__poison_P_ret,TPR,0.8290451686678102,0.8290451686678102,true
phase5_main_matrix,hotpotqa__bge_dense__seed2026__poison_P_ret,FPR,0.0568258999320806,0.0568258999320806,true
phase5_main_matrix,hotpotqa__bge_dense__seed2026__poison_P_ret,PoisonPresence@5,0.05333333333333334,0.05333333333333334,true
phase5_main_matrix,hotpotqa__bge_dense__seed2026__poison_P_ret,PoisonFraction@5,0.042,0.042,true
phase5_main_matrix,hotpotqa__bge_dense__seed2026__poison_P_ret,TargetPoisonPresence@5,0.03333333333333333,0.03333333333333333,true
phase5_main_matrix,hotpotqa__bge_dense__seed2026__poison_P_ret,TargetPoisonFraction@5,0.028,0.028,true
phase5_main_matrix,hotpotqa__bge_dense__seed2026__poison_P_ret,avg_context_count,5,5,true
phase5_main_matrix,hotpotqa__bge_dense__seed2026__poison_P_ret,gate_inputs,15000,15000,true
phase5_main_matrix,hotpotqa__bge_dense__seed2026__poison_P_ret,gate_clean_inputs,13251,13251,true
phase5_main_matrix,hotpotqa__bge_dense__seed2026__poison_P_ret,gate_poison_inputs,1749,1749,true
phase5_main_matrix,hotpotqa__bge_dense__seed2026__poison_no_gate,num_eval_queries,300,300,true
phase5_main_matrix,hotpotqa__bge_dense__seed2026__poison_no_gate,Clean_EM,,,true
phase5_main_matrix,hotpotqa__bge_dense__seed2026__poison_no_gate,Clean_F1,,,true
phase5_main_matrix,hotpotqa__bge_dense__seed2026__poison_no_gate,ASR,0.48,0.48,true
phase5_main_matrix,hotpotqa__bge_dense__seed2026__poison_no_gate,ambiguous_rate,0.006666666666666667,0.006666666666666667,true
phase5_main_matrix,hotpotqa__bge_dense__seed2026__poison_no_gate,TPR,,,true
phase5_main_matrix,hotpotqa__bge_dense__seed2026__poison_no_gate,FPR,,,true
phase5_main_matrix,hotpotqa__bge_dense__seed2026__poison_no_gate,PoisonPresence@5,0.9866666666666667,0.9866666666666667,true
phase5_main_matrix,hotpotqa__bge_dense__seed2026__poison_no_gate,PoisonFraction@5,0.7200000000000005,0.7200000000000005,true
phase5_main_matrix,hotpotqa__bge_dense__seed2026__poison_no_gate,TargetPoisonPresence@5,0.9866666666666667,0.9866666666666667,true
phase5_main_matrix,hotpotqa__bge_dense__seed2026__poison_no_gate,TargetPoisonFraction@5,0.7200000000000005,0.7200000000000005,true
phase5_main_matrix,hotpotqa__bge_dense__seed2026__poison_no_gate,avg_context_count,5,5,true
phase5_main_matrix,hotpotqa__bge_dense__seed2026__poison_no_gate,gate_inputs,0,0,true
phase5_main_matrix,hotpotqa__bge_dense__seed2026__poison_no_gate,gate_clean_inputs,0,0,true
phase5_main_matrix,hotpotqa__bge_dense__seed2026__poison_no_gate,gate_poison_inputs,0,0,true
phase5_main_matrix,hotpotqa__bge_dense__seed42__clean_P_gen,num_eval_queries,300,300,true
phase5_main_matrix,hotpotqa__bge_dense__seed42__clean_P_gen,Clean_EM,0.0033333333333333335,0.0033333333333333335,true
phase5_main_matrix,hotpotqa__bge_dense__seed42__clean_P_gen,Clean_F1,0.07961575140744886,0.07961575140744886,true
phase5_main_matrix,hotpotqa__bge_dense__seed42__clean_P_gen,ASR,,,true
phase5_main_matrix,hotpotqa__bge_dense__seed42__clean_P_gen,ambiguous_rate,,,true
phase5_main_matrix,hotpotqa__bge_dense__seed42__clean_P_gen,TPR,,,true
phase5_main_matrix,hotpotqa__bge_dense__seed42__clean_P_gen,FPR,0.22918807810894143,0.22918807810894143,true
phase5_main_matrix,hotpotqa__bge_dense__seed42__clean_P_gen,PoisonPresence@5,0,0,true
phase5_main_matrix,hotpotqa__bge_dense__seed42__clean_P_gen,PoisonFraction@5,0,0,true
phase5_main_matrix,hotpotqa__bge_dense__seed42__clean_P_gen,TargetPoisonPresence@5,0,0,true
phase5_main_matrix,hotpotqa__bge_dense__seed42__clean_P_gen,TargetPoisonFraction@5,0,0,true
phase5_main_matrix,hotpotqa__bge_dense__seed42__clean_P_gen,avg_context_count,5,5,true
phase5_main_matrix,hotpotqa__bge_dense__seed42__clean_P_gen,gate_inputs,1946,1946,true
phase5_main_matrix,hotpotqa__bge_dense__seed42__clean_P_gen,gate_clean_inputs,1946,1946,true
phase5_main_matrix,hotpotqa__bge_dense__seed42__clean_P_gen,gate_poison_inputs,0,0,true
phase5_main_matrix,hotpotqa__bge_dense__seed42__clean_P_ret,num_eval_queries,300,300,true
phase5_main_matrix,hotpotqa__bge_dense__seed42__clean_P_ret,Clean_EM,0.0033333333333333335,0.0033333333333333335,true
phase5_main_matrix,hotpotqa__bge_dense__seed42__clean_P_ret,Clean_F1,0.07961575140744886,0.07961575140744886,true
phase5_main_matrix,hotpotqa__bge_dense__seed42__clean_P_ret,ASR,,,true
phase5_main_matrix,hotpotqa__bge_dense__seed42__clean_P_ret,ambiguous_rate,,,true
phase5_main_matrix,hotpotqa__bge_dense__seed42__clean_P_ret,TPR,,,true
phase5_main_matrix,hotpotqa__bge_dense__seed42__clean_P_ret,FPR,0.05146666666666667,0.05146666666666667,true
phase5_main_matrix,hotpotqa__bge_dense__seed42__clean_P_ret,PoisonPresence@5,0,0,true
phase5_main_matrix,hotpotqa__bge_dense__seed42__clean_P_ret,PoisonFraction@5,0,0,true
phase5_main_matrix,hotpotqa__bge_dense__seed42__clean_P_ret,TargetPoisonPresence@5,0,0,true
phase5_main_matrix,hotpotqa__bge_dense__seed42__clean_P_ret,TargetPoisonFraction@5,0,0,true
phase5_main_matrix,hotpotqa__bge_dense__seed42__clean_P_ret,avg_context_count,5,5,true
phase5_main_matrix,hotpotqa__bge_dense__seed42__clean_P_ret,gate_inputs,15000,15000,true
phase5_main_matrix,hotpotqa__bge_dense__seed42__clean_P_ret,gate_clean_inputs,15000,15000,true
phase5_main_matrix,hotpotqa__bge_dense__seed42__clean_P_ret,gate_poison_inputs,0,0,true
phase5_main_matrix,hotpotqa__bge_dense__seed42__clean_no_gate,num_eval_queries,300,300,true
phase5_main_matrix,hotpotqa__bge_dense__seed42__clean_no_gate,Clean_EM,0.016666666666666666,0.016666666666666666,true
phase5_main_matrix,hotpotqa__bge_dense__seed42__clean_no_gate,Clean_F1,0.13987973882504648,0.13987973882504648,true
phase5_main_matrix,hotpotqa__bge_dense__seed42__clean_no_gate,ASR,,,true
phase5_main_matrix,hotpotqa__bge_dense__seed42__clean_no_gate,ambiguous_rate,,,true
phase5_main_matrix,hotpotqa__bge_dense__seed42__clean_no_gate,TPR,,,true
phase5_main_matrix,hotpotqa__bge_dense__seed42__clean_no_gate,FPR,,,true
phase5_main_matrix,hotpotqa__bge_dense__seed42__clean_no_gate,PoisonPresence@5,0,0,true
phase5_main_matrix,hotpotqa__bge_dense__seed42__clean_no_gate,PoisonFraction@5,0,0,true
phase5_main_matrix,hotpotqa__bge_dense__seed42__clean_no_gate,TargetPoisonPresence@5,0,0,true
phase5_main_matrix,hotpotqa__bge_dense__seed42__clean_no_gate,TargetPoisonFraction@5,0,0,true
phase5_main_matrix,hotpotqa__bge_dense__seed42__clean_no_gate,avg_context_count,5,5,true
phase5_main_matrix,hotpotqa__bge_dense__seed42__clean_no_gate,gate_inputs,0,0,true
phase5_main_matrix,hotpotqa__bge_dense__seed42__clean_no_gate,gate_clean_inputs,0,0,true
phase5_main_matrix,hotpotqa__bge_dense__seed42__clean_no_gate,gate_poison_inputs,0,0,true
phase5_main_matrix,hotpotqa__bge_dense__seed42__poison_P_gen,num_eval_queries,300,300,true
phase5_main_matrix,hotpotqa__bge_dense__seed42__poison_P_gen,Clean_EM,,,true
phase5_main_matrix,hotpotqa__bge_dense__seed42__poison_P_gen,Clean_F1,,,true
phase5_main_matrix,hotpotqa__bge_dense__seed42__poison_P_gen,ASR,0.013333333333333334,0.013333333333333334,true
phase5_main_matrix,hotpotqa__bge_dense__seed42__poison_P_gen,ambiguous_rate,0.006666666666666667,0.006666666666666667,true
phase5_main_matrix,hotpotqa__bge_dense__seed42__poison_P_gen,TPR,0.9696969696969697,0.9696969696969697,true
phase5_main_matrix,hotpotqa__bge_dense__seed42__poison_P_gen,FPR,0.23622047244094488,0.23622047244094488,true
phase5_main_matrix,hotpotqa__bge_dense__seed42__poison_P_gen,PoisonPresence@5,0.04,0.04,true
phase5_main_matrix,hotpotqa__bge_dense__seed42__poison_P_gen,PoisonFraction@5,0.03,0.03,true
phase5_main_matrix,hotpotqa__bge_dense__seed42__poison_P_gen,TargetPoisonPresence@5,0.02666666666666667,0.02666666666666667,true
phase5_main_matrix,hotpotqa__bge_dense__seed42__poison_P_gen,TargetPoisonFraction@5,0.020666666666666663,0.020666666666666663,true
phase5_main_matrix,hotpotqa__bge_dense__seed42__poison_P_gen,avg_context_count,5,5,true
phase5_main_matrix,hotpotqa__bge_dense__seed42__poison_P_gen,gate_inputs,3390,3390,true
phase5_main_matrix,hotpotqa__bge_dense__seed42__poison_P_gen,gate_clean_inputs,1905,1905,true
phase5_main_matrix,hotpotqa__bge_dense__seed42__poison_P_gen,gate_poison_inputs,1485,1485,true
phase5_main_matrix,hotpotqa__bge_dense__seed42__poison_P_ret,num_eval_queries,300,300,true
phase5_main_matrix,hotpotqa__bge_dense__seed42__poison_P_ret,Clean_EM,,,true
phase5_main_matrix,hotpotqa__bge_dense__seed42__poison_P_ret,Clean_F1,,,true
phase5_main_matrix,hotpotqa__bge_dense__seed42__poison_P_ret,ASR,0.013333333333333334,0.013333333333333334,true
phase5_main_matrix,hotpotqa__bge_dense__seed42__poison_P_ret,ambiguous_rate,0.006666666666666667,0.006666666666666667,true
phase5_main_matrix,hotpotqa__bge_dense__seed42__poison_P_ret,TPR,0.8300170551449687,0.8300170551449687,true
phase5_main_matrix,hotpotqa__bge_dense__seed42__poison_P_ret,FPR,0.057095385544898423,0.057095385544898423,true
phase5_main_matrix,hotpotqa__bge_dense__seed42__poison_P_ret,PoisonPresence@5,0.04,0.04,true
phase5_main_matrix,hotpotqa__bge_dense__seed42__poison_P_ret,PoisonFraction@5,0.03,0.03,true
phase5_main_matrix,hotpotqa__bge_dense__seed42__poison_P_ret,TargetPoisonPresence@5,0.02666666666666667,0.02666666666666667,true
phase5_main_matrix,hotpotqa__bge_dense__seed42__poison_P_ret,TargetPoisonFraction@5,0.020666666666666663,0.020666666666666663,true
phase5_main_matrix,hotpotqa__bge_dense__seed42__poison_P_ret,avg_context_count,5,5,true
phase5_main_matrix,hotpotqa__bge_dense__seed42__poison_P_ret,gate_inputs,15000,15000,true
phase5_main_matrix,hotpotqa__bge_dense__seed42__poison_P_ret,gate_clean_inputs,13241,13241,true
phase5_main_matrix,hotpotqa__bge_dense__seed42__poison_P_ret,gate_poison_inputs,1759,1759,true
phase5_main_matrix,hotpotqa__bge_dense__seed42__poison_no_gate,num_eval_queries,300,300,true
phase5_main_matrix,hotpotqa__bge_dense__seed42__poison_no_gate,Clean_EM,,,true
phase5_main_matrix,hotpotqa__bge_dense__seed42__poison_no_gate,Clean_F1,,,true
phase5_main_matrix,hotpotqa__bge_dense__seed42__poison_no_gate,ASR,0.46,0.46,true
phase5_main_matrix,hotpotqa__bge_dense__seed42__poison_no_gate,ambiguous_rate,0.02666666666666667,0.02666666666666667,true
phase5_main_matrix,hotpotqa__bge_dense__seed42__poison_no_gate,TPR,,,true
phase5_main_matrix,hotpotqa__bge_dense__seed42__poison_no_gate,FPR,,,true
phase5_main_matrix,hotpotqa__bge_dense__seed42__poison_no_gate,PoisonPresence@5,0.9766666666666667,0.9766666666666667,true
phase5_main_matrix,hotpotqa__bge_dense__seed42__poison_no_gate,PoisonFraction@5,0.7240000000000003,0.7240000000000003,true
phase5_main_matrix,hotpotqa__bge_dense__seed42__poison_no_gate,TargetPoisonPresence@5,0.9766666666666667,0.9766666666666667,true
phase5_main_matrix,hotpotqa__bge_dense__seed42__poison_no_gate,TargetPoisonFraction@5,0.7240000000000003,0.7240000000000003,true
phase5_main_matrix,hotpotqa__bge_dense__seed42__poison_no_gate,avg_context_count,5,5,true
phase5_main_matrix,hotpotqa__bge_dense__seed42__poison_no_gate,gate_inputs,0,0,true
phase5_main_matrix,hotpotqa__bge_dense__seed42__poison_no_gate,gate_clean_inputs,0,0,true
phase5_main_matrix,hotpotqa__bge_dense__seed42__poison_no_gate,gate_poison_inputs,0,0,true
phase5_main_matrix,hotpotqa__bm25__seed13__clean_P_gen,num_eval_queries,300,300,true
phase5_main_matrix,hotpotqa__bm25__seed13__clean_P_gen,Clean_EM,0.01,0.01,true
phase5_main_matrix,hotpotqa__bm25__seed13__clean_P_gen,Clean_F1,0.09446483427336859,0.09446483427336859,true
phase5_main_matrix,hotpotqa__bm25__seed13__clean_P_gen,ASR,,,true
phase5_main_matrix,hotpotqa__bm25__seed13__clean_P_gen,ambiguous_rate,,,true
phase5_main_matrix,hotpotqa__bm25__seed13__clean_P_gen,TPR,,,true
phase5_main_matrix,hotpotqa__bm25__seed13__clean_P_gen,FPR,0.19700214132762311,0.19700214132762311,true
phase5_main_matrix,hotpotqa__bm25__seed13__clean_P_gen,PoisonPresence@5,0,0,true
phase5_main_matrix,hotpotqa__bm25__seed13__clean_P_gen,PoisonFraction@5,0,0,true
phase5_main_matrix,hotpotqa__bm25__seed13__clean_P_gen,TargetPoisonPresence@5,0,0,true
phase5_main_matrix,hotpotqa__bm25__seed13__clean_P_gen,TargetPoisonFraction@5,0,0,true
phase5_main_matrix,hotpotqa__bm25__seed13__clean_P_gen,avg_context_count,5,5,true
phase5_main_matrix,hotpotqa__bm25__seed13__clean_P_gen,gate_inputs,1868,1868,true
phase5_main_matrix,hotpotqa__bm25__seed13__clean_P_gen,gate_clean_inputs,1868,1868,true
phase5_main_matrix,hotpotqa__bm25__seed13__clean_P_gen,gate_poison_inputs,0,0,true
phase5_main_matrix,hotpotqa__bm25__seed13__clean_P_ret,num_eval_queries,300,300,true
phase5_main_matrix,hotpotqa__bm25__seed13__clean_P_ret,Clean_EM,0.01,0.01,true
phase5_main_matrix,hotpotqa__bm25__seed13__clean_P_ret,Clean_F1,0.09446483427336859,0.09446483427336859,true
phase5_main_matrix,hotpotqa__bm25__seed13__clean_P_ret,ASR,,,true
phase5_main_matrix,hotpotqa__bm25__seed13__clean_P_ret,ambiguous_rate,,,true
phase5_main_matrix,hotpotqa__bm25__seed13__clean_P_ret,TPR,,,true
phase5_main_matrix,hotpotqa__bm25__seed13__clean_P_ret,FPR,0.0478,0.0478,true
phase5_main_matrix,hotpotqa__bm25__seed13__clean_P_ret,PoisonPresence@5,0,0,true
phase5_main_matrix,hotpotqa__bm25__seed13__clean_P_ret,PoisonFraction@5,0,0,true
phase5_main_matrix,hotpotqa__bm25__seed13__clean_P_ret,TargetPoisonPresence@5,0,0,true
phase5_main_matrix,hotpotqa__bm25__seed13__clean_P_ret,TargetPoisonFraction@5,0,0,true
phase5_main_matrix,hotpotqa__bm25__seed13__clean_P_ret,avg_context_count,5,5,true
phase5_main_matrix,hotpotqa__bm25__seed13__clean_P_ret,gate_inputs,15000,15000,true
phase5_main_matrix,hotpotqa__bm25__seed13__clean_P_ret,gate_clean_inputs,15000,15000,true
phase5_main_matrix,hotpotqa__bm25__seed13__clean_P_ret,gate_poison_inputs,0,0,true
phase5_main_matrix,hotpotqa__bm25__seed13__clean_no_gate,num_eval_queries,300,300,true
phase5_main_matrix,hotpotqa__bm25__seed13__clean_no_gate,Clean_EM,0.02,0.02,true
phase5_main_matrix,hotpotqa__bm25__seed13__clean_no_gate,Clean_F1,0.14602016492954206,0.14602016492954206,true
phase5_main_matrix,hotpotqa__bm25__seed13__clean_no_gate,ASR,,,true
phase5_main_matrix,hotpotqa__bm25__seed13__clean_no_gate,ambiguous_rate,,,true
phase5_main_matrix,hotpotqa__bm25__seed13__clean_no_gate,TPR,,,true
phase5_main_matrix,hotpotqa__bm25__seed13__clean_no_gate,FPR,,,true
phase5_main_matrix,hotpotqa__bm25__seed13__clean_no_gate,PoisonPresence@5,0,0,true
phase5_main_matrix,hotpotqa__bm25__seed13__clean_no_gate,PoisonFraction@5,0,0,true
phase5_main_matrix,hotpotqa__bm25__seed13__clean_no_gate,TargetPoisonPresence@5,0,0,true
phase5_main_matrix,hotpotqa__bm25__seed13__clean_no_gate,TargetPoisonFraction@5,0,0,true
phase5_main_matrix,hotpotqa__bm25__seed13__clean_no_gate,avg_context_count,5,5,true
phase5_main_matrix,hotpotqa__bm25__seed13__clean_no_gate,gate_inputs,0,0,true
phase5_main_matrix,hotpotqa__bm25__seed13__clean_no_gate,gate_clean_inputs,0,0,true
phase5_main_matrix,hotpotqa__bm25__seed13__clean_no_gate,gate_poison_inputs,0,0,true
phase5_main_matrix,hotpotqa__bm25__seed13__poison_P_gen,num_eval_queries,300,300,true
phase5_main_matrix,hotpotqa__bm25__seed13__poison_P_gen,Clean_EM,,,true
phase5_main_matrix,hotpotqa__bm25__seed13__poison_P_gen,Clean_F1,,,true
phase5_main_matrix,hotpotqa__bm25__seed13__poison_P_gen,ASR,0.006666666666666667,0.006666666666666667,true
phase5_main_matrix,hotpotqa__bm25__seed13__poison_P_gen,ambiguous_rate,0,0,true
phase5_main_matrix,hotpotqa__bm25__seed13__poison_P_gen,TPR,0.9713168187744459,0.9713168187744459,true
phase5_main_matrix,hotpotqa__bm25__seed13__poison_P_gen,FPR,0.20087815587266739,0.20087815587266739,true
phase5_main_matrix,hotpotqa__bm25__seed13__poison_P_gen,PoisonPresence@5,0.04666666666666667,0.04666666666666667,true
phase5_main_matrix,hotpotqa__bm25__seed13__poison_P_gen,PoisonFraction@5,0.029333333333333336,0.029333333333333336,true
phase5_main_matrix,hotpotqa__bm25__seed13__poison_P_gen,TargetPoisonPresence@5,0,0,true
phase5_main_matrix,hotpotqa__bm25__seed13__poison_P_gen,TargetPoisonFraction@5,0,0,true
phase5_main_matrix,hotpotqa__bm25__seed13__poison_P_gen,avg_context_count,5,5,true
phase5_main_matrix,hotpotqa__bm25__seed13__poison_P_gen,gate_inputs,3356,3356,true
phase5_main_matrix,hotpotqa__bm25__seed13__poison_P_gen,gate_clean_inputs,1822,1822,true
phase5_main_matrix,hotpotqa__bm25__seed13__poison_P_gen,gate_poison_inputs,1534,1534,true
phase5_main_matrix,hotpotqa__bm25__seed13__poison_P_ret,num_eval_queries,300,300,true
phase5_main_matrix,hotpotqa__bm25__seed13__poison_P_ret,Clean_EM,,,true
phase5_main_matrix,hotpotqa__bm25__seed13__poison_P_ret,Clean_F1,,,true
phase5_main_matrix,hotpotqa__bm25__seed13__poison_P_ret,ASR,0.006666666666666667,0.006666666666666667,true
phase5_main_matrix,hotpotqa__bm25__seed13__poison_P_ret,ambiguous_rate,0,0,true
phase5_main_matrix,hotpotqa__bm25__seed13__poison_P_ret,TPR,0.7048872180451128,0.7048872180451128,true
phase5_main_matrix,hotpotqa__bm25__seed13__poison_P_ret,FPR,0.05368241143567433,0.05368241143567433,true
phase5_main_matrix,hotpotqa__bm25__seed13__poison_P_ret,PoisonPresence@5,0.04666666666666667,0.04666666666666667,true
phase5_main_matrix,hotpotqa__bm25__seed13__poison_P_ret,PoisonFraction@5,0.029333333333333336,0.029333333333333336,true
phase5_main_matrix,hotpotqa__bm25__seed13__poison_P_ret,TargetPoisonPresence@5,0,0,true
phase5_main_matrix,hotpotqa__bm25__seed13__poison_P_ret,TargetPoisonFraction@5,0,0,true
phase5_main_matrix,hotpotqa__bm25__seed13__poison_P_ret,avg_context_count,5,5,true
phase5_main_matrix,hotpotqa__bm25__seed13__poison_P_ret,gate_inputs,15000,15000,true
phase5_main_matrix,hotpotqa__bm25__seed13__poison_P_ret,gate_clean_inputs,12872,12872,true
phase5_main_matrix,hotpotqa__bm25__seed13__poison_P_ret,gate_poison_inputs,2128,2128,true
phase5_main_matrix,hotpotqa__bm25__seed13__poison_no_gate,num_eval_queries,300,300,true
phase5_main_matrix,hotpotqa__bm25__seed13__poison_no_gate,Clean_EM,,,true
phase5_main_matrix,hotpotqa__bm25__seed13__poison_no_gate,Clean_F1,,,true
phase5_main_matrix,hotpotqa__bm25__seed13__poison_no_gate,ASR,0.4666666666666667,0.4666666666666667,true
phase5_main_matrix,hotpotqa__bm25__seed13__poison_no_gate,ambiguous_rate,0.03333333333333333,0.03333333333333333,true
phase5_main_matrix,hotpotqa__bm25__seed13__poison_no_gate,TPR,,,true
phase5_main_matrix,hotpotqa__bm25__seed13__poison_no_gate,FPR,,,true
phase5_main_matrix,hotpotqa__bm25__seed13__poison_no_gate,PoisonPresence@5,0.99,0.99,true
phase5_main_matrix,hotpotqa__bm25__seed13__poison_no_gate,PoisonFraction@5,0.7086666666666668,0.7086666666666668,true
phase5_main_matrix,hotpotqa__bm25__seed13__poison_no_gate,TargetPoisonPresence@5,0.99,0.99,true
phase5_main_matrix,hotpotqa__bm25__seed13__poison_no_gate,TargetPoisonFraction@5,0.7086666666666668,0.7086666666666668,true
phase5_main_matrix,hotpotqa__bm25__seed13__poison_no_gate,avg_context_count,5,5,true
phase5_main_matrix,hotpotqa__bm25__seed13__poison_no_gate,gate_inputs,0,0,true
phase5_main_matrix,hotpotqa__bm25__seed13__poison_no_gate,gate_clean_inputs,0,0,true
phase5_main_matrix,hotpotqa__bm25__seed13__poison_no_gate,gate_poison_inputs,0,0,true
phase5_main_matrix,hotpotqa__bm25__seed2026__clean_P_gen,num_eval_queries,300,300,true
phase5_main_matrix,hotpotqa__bm25__seed2026__clean_P_gen,Clean_EM,0.01,0.01,true
phase5_main_matrix,hotpotqa__bm25__seed2026__clean_P_gen,Clean_F1,0.09446483427336859,0.09446483427336859,true
phase5_main_matrix,hotpotqa__bm25__seed2026__clean_P_gen,ASR,,,true
phase5_main_matrix,hotpotqa__bm25__seed2026__clean_P_gen,ambiguous_rate,,,true
phase5_main_matrix,hotpotqa__bm25__seed2026__clean_P_gen,TPR,,,true
phase5_main_matrix,hotpotqa__bm25__seed2026__clean_P_gen,FPR,0.19700214132762311,0.19700214132762311,true
phase5_main_matrix,hotpotqa__bm25__seed2026__clean_P_gen,PoisonPresence@5,0,0,true
phase5_main_matrix,hotpotqa__bm25__seed2026__clean_P_gen,PoisonFraction@5,0,0,true
phase5_main_matrix,hotpotqa__bm25__seed2026__clean_P_gen,TargetPoisonPresence@5,0,0,true
phase5_main_matrix,hotpotqa__bm25__seed2026__clean_P_gen,TargetPoisonFraction@5,0,0,true
phase5_main_matrix,hotpotqa__bm25__seed2026__clean_P_gen,avg_context_count,5,5,true
phase5_main_matrix,hotpotqa__bm25__seed2026__clean_P_gen,gate_inputs,1868,1868,true
phase5_main_matrix,hotpotqa__bm25__seed2026__clean_P_gen,gate_clean_inputs,1868,1868,true
phase5_main_matrix,hotpotqa__bm25__seed2026__clean_P_gen,gate_poison_inputs,0,0,true
phase5_main_matrix,hotpotqa__bm25__seed2026__clean_P_ret,num_eval_queries,300,300,true
phase5_main_matrix,hotpotqa__bm25__seed2026__clean_P_ret,Clean_EM,0.01,0.01,true
phase5_main_matrix,hotpotqa__bm25__seed2026__clean_P_ret,Clean_F1,0.09446483427336859,0.09446483427336859,true
phase5_main_matrix,hotpotqa__bm25__seed2026__clean_P_ret,ASR,,,true
phase5_main_matrix,hotpotqa__bm25__seed2026__clean_P_ret,ambiguous_rate,,,true
phase5_main_matrix,hotpotqa__bm25__seed2026__clean_P_ret,TPR,,,true
phase5_main_matrix,hotpotqa__bm25__seed2026__clean_P_ret,FPR,0.0478,0.0478,true
phase5_main_matrix,hotpotqa__bm25__seed2026__clean_P_ret,PoisonPresence@5,0,0,true
phase5_main_matrix,hotpotqa__bm25__seed2026__clean_P_ret,PoisonFraction@5,0,0,true
phase5_main_matrix,hotpotqa__bm25__seed2026__clean_P_ret,TargetPoisonPresence@5,0,0,true
phase5_main_matrix,hotpotqa__bm25__seed2026__clean_P_ret,TargetPoisonFraction@5,0,0,true
phase5_main_matrix,hotpotqa__bm25__seed2026__clean_P_ret,avg_context_count,5,5,true
phase5_main_matrix,hotpotqa__bm25__seed2026__clean_P_ret,gate_inputs,15000,15000,true
phase5_main_matrix,hotpotqa__bm25__seed2026__clean_P_ret,gate_clean_inputs,15000,15000,true
phase5_main_matrix,hotpotqa__bm25__seed2026__clean_P_ret,gate_poison_inputs,0,0,true
phase5_main_matrix,hotpotqa__bm25__seed2026__clean_no_gate,num_eval_queries,300,300,true
phase5_main_matrix,hotpotqa__bm25__seed2026__clean_no_gate,Clean_EM,0.02,0.02,true
phase5_main_matrix,hotpotqa__bm25__seed2026__clean_no_gate,Clean_F1,0.14602016492954206,0.14602016492954206,true
phase5_main_matrix,hotpotqa__bm25__seed2026__clean_no_gate,ASR,,,true
phase5_main_matrix,hotpotqa__bm25__seed2026__clean_no_gate,ambiguous_rate,,,true
phase5_main_matrix,hotpotqa__bm25__seed2026__clean_no_gate,TPR,,,true
phase5_main_matrix,hotpotqa__bm25__seed2026__clean_no_gate,FPR,,,true
phase5_main_matrix,hotpotqa__bm25__seed2026__clean_no_gate,PoisonPresence@5,0,0,true
phase5_main_matrix,hotpotqa__bm25__seed2026__clean_no_gate,PoisonFraction@5,0,0,true
phase5_main_matrix,hotpotqa__bm25__seed2026__clean_no_gate,TargetPoisonPresence@5,0,0,true
phase5_main_matrix,hotpotqa__bm25__seed2026__clean_no_gate,TargetPoisonFraction@5,0,0,true
phase5_main_matrix,hotpotqa__bm25__seed2026__clean_no_gate,avg_context_count,5,5,true
phase5_main_matrix,hotpotqa__bm25__seed2026__clean_no_gate,gate_inputs,0,0,true
phase5_main_matrix,hotpotqa__bm25__seed2026__clean_no_gate,gate_clean_inputs,0,0,true
phase5_main_matrix,hotpotqa__bm25__seed2026__clean_no_gate,gate_poison_inputs,0,0,true
phase5_main_matrix,hotpotqa__bm25__seed2026__poison_P_gen,num_eval_queries,300,300,true
phase5_main_matrix,hotpotqa__bm25__seed2026__poison_P_gen,Clean_EM,,,true
phase5_main_matrix,hotpotqa__bm25__seed2026__poison_P_gen,Clean_F1,,,true
phase5_main_matrix,hotpotqa__bm25__seed2026__poison_P_gen,ASR,0,0,true
phase5_main_matrix,hotpotqa__bm25__seed2026__poison_P_gen,ambiguous_rate,0,0,true
phase5_main_matrix,hotpotqa__bm25__seed2026__poison_P_gen,TPR,0.9638942617666022,0.9638942617666022,true
phase5_main_matrix,hotpotqa__bm25__seed2026__poison_P_gen,FPR,0.2017689331122167,0.2017689331122167,true
phase5_main_matrix,hotpotqa__bm25__seed2026__poison_P_gen,PoisonPresence@5,0.056666666666666664,0.056666666666666664,true
phase5_main_matrix,hotpotqa__bm25__seed2026__poison_P_gen,PoisonFraction@5,0.03733333333333333,0.03733333333333333,true
phase5_main_matrix,hotpotqa__bm25__seed2026__poison_P_gen,TargetPoisonPresence@5,0,0,true
phase5_main_matrix,hotpotqa__bm25__seed2026__poison_P_gen,TargetPoisonFraction@5,0,0,true
phase5_main_matrix,hotpotqa__bm25__seed2026__poison_P_gen,avg_context_count,5,5,true
phase5_main_matrix,hotpotqa__bm25__seed2026__poison_P_gen,gate_inputs,3360,3360,true
phase5_main_matrix,hotpotqa__bm25__seed2026__poison_P_gen,gate_clean_inputs,1809,1809,true
phase5_main_matrix,hotpotqa__bm25__seed2026__poison_P_gen,gate_poison_inputs,1551,1551,true
phase5_main_matrix,hotpotqa__bm25__seed2026__poison_P_ret,num_eval_queries,300,300,true
phase5_main_matrix,hotpotqa__bm25__seed2026__poison_P_ret,Clean_EM,,,true
phase5_main_matrix,hotpotqa__bm25__seed2026__poison_P_ret,Clean_F1,,,true
phase5_main_matrix,hotpotqa__bm25__seed2026__poison_P_ret,ASR,0,0,true
phase5_main_matrix,hotpotqa__bm25__seed2026__poison_P_ret,ambiguous_rate,0,0,true
phase5_main_matrix,hotpotqa__bm25__seed2026__poison_P_ret,TPR,0.6843065693430657,0.6843065693430657,true
phase5_main_matrix,hotpotqa__bm25__seed2026__poison_P_ret,FPR,0.05363835103060587,0.05363835103060587,true
phase5_main_matrix,hotpotqa__bm25__seed2026__poison_P_ret,PoisonPresence@5,0.056666666666666664,0.056666666666666664,true
phase5_main_matrix,hotpotqa__bm25__seed2026__poison_P_ret,PoisonFraction@5,0.03733333333333333,0.03733333333333333,true
phase5_main_matrix,hotpotqa__bm25__seed2026__poison_P_ret,TargetPoisonPresence@5,0,0,true
phase5_main_matrix,hotpotqa__bm25__seed2026__poison_P_ret,TargetPoisonFraction@5,0,0,true
phase5_main_matrix,hotpotqa__bm25__seed2026__poison_P_ret,avg_context_count,5,5,true
phase5_main_matrix,hotpotqa__bm25__seed2026__poison_P_ret,gate_inputs,15000,15000,true
phase5_main_matrix,hotpotqa__bm25__seed2026__poison_P_ret,gate_clean_inputs,12808,12808,true
phase5_main_matrix,hotpotqa__bm25__seed2026__poison_P_ret,gate_poison_inputs,2192,2192,true
phase5_main_matrix,hotpotqa__bm25__seed2026__poison_no_gate,num_eval_queries,300,300,true
phase5_main_matrix,hotpotqa__bm25__seed2026__poison_no_gate,Clean_EM,,,true
phase5_main_matrix,hotpotqa__bm25__seed2026__poison_no_gate,Clean_F1,,,true
phase5_main_matrix,hotpotqa__bm25__seed2026__poison_no_gate,ASR,0.48,0.48,true
phase5_main_matrix,hotpotqa__bm25__seed2026__poison_no_gate,ambiguous_rate,0.006666666666666667,0.006666666666666667,true
phase5_main_matrix,hotpotqa__bm25__seed2026__poison_no_gate,TPR,,,true
phase5_main_matrix,hotpotqa__bm25__seed2026__poison_no_gate,FPR,,,true
phase5_main_matrix,hotpotqa__bm25__seed2026__poison_no_gate,PoisonPresence@5,0.9933333333333333,0.9933333333333333,true
phase5_main_matrix,hotpotqa__bm25__seed2026__poison_no_gate,PoisonFraction@5,0.7313333333333338,0.7313333333333338,true
phase5_main_matrix,hotpotqa__bm25__seed2026__poison_no_gate,TargetPoisonPresence@5,0.9933333333333333,0.9933333333333333,true
phase5_main_matrix,hotpotqa__bm25__seed2026__poison_no_gate,TargetPoisonFraction@5,0.7313333333333338,0.7313333333333338,true
phase5_main_matrix,hotpotqa__bm25__seed2026__poison_no_gate,avg_context_count,5,5,true
phase5_main_matrix,hotpotqa__bm25__seed2026__poison_no_gate,gate_inputs,0,0,true
phase5_main_matrix,hotpotqa__bm25__seed2026__poison_no_gate,gate_clean_inputs,0,0,true
phase5_main_matrix,hotpotqa__bm25__seed2026__poison_no_gate,gate_poison_inputs,0,0,true
phase5_main_matrix,hotpotqa__bm25__seed42__clean_P_gen,num_eval_queries,300,300,true
phase5_main_matrix,hotpotqa__bm25__seed42__clean_P_gen,Clean_EM,0.01,0.01,true
phase5_main_matrix,hotpotqa__bm25__seed42__clean_P_gen,Clean_F1,0.09446483427336859,0.09446483427336859,true
phase5_main_matrix,hotpotqa__bm25__seed42__clean_P_gen,ASR,,,true
phase5_main_matrix,hotpotqa__bm25__seed42__clean_P_gen,ambiguous_rate,,,true
phase5_main_matrix,hotpotqa__bm25__seed42__clean_P_gen,TPR,,,true
phase5_main_matrix,hotpotqa__bm25__seed42__clean_P_gen,FPR,0.19700214132762311,0.19700214132762311,true
phase5_main_matrix,hotpotqa__bm25__seed42__clean_P_gen,PoisonPresence@5,0,0,true
phase5_main_matrix,hotpotqa__bm25__seed42__clean_P_gen,PoisonFraction@5,0,0,true
phase5_main_matrix,hotpotqa__bm25__seed42__clean_P_gen,TargetPoisonPresence@5,0,0,true
phase5_main_matrix,hotpotqa__bm25__seed42__clean_P_gen,TargetPoisonFraction@5,0,0,true
phase5_main_matrix,hotpotqa__bm25__seed42__clean_P_gen,avg_context_count,5,5,true
phase5_main_matrix,hotpotqa__bm25__seed42__clean_P_gen,gate_inputs,1868,1868,true
phase5_main_matrix,hotpotqa__bm25__seed42__clean_P_gen,gate_clean_inputs,1868,1868,true
phase5_main_matrix,hotpotqa__bm25__seed42__clean_P_gen,gate_poison_inputs,0,0,true
phase5_main_matrix,hotpotqa__bm25__seed42__clean_P_ret,num_eval_queries,300,300,true
phase5_main_matrix,hotpotqa__bm25__seed42__clean_P_ret,Clean_EM,0.01,0.01,true
phase5_main_matrix,hotpotqa__bm25__seed42__clean_P_ret,Clean_F1,0.09446483427336859,0.09446483427336859,true
phase5_main_matrix,hotpotqa__bm25__seed42__clean_P_ret,ASR,,,true
phase5_main_matrix,hotpotqa__bm25__seed42__clean_P_ret,ambiguous_rate,,,true
phase5_main_matrix,hotpotqa__bm25__seed42__clean_P_ret,TPR,,,true
phase5_main_matrix,hotpotqa__bm25__seed42__clean_P_ret,FPR,0.0478,0.0478,true
phase5_main_matrix,hotpotqa__bm25__seed42__clean_P_ret,PoisonPresence@5,0,0,true
phase5_main_matrix,hotpotqa__bm25__seed42__clean_P_ret,PoisonFraction@5,0,0,true
phase5_main_matrix,hotpotqa__bm25__seed42__clean_P_ret,TargetPoisonPresence@5,0,0,true
phase5_main_matrix,hotpotqa__bm25__seed42__clean_P_ret,TargetPoisonFraction@5,0,0,true
phase5_main_matrix,hotpotqa__bm25__seed42__clean_P_ret,avg_context_count,5,5,true
phase5_main_matrix,hotpotqa__bm25__seed42__clean_P_ret,gate_inputs,15000,15000,true
phase5_main_matrix,hotpotqa__bm25__seed42__clean_P_ret,gate_clean_inputs,15000,15000,true
phase5_main_matrix,hotpotqa__bm25__seed42__clean_P_ret,gate_poison_inputs,0,0,true
phase5_main_matrix,hotpotqa__bm25__seed42__clean_no_gate,num_eval_queries,300,300,true
phase5_main_matrix,hotpotqa__bm25__seed42__clean_no_gate,Clean_EM,0.02,0.02,true
phase5_main_matrix,hotpotqa__bm25__seed42__clean_no_gate,Clean_F1,0.14602016492954206,0.14602016492954206,true
phase5_main_matrix,hotpotqa__bm25__seed42__clean_no_gate,ASR,,,true
phase5_main_matrix,hotpotqa__bm25__seed42__clean_no_gate,ambiguous_rate,,,true
phase5_main_matrix,hotpotqa__bm25__seed42__clean_no_gate,TPR,,,true
phase5_main_matrix,hotpotqa__bm25__seed42__clean_no_gate,FPR,,,true
phase5_main_matrix,hotpotqa__bm25__seed42__clean_no_gate,PoisonPresence@5,0,0,true
phase5_main_matrix,hotpotqa__bm25__seed42__clean_no_gate,PoisonFraction@5,0,0,true
phase5_main_matrix,hotpotqa__bm25__seed42__clean_no_gate,TargetPoisonPresence@5,0,0,true
phase5_main_matrix,hotpotqa__bm25__seed42__clean_no_gate,TargetPoisonFraction@5,0,0,true
phase5_main_matrix,hotpotqa__bm25__seed42__clean_no_gate,avg_context_count,5,5,true
phase5_main_matrix,hotpotqa__bm25__seed42__clean_no_gate,gate_inputs,0,0,true
phase5_main_matrix,hotpotqa__bm25__seed42__clean_no_gate,gate_clean_inputs,0,0,true
phase5_main_matrix,hotpotqa__bm25__seed42__clean_no_gate,gate_poison_inputs,0,0,true
phase5_main_matrix,hotpotqa__bm25__seed42__poison_P_gen,num_eval_queries,300,300,true
phase5_main_matrix,hotpotqa__bm25__seed42__poison_P_gen,Clean_EM,,,true
phase5_main_matrix,hotpotqa__bm25__seed42__poison_P_gen,Clean_F1,,,true
phase5_main_matrix,hotpotqa__bm25__seed42__poison_P_gen,ASR,0.0033333333333333335,0.0033333333333333335,true
phase5_main_matrix,hotpotqa__bm25__seed42__poison_P_gen,ambiguous_rate,0,0,true
phase5_main_matrix,hotpotqa__bm25__seed42__poison_P_gen,TPR,0.970873786407767,0.970873786407767,true
phase5_main_matrix,hotpotqa__bm25__seed42__poison_P_gen,FPR,0.20054945054945056,0.20054945054945056,true
phase5_main_matrix,hotpotqa__bm25__seed42__poison_P_gen,PoisonPresence@5,0.043333333333333335,0.043333333333333335,true
phase5_main_matrix,hotpotqa__bm25__seed42__poison_P_gen,PoisonFraction@5,0.03,0.03,true
phase5_main_matrix,hotpotqa__bm25__seed42__poison_P_gen,TargetPoisonPresence@5,0,0,true
phase5_main_matrix,hotpotqa__bm25__seed42__poison_P_gen,TargetPoisonFraction@5,0,0,true
phase5_main_matrix,hotpotqa__bm25__seed42__poison_P_gen,avg_context_count,5,5,true
phase5_main_matrix,hotpotqa__bm25__seed42__poison_P_gen,gate_inputs,3365,3365,true
phase5_main_matrix,hotpotqa__bm25__seed42__poison_P_gen,gate_clean_inputs,1820,1820,true
phase5_main_matrix,hotpotqa__bm25__seed42__poison_P_gen,gate_poison_inputs,1545,1545,true
phase5_main_matrix,hotpotqa__bm25__seed42__poison_P_ret,num_eval_queries,300,300,true
phase5_main_matrix,hotpotqa__bm25__seed42__poison_P_ret,Clean_EM,,,true
phase5_main_matrix,hotpotqa__bm25__seed42__poison_P_ret,Clean_F1,,,true
phase5_main_matrix,hotpotqa__bm25__seed42__poison_P_ret,ASR,0.0033333333333333335,0.0033333333333333335,true
phase5_main_matrix,hotpotqa__bm25__seed42__poison_P_ret,ambiguous_rate,0,0,true
phase5_main_matrix,hotpotqa__bm25__seed42__poison_P_ret,TPR,0.702576112412178,0.702576112412178,true
phase5_main_matrix,hotpotqa__bm25__seed42__poison_P_ret,FPR,0.053556160124368445,0.053556160124368445,true
phase5_main_matrix,hotpotqa__bm25__seed42__poison_P_ret,PoisonPresence@5,0.043333333333333335,0.043333333333333335,true
phase5_main_matrix,hotpotqa__bm25__seed42__poison_P_ret,PoisonFraction@5,0.03,0.03,true
phase5_main_matrix,hotpotqa__bm25__seed42__poison_P_ret,TargetPoisonPresence@5,0,0,true
phase5_main_matrix,hotpotqa__bm25__seed42__poison_P_ret,TargetPoisonFraction@5,0,0,true
phase5_main_matrix,hotpotqa__bm25__seed42__poison_P_ret,avg_context_count,5,5,true
phase5_main_matrix,hotpotqa__bm25__seed42__poison_P_ret,gate_inputs,15000,15000,true
phase5_main_matrix,hotpotqa__bm25__seed42__poison_P_ret,gate_clean_inputs,12865,12865,true
phase5_main_matrix,hotpotqa__bm25__seed42__poison_P_ret,gate_poison_inputs,2135,2135,true
phase5_main_matrix,hotpotqa__bm25__seed42__poison_no_gate,num_eval_queries,300,300,true
phase5_main_matrix,hotpotqa__bm25__seed42__poison_no_gate,Clean_EM,,,true
phase5_main_matrix,hotpotqa__bm25__seed42__poison_no_gate,Clean_F1,,,true
phase5_main_matrix,hotpotqa__bm25__seed42__poison_no_gate,ASR,0.4633333333333333,0.4633333333333333,true
phase5_main_matrix,hotpotqa__bm25__seed42__poison_no_gate,ambiguous_rate,0.03,0.03,true
phase5_main_matrix,hotpotqa__bm25__seed42__poison_no_gate,TPR,,,true
phase5_main_matrix,hotpotqa__bm25__seed42__poison_no_gate,FPR,,,true
phase5_main_matrix,hotpotqa__bm25__seed42__poison_no_gate,PoisonPresence@5,0.99,0.99,true
phase5_main_matrix,hotpotqa__bm25__seed42__poison_no_gate,PoisonFraction@5,0.7346666666666669,0.7346666666666669,true
phase5_main_matrix,hotpotqa__bm25__seed42__poison_no_gate,TargetPoisonPresence@5,0.99,0.99,true
phase5_main_matrix,hotpotqa__bm25__seed42__poison_no_gate,TargetPoisonFraction@5,0.7346666666666669,0.7346666666666669,true
phase5_main_matrix,hotpotqa__bm25__seed42__poison_no_gate,avg_context_count,5,5,true
phase5_main_matrix,hotpotqa__bm25__seed42__poison_no_gate,gate_inputs,0,0,true
phase5_main_matrix,hotpotqa__bm25__seed42__poison_no_gate,gate_clean_inputs,0,0,true
phase5_main_matrix,hotpotqa__bm25__seed42__poison_no_gate,gate_poison_inputs,0,0,true
phase5_main_matrix,nq__bge_dense__seed13__clean_P_gen,num_eval_queries,300,300,true
phase5_main_matrix,nq__bge_dense__seed13__clean_P_gen,Clean_EM,0,0,true
phase5_main_matrix,nq__bge_dense__seed13__clean_P_gen,Clean_F1,0.1320112000779353,0.1320112000779353,true
phase5_main_matrix,nq__bge_dense__seed13__clean_P_gen,ASR,,,true
phase5_main_matrix,nq__bge_dense__seed13__clean_P_gen,ambiguous_rate,,,true
phase5_main_matrix,nq__bge_dense__seed13__clean_P_gen,TPR,,,true
phase5_main_matrix,nq__bge_dense__seed13__clean_P_gen,FPR,0.09200968523002422,0.09200968523002422,true
phase5_main_matrix,nq__bge_dense__seed13__clean_P_gen,PoisonPresence@5,0,0,true
phase5_main_matrix,nq__bge_dense__seed13__clean_P_gen,PoisonFraction@5,0,0,true
phase5_main_matrix,nq__bge_dense__seed13__clean_P_gen,TargetPoisonPresence@5,0,0,true
phase5_main_matrix,nq__bge_dense__seed13__clean_P_gen,TargetPoisonFraction@5,0,0,true
phase5_main_matrix,nq__bge_dense__seed13__clean_P_gen,avg_context_count,5,5,true
phase5_main_matrix,nq__bge_dense__seed13__clean_P_gen,gate_inputs,1652,1652,true
phase5_main_matrix,nq__bge_dense__seed13__clean_P_gen,gate_clean_inputs,1652,1652,true
phase5_main_matrix,nq__bge_dense__seed13__clean_P_gen,gate_poison_inputs,0,0,true
phase5_main_matrix,nq__bge_dense__seed13__clean_P_ret,num_eval_queries,300,300,true
phase5_main_matrix,nq__bge_dense__seed13__clean_P_ret,Clean_EM,0,0,true
phase5_main_matrix,nq__bge_dense__seed13__clean_P_ret,Clean_F1,0.1320112000779353,0.1320112000779353,true
phase5_main_matrix,nq__bge_dense__seed13__clean_P_ret,ASR,,,true
phase5_main_matrix,nq__bge_dense__seed13__clean_P_ret,ambiguous_rate,,,true
phase5_main_matrix,nq__bge_dense__seed13__clean_P_ret,TPR,,,true
phase5_main_matrix,nq__bge_dense__seed13__clean_P_ret,FPR,0.05046666666666667,0.05046666666666667,true
phase5_main_matrix,nq__bge_dense__seed13__clean_P_ret,PoisonPresence@5,0,0,true
phase5_main_matrix,nq__bge_dense__seed13__clean_P_ret,PoisonFraction@5,0,0,true
phase5_main_matrix,nq__bge_dense__seed13__clean_P_ret,TargetPoisonPresence@5,0,0,true
phase5_main_matrix,nq__bge_dense__seed13__clean_P_ret,TargetPoisonFraction@5,0,0,true
phase5_main_matrix,nq__bge_dense__seed13__clean_P_ret,avg_context_count,5,5,true
phase5_main_matrix,nq__bge_dense__seed13__clean_P_ret,gate_inputs,15000,15000,true
phase5_main_matrix,nq__bge_dense__seed13__clean_P_ret,gate_clean_inputs,15000,15000,true
phase5_main_matrix,nq__bge_dense__seed13__clean_P_ret,gate_poison_inputs,0,0,true
phase5_main_matrix,nq__bge_dense__seed13__clean_no_gate,num_eval_queries,300,300,true
phase5_main_matrix,nq__bge_dense__seed13__clean_no_gate,Clean_EM,0,0,true
phase5_main_matrix,nq__bge_dense__seed13__clean_no_gate,Clean_F1,0.1449564740117241,0.1449564740117241,true
phase5_main_matrix,nq__bge_dense__seed13__clean_no_gate,ASR,,,true
phase5_main_matrix,nq__bge_dense__seed13__clean_no_gate,ambiguous_rate,,,true
phase5_main_matrix,nq__bge_dense__seed13__clean_no_gate,TPR,,,true
phase5_main_matrix,nq__bge_dense__seed13__clean_no_gate,FPR,,,true
phase5_main_matrix,nq__bge_dense__seed13__clean_no_gate,PoisonPresence@5,0,0,true
phase5_main_matrix,nq__bge_dense__seed13__clean_no_gate,PoisonFraction@5,0,0,true
phase5_main_matrix,nq__bge_dense__seed13__clean_no_gate,TargetPoisonPresence@5,0,0,true
phase5_main_matrix,nq__bge_dense__seed13__clean_no_gate,TargetPoisonFraction@5,0,0,true
phase5_main_matrix,nq__bge_dense__seed13__clean_no_gate,avg_context_count,5,5,true
phase5_main_matrix,nq__bge_dense__seed13__clean_no_gate,gate_inputs,0,0,true
phase5_main_matrix,nq__bge_dense__seed13__clean_no_gate,gate_clean_inputs,0,0,true
phase5_main_matrix,nq__bge_dense__seed13__clean_no_gate,gate_poison_inputs,0,0,true
phase5_main_matrix,nq__bge_dense__seed13__poison_P_gen,num_eval_queries,300,300,true
phase5_main_matrix,nq__bge_dense__seed13__poison_P_gen,Clean_EM,,,true
phase5_main_matrix,nq__bge_dense__seed13__poison_P_gen,Clean_F1,,,true
phase5_main_matrix,nq__bge_dense__seed13__poison_P_gen,ASR,0.24666666666666667,0.24666666666666667,true
phase5_main_matrix,nq__bge_dense__seed13__poison_P_gen,ambiguous_rate,0.006666666666666667,0.006666666666666667,true
phase5_main_matrix,nq__bge_dense__seed13__poison_P_gen,TPR,0.199203187250996,0.199203187250996,true
phase5_main_matrix,nq__bge_dense__seed13__poison_P_gen,FPR,0.0962962962962963,0.0962962962962963,true
phase5_main_matrix,nq__bge_dense__seed13__poison_P_gen,PoisonPresence@5,0.3466666666666667,0.3466666666666667,true
phase5_main_matrix,nq__bge_dense__seed13__poison_P_gen,PoisonFraction@5,0.26799999999999996,0.26799999999999996,true
phase5_main_matrix,nq__bge_dense__seed13__poison_P_gen,TargetPoisonPresence@5,0.3466666666666667,0.3466666666666667,true
phase5_main_matrix,nq__bge_dense__seed13__poison_P_gen,TargetPoisonFraction@5,0.26799999999999996,0.26799999999999996,true
phase5_main_matrix,nq__bge_dense__seed13__poison_P_gen,avg_context_count,5,5,true
phase5_main_matrix,nq__bge_dense__seed13__poison_P_gen,gate_inputs,1717,1717,true
phase5_main_matrix,nq__bge_dense__seed13__poison_P_gen,gate_clean_inputs,1215,1215,true
phase5_main_matrix,nq__bge_dense__seed13__poison_P_gen,gate_poison_inputs,502,502,true
phase5_main_matrix,nq__bge_dense__seed13__poison_P_ret,num_eval_queries,300,300,true
phase5_main_matrix,nq__bge_dense__seed13__poison_P_ret,Clean_EM,,,true
phase5_main_matrix,nq__bge_dense__seed13__poison_P_ret,Clean_F1,,,true
phase5_main_matrix,nq__bge_dense__seed13__poison_P_ret,ASR,0.24666666666666667,0.24666666666666667,true
phase5_main_matrix,nq__bge_dense__seed13__poison_P_ret,ambiguous_rate,0.006666666666666667,0.006666666666666667,true
phase5_main_matrix,nq__bge_dense__seed13__poison_P_ret,TPR,0.12837837837837837,0.12837837837837837,true
phase5_main_matrix,nq__bge_dense__seed13__poison_P_ret,FPR,0.051997041420118344,0.051997041420118344,true
phase5_main_matrix,nq__bge_dense__seed13__poison_P_ret,PoisonPresence@5,0.3466666666666667,0.3466666666666667,true
phase5_main_matrix,nq__bge_dense__seed13__poison_P_ret,PoisonFraction@5,0.26799999999999996,0.26799999999999996,true
phase5_main_matrix,nq__bge_dense__seed13__poison_P_ret,TargetPoisonPresence@5,0.3466666666666667,0.3466666666666667,true
phase5_main_matrix,nq__bge_dense__seed13__poison_P_ret,TargetPoisonFraction@5,0.26799999999999996,0.26799999999999996,true
phase5_main_matrix,nq__bge_dense__seed13__poison_P_ret,avg_context_count,5,5,true
phase5_main_matrix,nq__bge_dense__seed13__poison_P_ret,gate_inputs,15000,15000,true
phase5_main_matrix,nq__bge_dense__seed13__poison_P_ret,gate_clean_inputs,13520,13520,true
phase5_main_matrix,nq__bge_dense__seed13__poison_P_ret,gate_poison_inputs,1480,1480,true
phase5_main_matrix,nq__bge_dense__seed13__poison_no_gate,num_eval_queries,300,300,true
phase5_main_matrix,nq__bge_dense__seed13__poison_no_gate,Clean_EM,,,true
phase5_main_matrix,nq__bge_dense__seed13__poison_no_gate,Clean_F1,,,true
phase5_main_matrix,nq__bge_dense__seed13__poison_no_gate,ASR,0.26666666666666666,0.26666666666666666,true
phase5_main_matrix,nq__bge_dense__seed13__poison_no_gate,ambiguous_rate,0.01,0.01,true
phase5_main_matrix,nq__bge_dense__seed13__poison_no_gate,TPR,,,true
phase5_main_matrix,nq__bge_dense__seed13__poison_no_gate,FPR,,,true
phase5_main_matrix,nq__bge_dense__seed13__poison_no_gate,PoisonPresence@5,0.3933333333333333,0.3933333333333333,true
phase5_main_matrix,nq__bge_dense__seed13__poison_no_gate,PoisonFraction@5,0.3026666666666666,0.3026666666666666,true
phase5_main_matrix,nq__bge_dense__seed13__poison_no_gate,TargetPoisonPresence@5,0.3933333333333333,0.3933333333333333,true
phase5_main_matrix,nq__bge_dense__seed13__poison_no_gate,TargetPoisonFraction@5,0.3026666666666666,0.3026666666666666,true
phase5_main_matrix,nq__bge_dense__seed13__poison_no_gate,avg_context_count,5,5,true
phase5_main_matrix,nq__bge_dense__seed13__poison_no_gate,gate_inputs,0,0,true
phase5_main_matrix,nq__bge_dense__seed13__poison_no_gate,gate_clean_inputs,0,0,true
phase5_main_matrix,nq__bge_dense__seed13__poison_no_gate,gate_poison_inputs,0,0,true
phase5_main_matrix,nq__bge_dense__seed2026__clean_P_gen,num_eval_queries,300,300,true
phase5_main_matrix,nq__bge_dense__seed2026__clean_P_gen,Clean_EM,0,0,true
phase5_main_matrix,nq__bge_dense__seed2026__clean_P_gen,Clean_F1,0.1320112000779353,0.1320112000779353,true
phase5_main_matrix,nq__bge_dense__seed2026__clean_P_gen,ASR,,,true
phase5_main_matrix,nq__bge_dense__seed2026__clean_P_gen,ambiguous_rate,,,true
phase5_main_matrix,nq__bge_dense__seed2026__clean_P_gen,TPR,,,true
phase5_main_matrix,nq__bge_dense__seed2026__clean_P_gen,FPR,0.09200968523002422,0.09200968523002422,true
phase5_main_matrix,nq__bge_dense__seed2026__clean_P_gen,PoisonPresence@5,0,0,true
phase5_main_matrix,nq__bge_dense__seed2026__clean_P_gen,PoisonFraction@5,0,0,true
phase5_main_matrix,nq__bge_dense__seed2026__clean_P_gen,TargetPoisonPresence@5,0,0,true
phase5_main_matrix,nq__bge_dense__seed2026__clean_P_gen,TargetPoisonFraction@5,0,0,true
phase5_main_matrix,nq__bge_dense__seed2026__clean_P_gen,avg_context_count,5,5,true
phase5_main_matrix,nq__bge_dense__seed2026__clean_P_gen,gate_inputs,1652,1652,true
phase5_main_matrix,nq__bge_dense__seed2026__clean_P_gen,gate_clean_inputs,1652,1652,true
phase5_main_matrix,nq__bge_dense__seed2026__clean_P_gen,gate_poison_inputs,0,0,true
phase5_main_matrix,nq__bge_dense__seed2026__clean_P_ret,num_eval_queries,300,300,true
phase5_main_matrix,nq__bge_dense__seed2026__clean_P_ret,Clean_EM,0,0,true
phase5_main_matrix,nq__bge_dense__seed2026__clean_P_ret,Clean_F1,0.1320112000779353,0.1320112000779353,true
phase5_main_matrix,nq__bge_dense__seed2026__clean_P_ret,ASR,,,true
phase5_main_matrix,nq__bge_dense__seed2026__clean_P_ret,ambiguous_rate,,,true
phase5_main_matrix,nq__bge_dense__seed2026__clean_P_ret,TPR,,,true
phase5_main_matrix,nq__bge_dense__seed2026__clean_P_ret,FPR,0.05046666666666667,0.05046666666666667,true
phase5_main_matrix,nq__bge_dense__seed2026__clean_P_ret,PoisonPresence@5,0,0,true
phase5_main_matrix,nq__bge_dense__seed2026__clean_P_ret,PoisonFraction@5,0,0,true
phase5_main_matrix,nq__bge_dense__seed2026__clean_P_ret,TargetPoisonPresence@5,0,0,true
phase5_main_matrix,nq__bge_dense__seed2026__clean_P_ret,TargetPoisonFraction@5,0,0,true
phase5_main_matrix,nq__bge_dense__seed2026__clean_P_ret,avg_context_count,5,5,true
phase5_main_matrix,nq__bge_dense__seed2026__clean_P_ret,gate_inputs,15000,15000,true
phase5_main_matrix,nq__bge_dense__seed2026__clean_P_ret,gate_clean_inputs,15000,15000,true
phase5_main_matrix,nq__bge_dense__seed2026__clean_P_ret,gate_poison_inputs,0,0,true
phase5_main_matrix,nq__bge_dense__seed2026__clean_no_gate,num_eval_queries,300,300,true
phase5_main_matrix,nq__bge_dense__seed2026__clean_no_gate,Clean_EM,0,0,true
phase5_main_matrix,nq__bge_dense__seed2026__clean_no_gate,Clean_F1,0.1449564740117241,0.1449564740117241,true
phase5_main_matrix,nq__bge_dense__seed2026__clean_no_gate,ASR,,,true
phase5_main_matrix,nq__bge_dense__seed2026__clean_no_gate,ambiguous_rate,,,true
phase5_main_matrix,nq__bge_dense__seed2026__clean_no_gate,TPR,,,true
phase5_main_matrix,nq__bge_dense__seed2026__clean_no_gate,FPR,,,true
phase5_main_matrix,nq__bge_dense__seed2026__clean_no_gate,PoisonPresence@5,0,0,true
phase5_main_matrix,nq__bge_dense__seed2026__clean_no_gate,PoisonFraction@5,0,0,true
phase5_main_matrix,nq__bge_dense__seed2026__clean_no_gate,TargetPoisonPresence@5,0,0,true
phase5_main_matrix,nq__bge_dense__seed2026__clean_no_gate,TargetPoisonFraction@5,0,0,true
phase5_main_matrix,nq__bge_dense__seed2026__clean_no_gate,avg_context_count,5,5,true
phase5_main_matrix,nq__bge_dense__seed2026__clean_no_gate,gate_inputs,0,0,true
phase5_main_matrix,nq__bge_dense__seed2026__clean_no_gate,gate_clean_inputs,0,0,true
phase5_main_matrix,nq__bge_dense__seed2026__clean_no_gate,gate_poison_inputs,0,0,true
phase5_main_matrix,nq__bge_dense__seed2026__poison_P_gen,num_eval_queries,300,300,true
phase5_main_matrix,nq__bge_dense__seed2026__poison_P_gen,Clean_EM,,,true
phase5_main_matrix,nq__bge_dense__seed2026__poison_P_gen,Clean_F1,,,true
phase5_main_matrix,nq__bge_dense__seed2026__poison_P_gen,ASR,0.26,0.26,true
phase5_main_matrix,nq__bge_dense__seed2026__poison_P_gen,ambiguous_rate,0.013333333333333334,0.013333333333333334,true
phase5_main_matrix,nq__bge_dense__seed2026__poison_P_gen,TPR,0.19886363636363635,0.19886363636363635,true
phase5_main_matrix,nq__bge_dense__seed2026__poison_P_gen,FPR,0.10473815461346633,0.10473815461346633,true
phase5_main_matrix,nq__bge_dense__seed2026__poison_P_gen,PoisonPresence@5,0.37,0.37,true
phase5_main_matrix,nq__bge_dense__seed2026__poison_P_gen,PoisonFraction@5,0.28200000000000003,0.28200000000000003,true
phase5_main_matrix,nq__bge_dense__seed2026__poison_P_gen,TargetPoisonPresence@5,0.37,0.37,true
phase5_main_matrix,nq__bge_dense__seed2026__poison_P_gen,TargetPoisonFraction@5,0.28200000000000003,0.28200000000000003,true
phase5_main_matrix,nq__bge_dense__seed2026__poison_P_gen,avg_context_count,5,5,true
phase5_main_matrix,nq__bge_dense__seed2026__poison_P_gen,gate_inputs,1731,1731,true
phase5_main_matrix,nq__bge_dense__seed2026__poison_P_gen,gate_clean_inputs,1203,1203,true
phase5_main_matrix,nq__bge_dense__seed2026__poison_P_gen,gate_poison_inputs,528,528,true
phase5_main_matrix,nq__bge_dense__seed2026__poison_P_ret,num_eval_queries,300,300,true
phase5_main_matrix,nq__bge_dense__seed2026__poison_P_ret,Clean_EM,,,true
phase5_main_matrix,nq__bge_dense__seed2026__poison_P_ret,Clean_F1,,,true
phase5_main_matrix,nq__bge_dense__seed2026__poison_P_ret,ASR,0.26,0.26,true
phase5_main_matrix,nq__bge_dense__seed2026__poison_P_ret,ambiguous_rate,0.013333333333333334,0.013333333333333334,true
phase5_main_matrix,nq__bge_dense__seed2026__poison_P_ret,TPR,0.10702341137123746,0.10702341137123746,true
phase5_main_matrix,nq__bge_dense__seed2026__poison_P_ret,FPR,0.05212884116993706,0.05212884116993706,true
phase5_main_matrix,nq__bge_dense__seed2026__poison_P_ret,PoisonPresence@5,0.37,0.37,true
phase5_main_matrix,nq__bge_dense__seed2026__poison_P_ret,PoisonFraction@5,0.28200000000000003,0.28200000000000003,true
phase5_main_matrix,nq__bge_dense__seed2026__poison_P_ret,TargetPoisonPresence@5,0.37,0.37,true
phase5_main_matrix,nq__bge_dense__seed2026__poison_P_ret,TargetPoisonFraction@5,0.28200000000000003,0.28200000000000003,true
phase5_main_matrix,nq__bge_dense__seed2026__poison_P_ret,avg_context_count,5,5,true
phase5_main_matrix,nq__bge_dense__seed2026__poison_P_ret,gate_inputs,15000,15000,true
phase5_main_matrix,nq__bge_dense__seed2026__poison_P_ret,gate_clean_inputs,13505,13505,true
phase5_main_matrix,nq__bge_dense__seed2026__poison_P_ret,gate_poison_inputs,1495,1495,true
phase5_main_matrix,nq__bge_dense__seed2026__poison_no_gate,num_eval_queries,300,300,true
phase5_main_matrix,nq__bge_dense__seed2026__poison_no_gate,Clean_EM,,,true
phase5_main_matrix,nq__bge_dense__seed2026__poison_no_gate,Clean_F1,,,true
phase5_main_matrix,nq__bge_dense__seed2026__poison_no_gate,ASR,0.30333333333333334,0.30333333333333334,true
phase5_main_matrix,nq__bge_dense__seed2026__poison_no_gate,ambiguous_rate,0.02,0.02,true
phase5_main_matrix,nq__bge_dense__seed2026__poison_no_gate,TPR,,,true
phase5_main_matrix,nq__bge_dense__seed2026__poison_no_gate,FPR,,,true
phase5_main_matrix,nq__bge_dense__seed2026__poison_no_gate,PoisonPresence@5,0.43,0.43,true
phase5_main_matrix,nq__bge_dense__seed2026__poison_no_gate,PoisonFraction@5,0.32666666666666666,0.32666666666666666,true
phase5_main_matrix,nq__bge_dense__seed2026__poison_no_gate,TargetPoisonPresence@5,0.43,0.43,true
phase5_main_matrix,nq__bge_dense__seed2026__poison_no_gate,TargetPoisonFraction@5,0.32666666666666666,0.32666666666666666,true
phase5_main_matrix,nq__bge_dense__seed2026__poison_no_gate,avg_context_count,5,5,true
phase5_main_matrix,nq__bge_dense__seed2026__poison_no_gate,gate_inputs,0,0,true
phase5_main_matrix,nq__bge_dense__seed2026__poison_no_gate,gate_clean_inputs,0,0,true
phase5_main_matrix,nq__bge_dense__seed2026__poison_no_gate,gate_poison_inputs,0,0,true
phase5_main_matrix,nq__bge_dense__seed42__clean_P_gen,num_eval_queries,300,300,true
phase5_main_matrix,nq__bge_dense__seed42__clean_P_gen,Clean_EM,0,0,true
phase5_main_matrix,nq__bge_dense__seed42__clean_P_gen,Clean_F1,0.1320112000779353,0.1320112000779353,true
phase5_main_matrix,nq__bge_dense__seed42__clean_P_gen,ASR,,,true
phase5_main_matrix,nq__bge_dense__seed42__clean_P_gen,ambiguous_rate,,,true
phase5_main_matrix,nq__bge_dense__seed42__clean_P_gen,TPR,,,true
phase5_main_matrix,nq__bge_dense__seed42__clean_P_gen,FPR,0.09200968523002422,0.09200968523002422,true
phase5_main_matrix,nq__bge_dense__seed42__clean_P_gen,PoisonPresence@5,0,0,true
phase5_main_matrix,nq__bge_dense__seed42__clean_P_gen,PoisonFraction@5,0,0,true
phase5_main_matrix,nq__bge_dense__seed42__clean_P_gen,TargetPoisonPresence@5,0,0,true
phase5_main_matrix,nq__bge_dense__seed42__clean_P_gen,TargetPoisonFraction@5,0,0,true
phase5_main_matrix,nq__bge_dense__seed42__clean_P_gen,avg_context_count,5,5,true
phase5_main_matrix,nq__bge_dense__seed42__clean_P_gen,gate_inputs,1652,1652,true
phase5_main_matrix,nq__bge_dense__seed42__clean_P_gen,gate_clean_inputs,1652,1652,true
phase5_main_matrix,nq__bge_dense__seed42__clean_P_gen,gate_poison_inputs,0,0,true
phase5_main_matrix,nq__bge_dense__seed42__clean_P_ret,num_eval_queries,300,300,true
phase5_main_matrix,nq__bge_dense__seed42__clean_P_ret,Clean_EM,0,0,true
phase5_main_matrix,nq__bge_dense__seed42__clean_P_ret,Clean_F1,0.1320112000779353,0.1320112000779353,true
phase5_main_matrix,nq__bge_dense__seed42__clean_P_ret,ASR,,,true
phase5_main_matrix,nq__bge_dense__seed42__clean_P_ret,ambiguous_rate,,,true
phase5_main_matrix,nq__bge_dense__seed42__clean_P_ret,TPR,,,true
phase5_main_matrix,nq__bge_dense__seed42__clean_P_ret,FPR,0.05046666666666667,0.05046666666666667,true
phase5_main_matrix,nq__bge_dense__seed42__clean_P_ret,PoisonPresence@5,0,0,true
phase5_main_matrix,nq__bge_dense__seed42__clean_P_ret,PoisonFraction@5,0,0,true
phase5_main_matrix,nq__bge_dense__seed42__clean_P_ret,TargetPoisonPresence@5,0,0,true
phase5_main_matrix,nq__bge_dense__seed42__clean_P_ret,TargetPoisonFraction@5,0,0,true
phase5_main_matrix,nq__bge_dense__seed42__clean_P_ret,avg_context_count,5,5,true
phase5_main_matrix,nq__bge_dense__seed42__clean_P_ret,gate_inputs,15000,15000,true
phase5_main_matrix,nq__bge_dense__seed42__clean_P_ret,gate_clean_inputs,15000,15000,true
phase5_main_matrix,nq__bge_dense__seed42__clean_P_ret,gate_poison_inputs,0,0,true
phase5_main_matrix,nq__bge_dense__seed42__clean_no_gate,num_eval_queries,300,300,true
phase5_main_matrix,nq__bge_dense__seed42__clean_no_gate,Clean_EM,0,0,true
phase5_main_matrix,nq__bge_dense__seed42__clean_no_gate,Clean_F1,0.1449564740117241,0.1449564740117241,true
phase5_main_matrix,nq__bge_dense__seed42__clean_no_gate,ASR,,,true
phase5_main_matrix,nq__bge_dense__seed42__clean_no_gate,ambiguous_rate,,,true
phase5_main_matrix,nq__bge_dense__seed42__clean_no_gate,TPR,,,true
phase5_main_matrix,nq__bge_dense__seed42__clean_no_gate,FPR,,,true
phase5_main_matrix,nq__bge_dense__seed42__clean_no_gate,PoisonPresence@5,0,0,true
phase5_main_matrix,nq__bge_dense__seed42__clean_no_gate,PoisonFraction@5,0,0,true
phase5_main_matrix,nq__bge_dense__seed42__clean_no_gate,TargetPoisonPresence@5,0,0,true
phase5_main_matrix,nq__bge_dense__seed42__clean_no_gate,TargetPoisonFraction@5,0,0,true
phase5_main_matrix,nq__bge_dense__seed42__clean_no_gate,avg_context_count,5,5,true
phase5_main_matrix,nq__bge_dense__seed42__clean_no_gate,gate_inputs,0,0,true
phase5_main_matrix,nq__bge_dense__seed42__clean_no_gate,gate_clean_inputs,0,0,true
phase5_main_matrix,nq__bge_dense__seed42__clean_no_gate,gate_poison_inputs,0,0,true
phase5_main_matrix,nq__bge_dense__seed42__poison_P_gen,num_eval_queries,300,300,true
phase5_main_matrix,nq__bge_dense__seed42__poison_P_gen,Clean_EM,,,true
phase5_main_matrix,nq__bge_dense__seed42__poison_P_gen,Clean_F1,,,true
phase5_main_matrix,nq__bge_dense__seed42__poison_P_gen,ASR,0.28,0.28,true
phase5_main_matrix,nq__bge_dense__seed42__poison_P_gen,ambiguous_rate,0.01,0.01,true
phase5_main_matrix,nq__bge_dense__seed42__poison_P_gen,TPR,0.21043771043771045,0.21043771043771045,true
phase5_main_matrix,nq__bge_dense__seed42__poison_P_gen,FPR,0.09482001755926252,0.09482001755926252,true
phase5_main_matrix,nq__bge_dense__seed42__poison_P_gen,PoisonPresence@5,0.4,0.4,true
phase5_main_matrix,nq__bge_dense__seed42__poison_P_gen,PoisonFraction@5,0.3126666666666666,0.3126666666666666,true
phase5_main_matrix,nq__bge_dense__seed42__poison_P_gen,TargetPoisonPresence@5,0.4,0.4,true
phase5_main_matrix,nq__bge_dense__seed42__poison_P_gen,TargetPoisonFraction@5,0.3126666666666666,0.3126666666666666,true
phase5_main_matrix,nq__bge_dense__seed42__poison_P_gen,avg_context_count,5,5,true
phase5_main_matrix,nq__bge_dense__seed42__poison_P_gen,gate_inputs,1733,1733,true
phase5_main_matrix,nq__bge_dense__seed42__poison_P_gen,gate_clean_inputs,1139,1139,true
phase5_main_matrix,nq__bge_dense__seed42__poison_P_gen,gate_poison_inputs,594,594,true
phase5_main_matrix,nq__bge_dense__seed42__poison_P_ret,num_eval_queries,300,300,true
phase5_main_matrix,nq__bge_dense__seed42__poison_P_ret,Clean_EM,,,true
phase5_main_matrix,nq__bge_dense__seed42__poison_P_ret,Clean_F1,,,true
phase5_main_matrix,nq__bge_dense__seed42__poison_P_ret,ASR,0.28,0.28,true
phase5_main_matrix,nq__bge_dense__seed42__poison_P_ret,ambiguous_rate,0.01,0.01,true
phase5_main_matrix,nq__bge_dense__seed42__poison_P_ret,TPR,0.12178619756427606,0.12178619756427606,true
phase5_main_matrix,nq__bge_dense__seed42__poison_P_ret,FPR,0.05198935068776808,0.05198935068776808,true
phase5_main_matrix,nq__bge_dense__seed42__poison_P_ret,PoisonPresence@5,0.4,0.4,true
phase5_main_matrix,nq__bge_dense__seed42__poison_P_ret,PoisonFraction@5,0.3126666666666666,0.3126666666666666,true
phase5_main_matrix,nq__bge_dense__seed42__poison_P_ret,TargetPoisonPresence@5,0.4,0.4,true
phase5_main_matrix,nq__bge_dense__seed42__poison_P_ret,TargetPoisonFraction@5,0.3126666666666666,0.3126666666666666,true
phase5_main_matrix,nq__bge_dense__seed42__poison_P_ret,avg_context_count,5,5,true
phase5_main_matrix,nq__bge_dense__seed42__poison_P_ret,gate_inputs,15000,15000,true
phase5_main_matrix,nq__bge_dense__seed42__poison_P_ret,gate_clean_inputs,13522,13522,true
phase5_main_matrix,nq__bge_dense__seed42__poison_P_ret,gate_poison_inputs,1478,1478,true
phase5_main_matrix,nq__bge_dense__seed42__poison_no_gate,num_eval_queries,300,300,true
phase5_main_matrix,nq__bge_dense__seed42__poison_no_gate,Clean_EM,,,true
phase5_main_matrix,nq__bge_dense__seed42__poison_no_gate,Clean_F1,,,true
phase5_main_matrix,nq__bge_dense__seed42__poison_no_gate,ASR,0.31666666666666665,0.31666666666666665,true
phase5_main_matrix,nq__bge_dense__seed42__poison_no_gate,ambiguous_rate,0.01,0.01,true
phase5_main_matrix,nq__bge_dense__seed42__poison_no_gate,TPR,,,true
phase5_main_matrix,nq__bge_dense__seed42__poison_no_gate,FPR,,,true
phase5_main_matrix,nq__bge_dense__seed42__poison_no_gate,PoisonPresence@5,0.46,0.46,true
phase5_main_matrix,nq__bge_dense__seed42__poison_no_gate,PoisonFraction@5,0.35799999999999993,0.35799999999999993,true
phase5_main_matrix,nq__bge_dense__seed42__poison_no_gate,TargetPoisonPresence@5,0.46,0.46,true
phase5_main_matrix,nq__bge_dense__seed42__poison_no_gate,TargetPoisonFraction@5,0.35799999999999993,0.35799999999999993,true
phase5_main_matrix,nq__bge_dense__seed42__poison_no_gate,avg_context_count,5,5,true
phase5_main_matrix,nq__bge_dense__seed42__poison_no_gate,gate_inputs,0,0,true
phase5_main_matrix,nq__bge_dense__seed42__poison_no_gate,gate_clean_inputs,0,0,true
phase5_main_matrix,nq__bge_dense__seed42__poison_no_gate,gate_poison_inputs,0,0,true
phase5_main_matrix,nq__bm25__seed13__clean_P_gen,num_eval_queries,300,300,true
phase5_main_matrix,nq__bm25__seed13__clean_P_gen,Clean_EM,0,0,true
phase5_main_matrix,nq__bm25__seed13__clean_P_gen,Clean_F1,0.13788089388298308,0.13788089388298308,true
phase5_main_matrix,nq__bm25__seed13__clean_P_gen,ASR,,,true
phase5_main_matrix,nq__bm25__seed13__clean_P_gen,ambiguous_rate,,,true
phase5_main_matrix,nq__bm25__seed13__clean_P_gen,TPR,,,true
phase5_main_matrix,nq__bm25__seed13__clean_P_gen,FPR,0.08925318761384335,0.08925318761384335,true
phase5_main_matrix,nq__bm25__seed13__clean_P_gen,PoisonPresence@5,0,0,true
phase5_main_matrix,nq__bm25__seed13__clean_P_gen,PoisonFraction@5,0,0,true
phase5_main_matrix,nq__bm25__seed13__clean_P_gen,TargetPoisonPresence@5,0,0,true
phase5_main_matrix,nq__bm25__seed13__clean_P_gen,TargetPoisonFraction@5,0,0,true
phase5_main_matrix,nq__bm25__seed13__clean_P_gen,avg_context_count,5,5,true
phase5_main_matrix,nq__bm25__seed13__clean_P_gen,gate_inputs,1647,1647,true
phase5_main_matrix,nq__bm25__seed13__clean_P_gen,gate_clean_inputs,1647,1647,true
phase5_main_matrix,nq__bm25__seed13__clean_P_gen,gate_poison_inputs,0,0,true
phase5_main_matrix,nq__bm25__seed13__clean_P_ret,num_eval_queries,300,300,true
phase5_main_matrix,nq__bm25__seed13__clean_P_ret,Clean_EM,0,0,true
phase5_main_matrix,nq__bm25__seed13__clean_P_ret,Clean_F1,0.13788089388298308,0.13788089388298308,true
phase5_main_matrix,nq__bm25__seed13__clean_P_ret,ASR,,,true
phase5_main_matrix,nq__bm25__seed13__clean_P_ret,ambiguous_rate,,,true
phase5_main_matrix,nq__bm25__seed13__clean_P_ret,TPR,,,true
phase5_main_matrix,nq__bm25__seed13__clean_P_ret,FPR,0.04426666666666667,0.04426666666666667,true
phase5_main_matrix,nq__bm25__seed13__clean_P_ret,PoisonPresence@5,0,0,true
phase5_main_matrix,nq__bm25__seed13__clean_P_ret,PoisonFraction@5,0,0,true
phase5_main_matrix,nq__bm25__seed13__clean_P_ret,TargetPoisonPresence@5,0,0,true
phase5_main_matrix,nq__bm25__seed13__clean_P_ret,TargetPoisonFraction@5,0,0,true
phase5_main_matrix,nq__bm25__seed13__clean_P_ret,avg_context_count,5,5,true
phase5_main_matrix,nq__bm25__seed13__clean_P_ret,gate_inputs,15000,15000,true
phase5_main_matrix,nq__bm25__seed13__clean_P_ret,gate_clean_inputs,15000,15000,true
phase5_main_matrix,nq__bm25__seed13__clean_P_ret,gate_poison_inputs,0,0,true
phase5_main_matrix,nq__bm25__seed13__clean_no_gate,num_eval_queries,300,300,true
phase5_main_matrix,nq__bm25__seed13__clean_no_gate,Clean_EM,0,0,true
phase5_main_matrix,nq__bm25__seed13__clean_no_gate,Clean_F1,0.15141955042367197,0.15141955042367197,true
phase5_main_matrix,nq__bm25__seed13__clean_no_gate,ASR,,,true
phase5_main_matrix,nq__bm25__seed13__clean_no_gate,ambiguous_rate,,,true
phase5_main_matrix,nq__bm25__seed13__clean_no_gate,TPR,,,true
phase5_main_matrix,nq__bm25__seed13__clean_no_gate,FPR,,,true
phase5_main_matrix,nq__bm25__seed13__clean_no_gate,PoisonPresence@5,0,0,true
phase5_main_matrix,nq__bm25__seed13__clean_no_gate,PoisonFraction@5,0,0,true
phase5_main_matrix,nq__bm25__seed13__clean_no_gate,TargetPoisonPresence@5,0,0,true
phase5_main_matrix,nq__bm25__seed13__clean_no_gate,TargetPoisonFraction@5,0,0,true
phase5_main_matrix,nq__bm25__seed13__clean_no_gate,avg_context_count,5,5,true
phase5_main_matrix,nq__bm25__seed13__clean_no_gate,gate_inputs,0,0,true
phase5_main_matrix,nq__bm25__seed13__clean_no_gate,gate_clean_inputs,0,0,true
phase5_main_matrix,nq__bm25__seed13__clean_no_gate,gate_poison_inputs,0,0,true
phase5_main_matrix,nq__bm25__seed13__poison_P_gen,num_eval_queries,300,300,true
phase5_main_matrix,nq__bm25__seed13__poison_P_gen,Clean_EM,,,true
phase5_main_matrix,nq__bm25__seed13__poison_P_gen,Clean_F1,,,true
phase5_main_matrix,nq__bm25__seed13__poison_P_gen,ASR,0.3433333333333333,0.3433333333333333,true
phase5_main_matrix,nq__bm25__seed13__poison_P_gen,ambiguous_rate,0.013333333333333334,0.013333333333333334,true
phase5_main_matrix,nq__bm25__seed13__poison_P_gen,TPR,0.17301038062283736,0.17301038062283736,true
phase5_main_matrix,nq__bm25__seed13__poison_P_gen,FPR,0.1,0.1,true
phase5_main_matrix,nq__bm25__seed13__poison_P_gen,PoisonPresence@5,0.5833333333333334,0.5833333333333334,true
phase5_main_matrix,nq__bm25__seed13__poison_P_gen,PoisonFraction@5,0.4779999999999998,0.4779999999999998,true
phase5_main_matrix,nq__bm25__seed13__poison_P_gen,TargetPoisonPresence@5,0.5833333333333334,0.5833333333333334,true
phase5_main_matrix,nq__bm25__seed13__poison_P_gen,TargetPoisonFraction@5,0.4779999999999998,0.4779999999999998,true
phase5_main_matrix,nq__bm25__seed13__poison_P_gen,avg_context_count,5,5,true
phase5_main_matrix,nq__bm25__seed13__poison_P_gen,gate_inputs,1737,1737,true
phase5_main_matrix,nq__bm25__seed13__poison_P_gen,gate_clean_inputs,870,870,true
phase5_main_matrix,nq__bm25__seed13__poison_P_gen,gate_poison_inputs,867,867,true
phase5_main_matrix,nq__bm25__seed13__poison_P_ret,num_eval_queries,300,300,true
phase5_main_matrix,nq__bm25__seed13__poison_P_ret,Clean_EM,,,true
phase5_main_matrix,nq__bm25__seed13__poison_P_ret,Clean_F1,,,true
phase5_main_matrix,nq__bm25__seed13__poison_P_ret,ASR,0.3433333333333333,0.3433333333333333,true
phase5_main_matrix,nq__bm25__seed13__poison_P_ret,ambiguous_rate,0.013333333333333334,0.013333333333333334,true
phase5_main_matrix,nq__bm25__seed13__poison_P_ret,TPR,0.1291155584247902,0.1291155584247902,true
phase5_main_matrix,nq__bm25__seed13__poison_P_ret,FPR,0.046241915099249124,0.046241915099249124,true
phase5_main_matrix,nq__bm25__seed13__poison_P_ret,PoisonPresence@5,0.5833333333333334,0.5833333333333334,true
phase5_main_matrix,nq__bm25__seed13__poison_P_ret,PoisonFraction@5,0.4779999999999998,0.4779999999999998,true
phase5_main_matrix,nq__bm25__seed13__poison_P_ret,TargetPoisonPresence@5,0.5833333333333334,0.5833333333333334,true
phase5_main_matrix,nq__bm25__seed13__poison_P_ret,TargetPoisonFraction@5,0.4779999999999998,0.4779999999999998,true
phase5_main_matrix,nq__bm25__seed13__poison_P_ret,avg_context_count,5,5,true
phase5_main_matrix,nq__bm25__seed13__poison_P_ret,gate_inputs,15000,15000,true
phase5_main_matrix,nq__bm25__seed13__poison_P_ret,gate_clean_inputs,13451,13451,true
phase5_main_matrix,nq__bm25__seed13__poison_P_ret,gate_poison_inputs,1549,1549,true
phase5_main_matrix,nq__bm25__seed13__poison_no_gate,num_eval_queries,300,300,true
phase5_main_matrix,nq__bm25__seed13__poison_no_gate,Clean_EM,,,true
phase5_main_matrix,nq__bm25__seed13__poison_no_gate,Clean_F1,,,true
phase5_main_matrix,nq__bm25__seed13__poison_no_gate,ASR,0.38333333333333336,0.38333333333333336,true
phase5_main_matrix,nq__bm25__seed13__poison_no_gate,ambiguous_rate,0.02,0.02,true
phase5_main_matrix,nq__bm25__seed13__poison_no_gate,TPR,,,true
phase5_main_matrix,nq__bm25__seed13__poison_no_gate,FPR,,,true
phase5_main_matrix,nq__bm25__seed13__poison_no_gate,PoisonPresence@5,0.66,0.66,true
phase5_main_matrix,nq__bm25__seed13__poison_no_gate,PoisonFraction@5,0.5373333333333334,0.5373333333333334,true
phase5_main_matrix,nq__bm25__seed13__poison_no_gate,TargetPoisonPresence@5,0.66,0.66,true
phase5_main_matrix,nq__bm25__seed13__poison_no_gate,TargetPoisonFraction@5,0.5373333333333334,0.5373333333333334,true
phase5_main_matrix,nq__bm25__seed13__poison_no_gate,avg_context_count,5,5,true
phase5_main_matrix,nq__bm25__seed13__poison_no_gate,gate_inputs,0,0,true
phase5_main_matrix,nq__bm25__seed13__poison_no_gate,gate_clean_inputs,0,0,true
phase5_main_matrix,nq__bm25__seed13__poison_no_gate,gate_poison_inputs,0,0,true
phase5_main_matrix,nq__bm25__seed2026__clean_P_gen,num_eval_queries,300,300,true
phase5_main_matrix,nq__bm25__seed2026__clean_P_gen,Clean_EM,0,0,true
phase5_main_matrix,nq__bm25__seed2026__clean_P_gen,Clean_F1,0.13788089388298308,0.13788089388298308,true
phase5_main_matrix,nq__bm25__seed2026__clean_P_gen,ASR,,,true
phase5_main_matrix,nq__bm25__seed2026__clean_P_gen,ambiguous_rate,,,true
phase5_main_matrix,nq__bm25__seed2026__clean_P_gen,TPR,,,true
phase5_main_matrix,nq__bm25__seed2026__clean_P_gen,FPR,0.08925318761384335,0.08925318761384335,true
phase5_main_matrix,nq__bm25__seed2026__clean_P_gen,PoisonPresence@5,0,0,true
phase5_main_matrix,nq__bm25__seed2026__clean_P_gen,PoisonFraction@5,0,0,true
phase5_main_matrix,nq__bm25__seed2026__clean_P_gen,TargetPoisonPresence@5,0,0,true
phase5_main_matrix,nq__bm25__seed2026__clean_P_gen,TargetPoisonFraction@5,0,0,true
phase5_main_matrix,nq__bm25__seed2026__clean_P_gen,avg_context_count,5,5,true
phase5_main_matrix,nq__bm25__seed2026__clean_P_gen,gate_inputs,1647,1647,true
phase5_main_matrix,nq__bm25__seed2026__clean_P_gen,gate_clean_inputs,1647,1647,true
phase5_main_matrix,nq__bm25__seed2026__clean_P_gen,gate_poison_inputs,0,0,true
phase5_main_matrix,nq__bm25__seed2026__clean_P_ret,num_eval_queries,300,300,true
phase5_main_matrix,nq__bm25__seed2026__clean_P_ret,Clean_EM,0,0,true
phase5_main_matrix,nq__bm25__seed2026__clean_P_ret,Clean_F1,0.13788089388298308,0.13788089388298308,true
phase5_main_matrix,nq__bm25__seed2026__clean_P_ret,ASR,,,true
phase5_main_matrix,nq__bm25__seed2026__clean_P_ret,ambiguous_rate,,,true
phase5_main_matrix,nq__bm25__seed2026__clean_P_ret,TPR,,,true
phase5_main_matrix,nq__bm25__seed2026__clean_P_ret,FPR,0.04426666666666667,0.04426666666666667,true
phase5_main_matrix,nq__bm25__seed2026__clean_P_ret,PoisonPresence@5,0,0,true
phase5_main_matrix,nq__bm25__seed2026__clean_P_ret,PoisonFraction@5,0,0,true
phase5_main_matrix,nq__bm25__seed2026__clean_P_ret,TargetPoisonPresence@5,0,0,true
phase5_main_matrix,nq__bm25__seed2026__clean_P_ret,TargetPoisonFraction@5,0,0,true
phase5_main_matrix,nq__bm25__seed2026__clean_P_ret,avg_context_count,5,5,true
phase5_main_matrix,nq__bm25__seed2026__clean_P_ret,gate_inputs,15000,15000,true
phase5_main_matrix,nq__bm25__seed2026__clean_P_ret,gate_clean_inputs,15000,15000,true
phase5_main_matrix,nq__bm25__seed2026__clean_P_ret,gate_poison_inputs,0,0,true
phase5_main_matrix,nq__bm25__seed2026__clean_no_gate,num_eval_queries,300,300,true
phase5_main_matrix,nq__bm25__seed2026__clean_no_gate,Clean_EM,0,0,true
phase5_main_matrix,nq__bm25__seed2026__clean_no_gate,Clean_F1,0.15141955042367197,0.15141955042367197,true
phase5_main_matrix,nq__bm25__seed2026__clean_no_gate,ASR,,,true
phase5_main_matrix,nq__bm25__seed2026__clean_no_gate,ambiguous_rate,,,true
phase5_main_matrix,nq__bm25__seed2026__clean_no_gate,TPR,,,true
phase5_main_matrix,nq__bm25__seed2026__clean_no_gate,FPR,,,true
phase5_main_matrix,nq__bm25__seed2026__clean_no_gate,PoisonPresence@5,0,0,true
phase5_main_matrix,nq__bm25__seed2026__clean_no_gate,PoisonFraction@5,0,0,true
phase5_main_matrix,nq__bm25__seed2026__clean_no_gate,TargetPoisonPresence@5,0,0,true
phase5_main_matrix,nq__bm25__seed2026__clean_no_gate,TargetPoisonFraction@5,0,0,true
phase5_main_matrix,nq__bm25__seed2026__clean_no_gate,avg_context_count,5,5,true
phase5_main_matrix,nq__bm25__seed2026__clean_no_gate,gate_inputs,0,0,true
phase5_main_matrix,nq__bm25__seed2026__clean_no_gate,gate_clean_inputs,0,0,true
phase5_main_matrix,nq__bm25__seed2026__clean_no_gate,gate_poison_inputs,0,0,true
phase5_main_matrix,nq__bm25__seed2026__poison_P_gen,num_eval_queries,300,300,true
phase5_main_matrix,nq__bm25__seed2026__poison_P_gen,Clean_EM,,,true
phase5_main_matrix,nq__bm25__seed2026__poison_P_gen,Clean_F1,,,true
phase5_main_matrix,nq__bm25__seed2026__poison_P_gen,ASR,0.38333333333333336,0.38333333333333336,true
phase5_main_matrix,nq__bm25__seed2026__poison_P_gen,ambiguous_rate,0.013333333333333334,0.013333333333333334,true
phase5_main_matrix,nq__bm25__seed2026__poison_P_gen,TPR,0.16496018202502843,0.16496018202502843,true
phase5_main_matrix,nq__bm25__seed2026__poison_P_gen,FPR,0.10618436406067679,0.10618436406067679,true
phase5_main_matrix,nq__bm25__seed2026__poison_P_gen,PoisonPresence@5,0.59,0.59,true
phase5_main_matrix,nq__bm25__seed2026__poison_P_gen,PoisonFraction@5,0.48933333333333306,0.48933333333333306,true
phase5_main_matrix,nq__bm25__seed2026__poison_P_gen,TargetPoisonPresence@5,0.59,0.59,true
phase5_main_matrix,nq__bm25__seed2026__poison_P_gen,TargetPoisonFraction@5,0.48933333333333306,0.48933333333333306,true
phase5_main_matrix,nq__bm25__seed2026__poison_P_gen,avg_context_count,5,5,true
phase5_main_matrix,nq__bm25__seed2026__poison_P_gen,gate_inputs,1736,1736,true
phase5_main_matrix,nq__bm25__seed2026__poison_P_gen,gate_clean_inputs,857,857,true
phase5_main_matrix,nq__bm25__seed2026__poison_P_gen,gate_poison_inputs,879,879,true
phase5_main_matrix,nq__bm25__seed2026__poison_P_ret,num_eval_queries,300,300,true
phase5_main_matrix,nq__bm25__seed2026__poison_P_ret,Clean_EM,,,true
phase5_main_matrix,nq__bm25__seed2026__poison_P_ret,Clean_F1,,,true
phase5_main_matrix,nq__bm25__seed2026__poison_P_ret,ASR,0.38333333333333336,0.38333333333333336,true
phase5_main_matrix,nq__bm25__seed2026__poison_P_ret,ambiguous_rate,0.013333333333333334,0.013333333333333334,true
phase5_main_matrix,nq__bm25__seed2026__poison_P_ret,TPR,0.11326860841423948,0.11326860841423948,true
phase5_main_matrix,nq__bm25__seed2026__poison_P_ret,FPR,0.0462281679672984,0.0462281679672984,true
phase5_main_matrix,nq__bm25__seed2026__poison_P_ret,PoisonPresence@5,0.59,0.59,true
phase5_main_matrix,nq__bm25__seed2026__poison_P_ret,PoisonFraction@5,0.48933333333333306,0.48933333333333306,true
phase5_main_matrix,nq__bm25__seed2026__poison_P_ret,TargetPoisonPresence@5,0.59,0.59,true
phase5_main_matrix,nq__bm25__seed2026__poison_P_ret,TargetPoisonFraction@5,0.48933333333333306,0.48933333333333306,true
phase5_main_matrix,nq__bm25__seed2026__poison_P_ret,avg_context_count,5,5,true
phase5_main_matrix,nq__bm25__seed2026__poison_P_ret,gate_inputs,15000,15000,true
phase5_main_matrix,nq__bm25__seed2026__poison_P_ret,gate_clean_inputs,13455,13455,true
phase5_main_matrix,nq__bm25__seed2026__poison_P_ret,gate_poison_inputs,1545,1545,true
phase5_main_matrix,nq__bm25__seed2026__poison_no_gate,num_eval_queries,300,300,true
phase5_main_matrix,nq__bm25__seed2026__poison_no_gate,Clean_EM,,,true
phase5_main_matrix,nq__bm25__seed2026__poison_no_gate,Clean_F1,,,true
phase5_main_matrix,nq__bm25__seed2026__poison_no_gate,ASR,0.43333333333333335,0.43333333333333335,true
phase5_main_matrix,nq__bm25__seed2026__poison_no_gate,ambiguous_rate,0.016666666666666666,0.016666666666666666,true
phase5_main_matrix,nq__bm25__seed2026__poison_no_gate,TPR,,,true
phase5_main_matrix,nq__bm25__seed2026__poison_no_gate,FPR,,,true
phase5_main_matrix,nq__bm25__seed2026__poison_no_gate,PoisonPresence@5,0.67,0.67,true
phase5_main_matrix,nq__bm25__seed2026__poison_no_gate,PoisonFraction@5,0.5553333333333331,0.5553333333333331,true
phase5_main_matrix,nq__bm25__seed2026__poison_no_gate,TargetPoisonPresence@5,0.67,0.67,true
phase5_main_matrix,nq__bm25__seed2026__poison_no_gate,TargetPoisonFraction@5,0.5553333333333331,0.5553333333333331,true
phase5_main_matrix,nq__bm25__seed2026__poison_no_gate,avg_context_count,5,5,true
phase5_main_matrix,nq__bm25__seed2026__poison_no_gate,gate_inputs,0,0,true
phase5_main_matrix,nq__bm25__seed2026__poison_no_gate,gate_clean_inputs,0,0,true
phase5_main_matrix,nq__bm25__seed2026__poison_no_gate,gate_poison_inputs,0,0,true
phase5_main_matrix,nq__bm25__seed42__clean_P_gen,num_eval_queries,300,300,true
phase5_main_matrix,nq__bm25__seed42__clean_P_gen,Clean_EM,0,0,true
phase5_main_matrix,nq__bm25__seed42__clean_P_gen,Clean_F1,0.13788089388298308,0.13788089388298308,true
phase5_main_matrix,nq__bm25__seed42__clean_P_gen,ASR,,,true
phase5_main_matrix,nq__bm25__seed42__clean_P_gen,ambiguous_rate,,,true
phase5_main_matrix,nq__bm25__seed42__clean_P_gen,TPR,,,true
phase5_main_matrix,nq__bm25__seed42__clean_P_gen,FPR,0.08925318761384335,0.08925318761384335,true
phase5_main_matrix,nq__bm25__seed42__clean_P_gen,PoisonPresence@5,0,0,true
phase5_main_matrix,nq__bm25__seed42__clean_P_gen,PoisonFraction@5,0,0,true
phase5_main_matrix,nq__bm25__seed42__clean_P_gen,TargetPoisonPresence@5,0,0,true
phase5_main_matrix,nq__bm25__seed42__clean_P_gen,TargetPoisonFraction@5,0,0,true
phase5_main_matrix,nq__bm25__seed42__clean_P_gen,avg_context_count,5,5,true
phase5_main_matrix,nq__bm25__seed42__clean_P_gen,gate_inputs,1647,1647,true
phase5_main_matrix,nq__bm25__seed42__clean_P_gen,gate_clean_inputs,1647,1647,true
phase5_main_matrix,nq__bm25__seed42__clean_P_gen,gate_poison_inputs,0,0,true
phase5_main_matrix,nq__bm25__seed42__clean_P_ret,num_eval_queries,300,300,true
phase5_main_matrix,nq__bm25__seed42__clean_P_ret,Clean_EM,0,0,true
phase5_main_matrix,nq__bm25__seed42__clean_P_ret,Clean_F1,0.13788089388298308,0.13788089388298308,true
phase5_main_matrix,nq__bm25__seed42__clean_P_ret,ASR,,,true
phase5_main_matrix,nq__bm25__seed42__clean_P_ret,ambiguous_rate,,,true
phase5_main_matrix,nq__bm25__seed42__clean_P_ret,TPR,,,true
phase5_main_matrix,nq__bm25__seed42__clean_P_ret,FPR,0.04426666666666667,0.04426666666666667,true
phase5_main_matrix,nq__bm25__seed42__clean_P_ret,PoisonPresence@5,0,0,true
phase5_main_matrix,nq__bm25__seed42__clean_P_ret,PoisonFraction@5,0,0,true
phase5_main_matrix,nq__bm25__seed42__clean_P_ret,TargetPoisonPresence@5,0,0,true
phase5_main_matrix,nq__bm25__seed42__clean_P_ret,TargetPoisonFraction@5,0,0,true
phase5_main_matrix,nq__bm25__seed42__clean_P_ret,avg_context_count,5,5,true
phase5_main_matrix,nq__bm25__seed42__clean_P_ret,gate_inputs,15000,15000,true
phase5_main_matrix,nq__bm25__seed42__clean_P_ret,gate_clean_inputs,15000,15000,true
phase5_main_matrix,nq__bm25__seed42__clean_P_ret,gate_poison_inputs,0,0,true
phase5_main_matrix,nq__bm25__seed42__clean_no_gate,num_eval_queries,300,300,true
phase5_main_matrix,nq__bm25__seed42__clean_no_gate,Clean_EM,0,0,true
phase5_main_matrix,nq__bm25__seed42__clean_no_gate,Clean_F1,0.15141955042367197,0.15141955042367197,true
phase5_main_matrix,nq__bm25__seed42__clean_no_gate,ASR,,,true
phase5_main_matrix,nq__bm25__seed42__clean_no_gate,ambiguous_rate,,,true
phase5_main_matrix,nq__bm25__seed42__clean_no_gate,TPR,,,true
phase5_main_matrix,nq__bm25__seed42__clean_no_gate,FPR,,,true
phase5_main_matrix,nq__bm25__seed42__clean_no_gate,PoisonPresence@5,0,0,true
phase5_main_matrix,nq__bm25__seed42__clean_no_gate,PoisonFraction@5,0,0,true
phase5_main_matrix,nq__bm25__seed42__clean_no_gate,TargetPoisonPresence@5,0,0,true
phase5_main_matrix,nq__bm25__seed42__clean_no_gate,TargetPoisonFraction@5,0,0,true
phase5_main_matrix,nq__bm25__seed42__clean_no_gate,avg_context_count,5,5,true
phase5_main_matrix,nq__bm25__seed42__clean_no_gate,gate_inputs,0,0,true
phase5_main_matrix,nq__bm25__seed42__clean_no_gate,gate_clean_inputs,0,0,true
phase5_main_matrix,nq__bm25__seed42__clean_no_gate,gate_poison_inputs,0,0,true
phase5_main_matrix,nq__bm25__seed42__poison_P_gen,num_eval_queries,300,300,true
phase5_main_matrix,nq__bm25__seed42__poison_P_gen,Clean_EM,,,true
phase5_main_matrix,nq__bm25__seed42__poison_P_gen,Clean_F1,,,true
phase5_main_matrix,nq__bm25__seed42__poison_P_gen,ASR,0.4066666666666667,0.4066666666666667,true
phase5_main_matrix,nq__bm25__seed42__poison_P_gen,ambiguous_rate,0.013333333333333334,0.013333333333333334,true
phase5_main_matrix,nq__bm25__seed42__poison_P_gen,TPR,0.14054054054054055,0.14054054054054055,true
phase5_main_matrix,nq__bm25__seed42__poison_P_gen,FPR,0.10076530612244898,0.10076530612244898,true
phase5_main_matrix,nq__bm25__seed42__poison_P_gen,PoisonPresence@5,0.63,0.63,true
phase5_main_matrix,nq__bm25__seed42__poison_P_gen,PoisonFraction@5,0.5300000000000004,0.5300000000000004,true
phase5_main_matrix,nq__bm25__seed42__poison_P_gen,TargetPoisonPresence@5,0.63,0.63,true
phase5_main_matrix,nq__bm25__seed42__poison_P_gen,TargetPoisonFraction@5,0.5300000000000004,0.5300000000000004,true
phase5_main_matrix,nq__bm25__seed42__poison_P_gen,avg_context_count,5,5,true
phase5_main_matrix,nq__bm25__seed42__poison_P_gen,gate_inputs,1709,1709,true
phase5_main_matrix,nq__bm25__seed42__poison_P_gen,gate_clean_inputs,784,784,true
phase5_main_matrix,nq__bm25__seed42__poison_P_gen,gate_poison_inputs,925,925,true
phase5_main_matrix,nq__bm25__seed42__poison_P_ret,num_eval_queries,300,300,true
phase5_main_matrix,nq__bm25__seed42__poison_P_ret,Clean_EM,,,true
phase5_main_matrix,nq__bm25__seed42__poison_P_ret,Clean_F1,,,true
phase5_main_matrix,nq__bm25__seed42__poison_P_ret,ASR,0.4066666666666667,0.4066666666666667,true
phase5_main_matrix,nq__bm25__seed42__poison_P_ret,ambiguous_rate,0.013333333333333334,0.013333333333333334,true
phase5_main_matrix,nq__bm25__seed42__poison_P_ret,TPR,0.10974822466107166,0.10974822466107166,true
phase5_main_matrix,nq__bm25__seed42__poison_P_ret,FPR,0.046241915099249124,0.046241915099249124,true
phase5_main_matrix,nq__bm25__seed42__poison_P_ret,PoisonPresence@5,0.63,0.63,true
phase5_main_matrix,nq__bm25__seed42__poison_P_ret,PoisonFraction@5,0.5300000000000004,0.5300000000000004,true
phase5_main_matrix,nq__bm25__seed42__poison_P_ret,TargetPoisonPresence@5,0.63,0.63,true
phase5_main_matrix,nq__bm25__seed42__poison_P_ret,TargetPoisonFraction@5,0.5300000000000004,0.5300000000000004,true
phase5_main_matrix,nq__bm25__seed42__poison_P_ret,avg_context_count,5,5,true
phase5_main_matrix,nq__bm25__seed42__poison_P_ret,gate_inputs,15000,15000,true
phase5_main_matrix,nq__bm25__seed42__poison_P_ret,gate_clean_inputs,13451,13451,true
phase5_main_matrix,nq__bm25__seed42__poison_P_ret,gate_poison_inputs,1549,1549,true
phase5_main_matrix,nq__bm25__seed42__poison_no_gate,num_eval_queries,300,300,true
phase5_main_matrix,nq__bm25__seed42__poison_no_gate,Clean_EM,,,true
phase5_main_matrix,nq__bm25__seed42__poison_no_gate,Clean_F1,,,true
phase5_main_matrix,nq__bm25__seed42__poison_no_gate,ASR,0.44,0.44,true
phase5_main_matrix,nq__bm25__seed42__poison_no_gate,ambiguous_rate,0.013333333333333334,0.013333333333333334,true
phase5_main_matrix,nq__bm25__seed42__poison_no_gate,TPR,,,true
phase5_main_matrix,nq__bm25__seed42__poison_no_gate,FPR,,,true
phase5_main_matrix,nq__bm25__seed42__poison_no_gate,PoisonPresence@5,0.7066666666666667,0.7066666666666667,true
phase5_main_matrix,nq__bm25__seed42__poison_no_gate,PoisonFraction@5,0.590666666666667,0.590666666666667,true
phase5_main_matrix,nq__bm25__seed42__poison_no_gate,TargetPoisonPresence@5,0.7066666666666667,0.7066666666666667,true
phase5_main_matrix,nq__bm25__seed42__poison_no_gate,TargetPoisonFraction@5,0.590666666666667,0.590666666666667,true
phase5_main_matrix,nq__bm25__seed42__poison_no_gate,avg_context_count,5,5,true
phase5_main_matrix,nq__bm25__seed42__poison_no_gate,gate_inputs,0,0,true
phase5_main_matrix,nq__bm25__seed42__poison_no_gate,gate_clean_inputs,0,0,true
phase5_main_matrix,nq__bm25__seed42__poison_no_gate,gate_poison_inputs,0,0,true
phase5d_control_ablation,hotpotqa__bge_dense__seed13__A_simplified_clean_no_gate,num_eval_queries,300,300,true
phase5d_control_ablation,hotpotqa__bge_dense__seed13__A_simplified_clean_no_gate,Clean_EM,0.013333333333333334,0.013333333333333334,true
phase5d_control_ablation,hotpotqa__bge_dense__seed13__A_simplified_clean_no_gate,Clean_F1,0.12952480624108556,0.12952480624108556,true
phase5d_control_ablation,hotpotqa__bge_dense__seed13__A_simplified_clean_no_gate,ASR,,,true
phase5d_control_ablation,hotpotqa__bge_dense__seed13__A_simplified_clean_no_gate,ambiguous_rate,,,true
phase5d_control_ablation,hotpotqa__bge_dense__seed13__A_simplified_clean_no_gate,TPR,,,true
phase5d_control_ablation,hotpotqa__bge_dense__seed13__A_simplified_clean_no_gate,FPR,,,true
phase5d_control_ablation,hotpotqa__bge_dense__seed13__A_simplified_clean_no_gate,PoisonPresence@5,0,0,true
phase5d_control_ablation,hotpotqa__bge_dense__seed13__A_simplified_clean_no_gate,PoisonFraction@5,0,0,true
phase5d_control_ablation,hotpotqa__bge_dense__seed13__A_simplified_clean_no_gate,TargetPoisonPresence@5,0,0,true
phase5d_control_ablation,hotpotqa__bge_dense__seed13__A_simplified_clean_no_gate,TargetPoisonFraction@5,0,0,true
phase5d_control_ablation,hotpotqa__bge_dense__seed13__A_simplified_clean_no_gate,avg_context_count,5,5,true
phase5d_control_ablation,hotpotqa__bge_dense__seed13__A_simplified_clean_no_gate,gate_inputs,0,0,true
phase5d_control_ablation,hotpotqa__bge_dense__seed13__A_simplified_clean_no_gate,gate_clean_inputs,0,0,true
phase5d_control_ablation,hotpotqa__bge_dense__seed13__A_simplified_clean_no_gate,gate_poison_inputs,0,0,true
phase5d_control_ablation,hotpotqa__bge_dense__seed13__A_simplified_poison_no_gate,num_eval_queries,300,300,true
phase5d_control_ablation,hotpotqa__bge_dense__seed13__A_simplified_poison_no_gate,Clean_EM,,,true
phase5d_control_ablation,hotpotqa__bge_dense__seed13__A_simplified_poison_no_gate,Clean_F1,,,true
phase5d_control_ablation,hotpotqa__bge_dense__seed13__A_simplified_poison_no_gate,ASR,0.49,0.49,true
phase5d_control_ablation,hotpotqa__bge_dense__seed13__A_simplified_poison_no_gate,ambiguous_rate,0.016666666666666666,0.016666666666666666,true
phase5d_control_ablation,hotpotqa__bge_dense__seed13__A_simplified_poison_no_gate,TPR,,,true
phase5d_control_ablation,hotpotqa__bge_dense__seed13__A_simplified_poison_no_gate,FPR,,,true
phase5d_control_ablation,hotpotqa__bge_dense__seed13__A_simplified_poison_no_gate,PoisonPresence@5,0.97,0.97,true
phase5d_control_ablation,hotpotqa__bge_dense__seed13__A_simplified_poison_no_gate,PoisonFraction@5,0.7820000000000011,0.7820000000000011,true
phase5d_control_ablation,hotpotqa__bge_dense__seed13__A_simplified_poison_no_gate,TargetPoisonPresence@5,0.97,0.97,true
phase5d_control_ablation,hotpotqa__bge_dense__seed13__A_simplified_poison_no_gate,TargetPoisonFraction@5,0.7820000000000011,0.7820000000000011,true
phase5d_control_ablation,hotpotqa__bge_dense__seed13__A_simplified_poison_no_gate,avg_context_count,5,5,true
phase5d_control_ablation,hotpotqa__bge_dense__seed13__A_simplified_poison_no_gate,gate_inputs,0,0,true
phase5d_control_ablation,hotpotqa__bge_dense__seed13__A_simplified_poison_no_gate,gate_clean_inputs,0,0,true
phase5d_control_ablation,hotpotqa__bge_dense__seed13__A_simplified_poison_no_gate,gate_poison_inputs,0,0,true
phase5d_control_ablation,hotpotqa__bge_dense__seed13__B_single_clean_P_gen,num_eval_queries,300,300,true
phase5d_control_ablation,hotpotqa__bge_dense__seed13__B_single_clean_P_gen,Clean_EM,0.013333333333333334,0.013333333333333334,true
phase5d_control_ablation,hotpotqa__bge_dense__seed13__B_single_clean_P_gen,Clean_F1,0.0876214723465702,0.0876214723465702,true
phase5d_control_ablation,hotpotqa__bge_dense__seed13__B_single_clean_P_gen,ASR,,,true
phase5d_control_ablation,hotpotqa__bge_dense__seed13__B_single_clean_P_gen,ambiguous_rate,,,true
phase5d_control_ablation,hotpotqa__bge_dense__seed13__B_single_clean_P_gen,TPR,,,true
phase5d_control_ablation,hotpotqa__bge_dense__seed13__B_single_clean_P_gen,FPR,0.20592906299629435,0.20592906299629435,true
phase5d_control_ablation,hotpotqa__bge_dense__seed13__B_single_clean_P_gen,PoisonPresence@5,0,0,true
phase5d_control_ablation,hotpotqa__bge_dense__seed13__B_single_clean_P_gen,PoisonFraction@5,0,0,true
phase5d_control_ablation,hotpotqa__bge_dense__seed13__B_single_clean_P_gen,TargetPoisonPresence@5,0,0,true
phase5d_control_ablation,hotpotqa__bge_dense__seed13__B_single_clean_P_gen,TargetPoisonFraction@5,0,0,true
phase5d_control_ablation,hotpotqa__bge_dense__seed13__B_single_clean_P_gen,avg_context_count,5,5,true
phase5d_control_ablation,hotpotqa__bge_dense__seed13__B_single_clean_P_gen,gate_inputs,1889,1889,true
phase5d_control_ablation,hotpotqa__bge_dense__seed13__B_single_clean_P_gen,gate_clean_inputs,1889,1889,true
phase5d_control_ablation,hotpotqa__bge_dense__seed13__B_single_clean_P_gen,gate_poison_inputs,0,0,true
phase5d_control_ablation,hotpotqa__bge_dense__seed13__B_single_clean_P_ret,num_eval_queries,300,300,true
phase5d_control_ablation,hotpotqa__bge_dense__seed13__B_single_clean_P_ret,Clean_EM,0.013333333333333334,0.013333333333333334,true
phase5d_control_ablation,hotpotqa__bge_dense__seed13__B_single_clean_P_ret,Clean_F1,0.0876214723465702,0.0876214723465702,true
phase5d_control_ablation,hotpotqa__bge_dense__seed13__B_single_clean_P_ret,ASR,,,true
phase5d_control_ablation,hotpotqa__bge_dense__seed13__B_single_clean_P_ret,ambiguous_rate,,,true
phase5d_control_ablation,hotpotqa__bge_dense__seed13__B_single_clean_P_ret,TPR,,,true
phase5d_control_ablation,hotpotqa__bge_dense__seed13__B_single_clean_P_ret,FPR,0.04153333333333333,0.04153333333333333,true
phase5d_control_ablation,hotpotqa__bge_dense__seed13__B_single_clean_P_ret,PoisonPresence@5,0,0,true
phase5d_control_ablation,hotpotqa__bge_dense__seed13__B_single_clean_P_ret,PoisonFraction@5,0,0,true
phase5d_control_ablation,hotpotqa__bge_dense__seed13__B_single_clean_P_ret,TargetPoisonPresence@5,0,0,true
phase5d_control_ablation,hotpotqa__bge_dense__seed13__B_single_clean_P_ret,TargetPoisonFraction@5,0,0,true
phase5d_control_ablation,hotpotqa__bge_dense__seed13__B_single_clean_P_ret,avg_context_count,5,5,true
phase5d_control_ablation,hotpotqa__bge_dense__seed13__B_single_clean_P_ret,gate_inputs,15000,15000,true
phase5d_control_ablation,hotpotqa__bge_dense__seed13__B_single_clean_P_ret,gate_clean_inputs,15000,15000,true
phase5d_control_ablation,hotpotqa__bge_dense__seed13__B_single_clean_P_ret,gate_poison_inputs,0,0,true
phase5d_control_ablation,hotpotqa__bge_dense__seed13__B_single_poison_P_gen,num_eval_queries,300,300,true
phase5d_control_ablation,hotpotqa__bge_dense__seed13__B_single_poison_P_gen,Clean_EM,,,true
phase5d_control_ablation,hotpotqa__bge_dense__seed13__B_single_poison_P_gen,Clean_F1,,,true
phase5d_control_ablation,hotpotqa__bge_dense__seed13__B_single_poison_P_gen,ASR,0.0033333333333333335,0.0033333333333333335,true
phase5d_control_ablation,hotpotqa__bge_dense__seed13__B_single_poison_P_gen,ambiguous_rate,0,0,true
phase5d_control_ablation,hotpotqa__bge_dense__seed13__B_single_poison_P_gen,TPR,0.9932659932659933,0.9932659932659933,true
phase5d_control_ablation,hotpotqa__bge_dense__seed13__B_single_poison_P_gen,FPR,0.2066027689030884,0.2066027689030884,true
phase5d_control_ablation,hotpotqa__bge_dense__seed13__B_single_poison_P_gen,PoisonPresence@5,0.01,0.01,true
phase5d_control_ablation,hotpotqa__bge_dense__seed13__B_single_poison_P_gen,PoisonFraction@5,0.006666666666666667,0.006666666666666667,true
phase5d_control_ablation,hotpotqa__bge_dense__seed13__B_single_poison_P_gen,TargetPoisonPresence@5,0,0,true
phase5d_control_ablation,hotpotqa__bge_dense__seed13__B_single_poison_P_gen,TargetPoisonFraction@5,0,0,true
phase5d_control_ablation,hotpotqa__bge_dense__seed13__B_single_poison_P_gen,avg_context_count,5,5,true
phase5d_control_ablation,hotpotqa__bge_dense__seed13__B_single_poison_P_gen,gate_inputs,3363,3363,true
phase5d_control_ablation,hotpotqa__bge_dense__seed13__B_single_poison_P_gen,gate_clean_inputs,1878,1878,true
phase5d_control_ablation,hotpotqa__bge_dense__seed13__B_single_poison_P_gen,gate_poison_inputs,1485,1485,true
phase5d_control_ablation,hotpotqa__bge_dense__seed13__B_single_poison_P_ret,num_eval_queries,300,300,true
phase5d_control_ablation,hotpotqa__bge_dense__seed13__B_single_poison_P_ret,Clean_EM,,,true
phase5d_control_ablation,hotpotqa__bge_dense__seed13__B_single_poison_P_ret,Clean_F1,,,true
phase5d_control_ablation,hotpotqa__bge_dense__seed13__B_single_poison_P_ret,ASR,0.0033333333333333335,0.0033333333333333335,true
phase5d_control_ablation,hotpotqa__bge_dense__seed13__B_single_poison_P_ret,ambiguous_rate,0,0,true
phase5d_control_ablation,hotpotqa__bge_dense__seed13__B_single_poison_P_ret,TPR,0.871824480369515,0.871824480369515,true
phase5d_control_ablation,hotpotqa__bge_dense__seed13__B_single_poison_P_ret,FPR,0.04582454024721134,0.04582454024721134,true
phase5d_control_ablation,hotpotqa__bge_dense__seed13__B_single_poison_P_ret,PoisonPresence@5,0.01,0.01,true
phase5d_control_ablation,hotpotqa__bge_dense__seed13__B_single_poison_P_ret,PoisonFraction@5,0.006666666666666667,0.006666666666666667,true
phase5d_control_ablation,hotpotqa__bge_dense__seed13__B_single_poison_P_ret,TargetPoisonPresence@5,0,0,true
phase5d_control_ablation,hotpotqa__bge_dense__seed13__B_single_poison_P_ret,TargetPoisonFraction@5,0,0,true
phase5d_control_ablation,hotpotqa__bge_dense__seed13__B_single_poison_P_ret,avg_context_count,5,5,true
phase5d_control_ablation,hotpotqa__bge_dense__seed13__B_single_poison_P_ret,gate_inputs,15000,15000,true
phase5d_control_ablation,hotpotqa__bge_dense__seed13__B_single_poison_P_ret,gate_clean_inputs,13268,13268,true
phase5d_control_ablation,hotpotqa__bge_dense__seed13__B_single_poison_P_ret,gate_poison_inputs,1732,1732,true
phase5d_control_ablation,hotpotqa__bge_dense__seed13__C_random_clean_P_gen,num_eval_queries,300,300,true
phase5d_control_ablation,hotpotqa__bge_dense__seed13__C_random_clean_P_gen,Clean_EM,0.01,0.01,true
phase5d_control_ablation,hotpotqa__bge_dense__seed13__C_random_clean_P_gen,Clean_F1,0.1305560035884919,0.1305560035884919,true
phase5d_control_ablation,hotpotqa__bge_dense__seed13__C_random_clean_P_gen,ASR,,,true
phase5d_control_ablation,hotpotqa__bge_dense__seed13__C_random_clean_P_gen,ambiguous_rate,,,true
phase5d_control_ablation,hotpotqa__bge_dense__seed13__C_random_clean_P_gen,TPR,,,true
phase5d_control_ablation,hotpotqa__bge_dense__seed13__C_random_clean_P_gen,FPR,0.22918807810894143,0.22918807810894143,true
phase5d_control_ablation,hotpotqa__bge_dense__seed13__C_random_clean_P_gen,PoisonPresence@5,0,0,true
phase5d_control_ablation,hotpotqa__bge_dense__seed13__C_random_clean_P_gen,PoisonFraction@5,0,0,true
phase5d_control_ablation,hotpotqa__bge_dense__seed13__C_random_clean_P_gen,TargetPoisonPresence@5,0,0,true
phase5d_control_ablation,hotpotqa__bge_dense__seed13__C_random_clean_P_gen,TargetPoisonFraction@5,0,0,true
phase5d_control_ablation,hotpotqa__bge_dense__seed13__C_random_clean_P_gen,avg_context_count,5,5,true
phase5d_control_ablation,hotpotqa__bge_dense__seed13__C_random_clean_P_gen,gate_inputs,1946,1946,true
phase5d_control_ablation,hotpotqa__bge_dense__seed13__C_random_clean_P_gen,gate_clean_inputs,1946,1946,true
phase5d_control_ablation,hotpotqa__bge_dense__seed13__C_random_clean_P_gen,gate_poison_inputs,0,0,true
phase5d_control_ablation,hotpotqa__bge_dense__seed13__C_random_clean_P_ret,num_eval_queries,300,300,true
phase5d_control_ablation,hotpotqa__bge_dense__seed13__C_random_clean_P_ret,Clean_EM,0.013333333333333334,0.013333333333333334,true
phase5d_control_ablation,hotpotqa__bge_dense__seed13__C_random_clean_P_ret,Clean_F1,0.13478446538621952,0.13478446538621952,true
phase5d_control_ablation,hotpotqa__bge_dense__seed13__C_random_clean_P_ret,ASR,,,true
phase5d_control_ablation,hotpotqa__bge_dense__seed13__C_random_clean_P_ret,ambiguous_rate,,,true
phase5d_control_ablation,hotpotqa__bge_dense__seed13__C_random_clean_P_ret,TPR,,,true
phase5d_control_ablation,hotpotqa__bge_dense__seed13__C_random_clean_P_ret,FPR,0.05146666666666667,0.05146666666666667,true
phase5d_control_ablation,hotpotqa__bge_dense__seed13__C_random_clean_P_ret,PoisonPresence@5,0,0,true
phase5d_control_ablation,hotpotqa__bge_dense__seed13__C_random_clean_P_ret,PoisonFraction@5,0,0,true
phase5d_control_ablation,hotpotqa__bge_dense__seed13__C_random_clean_P_ret,TargetPoisonPresence@5,0,0,true
phase5d_control_ablation,hotpotqa__bge_dense__seed13__C_random_clean_P_ret,TargetPoisonFraction@5,0,0,true
phase5d_control_ablation,hotpotqa__bge_dense__seed13__C_random_clean_P_ret,avg_context_count,5,5,true
phase5d_control_ablation,hotpotqa__bge_dense__seed13__C_random_clean_P_ret,gate_inputs,15000,15000,true
phase5d_control_ablation,hotpotqa__bge_dense__seed13__C_random_clean_P_ret,gate_clean_inputs,15000,15000,true
phase5d_control_ablation,hotpotqa__bge_dense__seed13__C_random_clean_P_ret,gate_poison_inputs,0,0,true
phase5d_control_ablation,hotpotqa__bge_dense__seed13__C_random_poison_P_gen,num_eval_queries,300,300,true
phase5d_control_ablation,hotpotqa__bge_dense__seed13__C_random_poison_P_gen,Clean_EM,,,true
phase5d_control_ablation,hotpotqa__bge_dense__seed13__C_random_poison_P_gen,Clean_F1,,,true
phase5d_control_ablation,hotpotqa__bge_dense__seed13__C_random_poison_P_gen,ASR,0.35333333333333333,0.35333333333333333,true
phase5d_control_ablation,hotpotqa__bge_dense__seed13__C_random_poison_P_gen,ambiguous_rate,0.043333333333333335,0.043333333333333335,true
phase5d_control_ablation,hotpotqa__bge_dense__seed13__C_random_poison_P_gen,TPR,0.5495923913043478,0.5495923913043478,true
phase5d_control_ablation,hotpotqa__bge_dense__seed13__C_random_poison_P_gen,FPR,0.5620094191522763,0.5620094191522763,true
phase5d_control_ablation,hotpotqa__bge_dense__seed13__C_random_poison_P_gen,PoisonPresence@5,0.9533333333333334,0.9533333333333334,true
phase5d_control_ablation,hotpotqa__bge_dense__seed13__C_random_poison_P_gen,PoisonFraction@5,0.4420000000000007,0.4420000000000007,true
phase5d_control_ablation,hotpotqa__bge_dense__seed13__C_random_poison_P_gen,TargetPoisonPresence@5,0.9533333333333334,0.9533333333333334,true
phase5d_control_ablation,hotpotqa__bge_dense__seed13__C_random_poison_P_gen,TargetPoisonFraction@5,0.4366666666666674,0.4366666666666674,true
phase5d_control_ablation,hotpotqa__bge_dense__seed13__C_random_poison_P_gen,avg_context_count,5,5,true
phase5d_control_ablation,hotpotqa__bge_dense__seed13__C_random_poison_P_gen,gate_inputs,3383,3383,true
phase5d_control_ablation,hotpotqa__bge_dense__seed13__C_random_poison_P_gen,gate_clean_inputs,1911,1911,true
phase5d_control_ablation,hotpotqa__bge_dense__seed13__C_random_poison_P_gen,gate_poison_inputs,1472,1472,true
phase5d_control_ablation,hotpotqa__bge_dense__seed13__C_random_poison_P_ret,num_eval_queries,300,300,true
phase5d_control_ablation,hotpotqa__bge_dense__seed13__C_random_poison_P_ret,Clean_EM,,,true
phase5d_control_ablation,hotpotqa__bge_dense__seed13__C_random_poison_P_ret,Clean_F1,,,true
phase5d_control_ablation,hotpotqa__bge_dense__seed13__C_random_poison_P_ret,ASR,0.42333333333333334,0.42333333333333334,true
phase5d_control_ablation,hotpotqa__bge_dense__seed13__C_random_poison_P_ret,ambiguous_rate,0.03333333333333333,0.03333333333333333,true
phase5d_control_ablation,hotpotqa__bge_dense__seed13__C_random_poison_P_ret,TPR,0.15473441108545036,0.15473441108545036,true
phase5d_control_ablation,hotpotqa__bge_dense__seed13__C_random_poison_P_ret,FPR,0.1474977389207115,0.1474977389207115,true
phase5d_control_ablation,hotpotqa__bge_dense__seed13__C_random_poison_P_ret,PoisonPresence@5,0.9733333333333334,0.9733333333333334,true
phase5d_control_ablation,hotpotqa__bge_dense__seed13__C_random_poison_P_ret,PoisonFraction@5,0.6866666666666668,0.6866666666666668,true
phase5d_control_ablation,hotpotqa__bge_dense__seed13__C_random_poison_P_ret,TargetPoisonPresence@5,0.9733333333333334,0.9733333333333334,true
phase5d_control_ablation,hotpotqa__bge_dense__seed13__C_random_poison_P_ret,TargetPoisonFraction@5,0.6866666666666668,0.6866666666666668,true
phase5d_control_ablation,hotpotqa__bge_dense__seed13__C_random_poison_P_ret,avg_context_count,5,5,true
phase5d_control_ablation,hotpotqa__bge_dense__seed13__C_random_poison_P_ret,gate_inputs,15000,15000,true
phase5d_control_ablation,hotpotqa__bge_dense__seed13__C_random_poison_P_ret,gate_clean_inputs,13268,13268,true
phase5d_control_ablation,hotpotqa__bge_dense__seed13__C_random_poison_P_ret,gate_poison_inputs,1732,1732,true
phase5d_control_ablation,hotpotqa__bge_dense__seed2026__A_simplified_clean_no_gate,num_eval_queries,300,300,true
phase5d_control_ablation,hotpotqa__bge_dense__seed2026__A_simplified_clean_no_gate,Clean_EM,0.013333333333333334,0.013333333333333334,true
phase5d_control_ablation,hotpotqa__bge_dense__seed2026__A_simplified_clean_no_gate,Clean_F1,0.12952480624108556,0.12952480624108556,true
phase5d_control_ablation,hotpotqa__bge_dense__seed2026__A_simplified_clean_no_gate,ASR,,,true
phase5d_control_ablation,hotpotqa__bge_dense__seed2026__A_simplified_clean_no_gate,ambiguous_rate,,,true
phase5d_control_ablation,hotpotqa__bge_dense__seed2026__A_simplified_clean_no_gate,TPR,,,true
phase5d_control_ablation,hotpotqa__bge_dense__seed2026__A_simplified_clean_no_gate,FPR,,,true
phase5d_control_ablation,hotpotqa__bge_dense__seed2026__A_simplified_clean_no_gate,PoisonPresence@5,0,0,true
phase5d_control_ablation,hotpotqa__bge_dense__seed2026__A_simplified_clean_no_gate,PoisonFraction@5,0,0,true
phase5d_control_ablation,hotpotqa__bge_dense__seed2026__A_simplified_clean_no_gate,TargetPoisonPresence@5,0,0,true
phase5d_control_ablation,hotpotqa__bge_dense__seed2026__A_simplified_clean_no_gate,TargetPoisonFraction@5,0,0,true
phase5d_control_ablation,hotpotqa__bge_dense__seed2026__A_simplified_clean_no_gate,avg_context_count,5,5,true
phase5d_control_ablation,hotpotqa__bge_dense__seed2026__A_simplified_clean_no_gate,gate_inputs,0,0,true
phase5d_control_ablation,hotpotqa__bge_dense__seed2026__A_simplified_clean_no_gate,gate_clean_inputs,0,0,true
phase5d_control_ablation,hotpotqa__bge_dense__seed2026__A_simplified_clean_no_gate,gate_poison_inputs,0,0,true
phase5d_control_ablation,hotpotqa__bge_dense__seed2026__A_simplified_poison_no_gate,num_eval_queries,300,300,true
phase5d_control_ablation,hotpotqa__bge_dense__seed2026__A_simplified_poison_no_gate,Clean_EM,,,true
phase5d_control_ablation,hotpotqa__bge_dense__seed2026__A_simplified_poison_no_gate,Clean_F1,,,true
phase5d_control_ablation,hotpotqa__bge_dense__seed2026__A_simplified_poison_no_gate,ASR,0.4766666666666667,0.4766666666666667,true
phase5d_control_ablation,hotpotqa__bge_dense__seed2026__A_simplified_poison_no_gate,ambiguous_rate,0.013333333333333334,0.013333333333333334,true
phase5d_control_ablation,hotpotqa__bge_dense__seed2026__A_simplified_poison_no_gate,TPR,,,true
phase5d_control_ablation,hotpotqa__bge_dense__seed2026__A_simplified_poison_no_gate,FPR,,,true
phase5d_control_ablation,hotpotqa__bge_dense__seed2026__A_simplified_poison_no_gate,PoisonPresence@5,0.96,0.96,true
phase5d_control_ablation,hotpotqa__bge_dense__seed2026__A_simplified_poison_no_gate,PoisonFraction@5,0.7766666666666677,0.7766666666666677,true
phase5d_control_ablation,hotpotqa__bge_dense__seed2026__A_simplified_poison_no_gate,TargetPoisonPresence@5,0.96,0.96,true
phase5d_control_ablation,hotpotqa__bge_dense__seed2026__A_simplified_poison_no_gate,TargetPoisonFraction@5,0.7766666666666677,0.7766666666666677,true
phase5d_control_ablation,hotpotqa__bge_dense__seed2026__A_simplified_poison_no_gate,avg_context_count,5,5,true
phase5d_control_ablation,hotpotqa__bge_dense__seed2026__A_simplified_poison_no_gate,gate_inputs,0,0,true
phase5d_control_ablation,hotpotqa__bge_dense__seed2026__A_simplified_poison_no_gate,gate_clean_inputs,0,0,true
phase5d_control_ablation,hotpotqa__bge_dense__seed2026__A_simplified_poison_no_gate,gate_poison_inputs,0,0,true
phase5d_control_ablation,hotpotqa__bge_dense__seed2026__B_single_clean_P_gen,num_eval_queries,300,300,true
phase5d_control_ablation,hotpotqa__bge_dense__seed2026__B_single_clean_P_gen,Clean_EM,0.013333333333333334,0.013333333333333334,true
phase5d_control_ablation,hotpotqa__bge_dense__seed2026__B_single_clean_P_gen,Clean_F1,0.0876214723465702,0.0876214723465702,true
phase5d_control_ablation,hotpotqa__bge_dense__seed2026__B_single_clean_P_gen,ASR,,,true
phase5d_control_ablation,hotpotqa__bge_dense__seed2026__B_single_clean_P_gen,ambiguous_rate,,,true
phase5d_control_ablation,hotpotqa__bge_dense__seed2026__B_single_clean_P_gen,TPR,,,true
phase5d_control_ablation,hotpotqa__bge_dense__seed2026__B_single_clean_P_gen,FPR,0.20592906299629435,0.20592906299629435,true
phase5d_control_ablation,hotpotqa__bge_dense__seed2026__B_single_clean_P_gen,PoisonPresence@5,0,0,true
phase5d_control_ablation,hotpotqa__bge_dense__seed2026__B_single_clean_P_gen,PoisonFraction@5,0,0,true
phase5d_control_ablation,hotpotqa__bge_dense__seed2026__B_single_clean_P_gen,TargetPoisonPresence@5,0,0,true
phase5d_control_ablation,hotpotqa__bge_dense__seed2026__B_single_clean_P_gen,TargetPoisonFraction@5,0,0,true
phase5d_control_ablation,hotpotqa__bge_dense__seed2026__B_single_clean_P_gen,avg_context_count,5,5,true
phase5d_control_ablation,hotpotqa__bge_dense__seed2026__B_single_clean_P_gen,gate_inputs,1889,1889,true
phase5d_control_ablation,hotpotqa__bge_dense__seed2026__B_single_clean_P_gen,gate_clean_inputs,1889,1889,true
phase5d_control_ablation,hotpotqa__bge_dense__seed2026__B_single_clean_P_gen,gate_poison_inputs,0,0,true
phase5d_control_ablation,hotpotqa__bge_dense__seed2026__B_single_clean_P_ret,num_eval_queries,300,300,true
phase5d_control_ablation,hotpotqa__bge_dense__seed2026__B_single_clean_P_ret,Clean_EM,0.013333333333333334,0.013333333333333334,true
phase5d_control_ablation,hotpotqa__bge_dense__seed2026__B_single_clean_P_ret,Clean_F1,0.0876214723465702,0.0876214723465702,true
phase5d_control_ablation,hotpotqa__bge_dense__seed2026__B_single_clean_P_ret,ASR,,,true
phase5d_control_ablation,hotpotqa__bge_dense__seed2026__B_single_clean_P_ret,ambiguous_rate,,,true
phase5d_control_ablation,hotpotqa__bge_dense__seed2026__B_single_clean_P_ret,TPR,,,true
phase5d_control_ablation,hotpotqa__bge_dense__seed2026__B_single_clean_P_ret,FPR,0.04153333333333333,0.04153333333333333,true
phase5d_control_ablation,hotpotqa__bge_dense__seed2026__B_single_clean_P_ret,PoisonPresence@5,0,0,true
phase5d_control_ablation,hotpotqa__bge_dense__seed2026__B_single_clean_P_ret,PoisonFraction@5,0,0,true
phase5d_control_ablation,hotpotqa__bge_dense__seed2026__B_single_clean_P_ret,TargetPoisonPresence@5,0,0,true
phase5d_control_ablation,hotpotqa__bge_dense__seed2026__B_single_clean_P_ret,TargetPoisonFraction@5,0,0,true
phase5d_control_ablation,hotpotqa__bge_dense__seed2026__B_single_clean_P_ret,avg_context_count,5,5,true
phase5d_control_ablation,hotpotqa__bge_dense__seed2026__B_single_clean_P_ret,gate_inputs,15000,15000,true
phase5d_control_ablation,hotpotqa__bge_dense__seed2026__B_single_clean_P_ret,gate_clean_inputs,15000,15000,true
phase5d_control_ablation,hotpotqa__bge_dense__seed2026__B_single_clean_P_ret,gate_poison_inputs,0,0,true
phase5d_control_ablation,hotpotqa__bge_dense__seed2026__B_single_poison_P_gen,num_eval_queries,300,300,true
phase5d_control_ablation,hotpotqa__bge_dense__seed2026__B_single_poison_P_gen,Clean_EM,,,true
phase5d_control_ablation,hotpotqa__bge_dense__seed2026__B_single_poison_P_gen,Clean_F1,,,true
phase5d_control_ablation,hotpotqa__bge_dense__seed2026__B_single_poison_P_gen,ASR,0,0,true
phase5d_control_ablation,hotpotqa__bge_dense__seed2026__B_single_poison_P_gen,ambiguous_rate,0,0,true
phase5d_control_ablation,hotpotqa__bge_dense__seed2026__B_single_poison_P_gen,TPR,0.9906914893617021,0.9906914893617021,true
phase5d_control_ablation,hotpotqa__bge_dense__seed2026__B_single_poison_P_gen,FPR,0.20746666666666666,0.20746666666666666,true
phase5d_control_ablation,hotpotqa__bge_dense__seed2026__B_single_poison_P_gen,PoisonPresence@5,0.02,0.02,true
phase5d_control_ablation,hotpotqa__bge_dense__seed2026__B_single_poison_P_gen,PoisonFraction@5,0.009333333333333334,0.009333333333333334,true
phase5d_control_ablation,hotpotqa__bge_dense__seed2026__B_single_poison_P_gen,TargetPoisonPresence@5,0,0,true
phase5d_control_ablation,hotpotqa__bge_dense__seed2026__B_single_poison_P_gen,TargetPoisonFraction@5,0,0,true
phase5d_control_ablation,hotpotqa__bge_dense__seed2026__B_single_poison_P_gen,avg_context_count,5,5,true
phase5d_control_ablation,hotpotqa__bge_dense__seed2026__B_single_poison_P_gen,gate_inputs,3379,3379,true
phase5d_control_ablation,hotpotqa__bge_dense__seed2026__B_single_poison_P_gen,gate_clean_inputs,1875,1875,true
phase5d_control_ablation,hotpotqa__bge_dense__seed2026__B_single_poison_P_gen,gate_poison_inputs,1504,1504,true
phase5d_control_ablation,hotpotqa__bge_dense__seed2026__B_single_poison_P_ret,num_eval_queries,300,300,true
phase5d_control_ablation,hotpotqa__bge_dense__seed2026__B_single_poison_P_ret,Clean_EM,,,true
phase5d_control_ablation,hotpotqa__bge_dense__seed2026__B_single_poison_P_ret,Clean_F1,,,true
phase5d_control_ablation,hotpotqa__bge_dense__seed2026__B_single_poison_P_ret,ASR,0,0,true
phase5d_control_ablation,hotpotqa__bge_dense__seed2026__B_single_poison_P_ret,ambiguous_rate,0,0,true
phase5d_control_ablation,hotpotqa__bge_dense__seed2026__B_single_poison_P_ret,TPR,0.8633504859919954,0.8633504859919954,true
phase5d_control_ablation,hotpotqa__bge_dense__seed2026__B_single_poison_P_ret,FPR,0.04580786355746736,0.04580786355746736,true
phase5d_control_ablation,hotpotqa__bge_dense__seed2026__B_single_poison_P_ret,PoisonPresence@5,0.02,0.02,true
phase5d_control_ablation,hotpotqa__bge_dense__seed2026__B_single_poison_P_ret,PoisonFraction@5,0.009333333333333334,0.009333333333333334,true
phase5d_control_ablation,hotpotqa__bge_dense__seed2026__B_single_poison_P_ret,TargetPoisonPresence@5,0,0,true
phase5d_control_ablation,hotpotqa__bge_dense__seed2026__B_single_poison_P_ret,TargetPoisonFraction@5,0,0,true
phase5d_control_ablation,hotpotqa__bge_dense__seed2026__B_single_poison_P_ret,avg_context_count,5,5,true
phase5d_control_ablation,hotpotqa__bge_dense__seed2026__B_single_poison_P_ret,gate_inputs,15000,15000,true
phase5d_control_ablation,hotpotqa__bge_dense__seed2026__B_single_poison_P_ret,gate_clean_inputs,13251,13251,true
phase5d_control_ablation,hotpotqa__bge_dense__seed2026__B_single_poison_P_ret,gate_poison_inputs,1749,1749,true
phase5d_control_ablation,hotpotqa__bge_dense__seed2026__C_random_clean_P_gen,num_eval_queries,300,300,true
phase5d_control_ablation,hotpotqa__bge_dense__seed2026__C_random_clean_P_gen,Clean_EM,0.013333333333333334,0.013333333333333334,true
phase5d_control_ablation,hotpotqa__bge_dense__seed2026__C_random_clean_P_gen,Clean_F1,0.12414726901109657,0.12414726901109657,true
phase5d_control_ablation,hotpotqa__bge_dense__seed2026__C_random_clean_P_gen,ASR,,,true
phase5d_control_ablation,hotpotqa__bge_dense__seed2026__C_random_clean_P_gen,ambiguous_rate,,,true
phase5d_control_ablation,hotpotqa__bge_dense__seed2026__C_random_clean_P_gen,TPR,,,true
phase5d_control_ablation,hotpotqa__bge_dense__seed2026__C_random_clean_P_gen,FPR,0.22918807810894143,0.22918807810894143,true
phase5d_control_ablation,hotpotqa__bge_dense__seed2026__C_random_clean_P_gen,PoisonPresence@5,0,0,true
phase5d_control_ablation,hotpotqa__bge_dense__seed2026__C_random_clean_P_gen,PoisonFraction@5,0,0,true
phase5d_control_ablation,hotpotqa__bge_dense__seed2026__C_random_clean_P_gen,TargetPoisonPresence@5,0,0,true
phase5d_control_ablation,hotpotqa__bge_dense__seed2026__C_random_clean_P_gen,TargetPoisonFraction@5,0,0,true
phase5d_control_ablation,hotpotqa__bge_dense__seed2026__C_random_clean_P_gen,avg_context_count,5,5,true
phase5d_control_ablation,hotpotqa__bge_dense__seed2026__C_random_clean_P_gen,gate_inputs,1946,1946,true
phase5d_control_ablation,hotpotqa__bge_dense__seed2026__C_random_clean_P_gen,gate_clean_inputs,1946,1946,true
phase5d_control_ablation,hotpotqa__bge_dense__seed2026__C_random_clean_P_gen,gate_poison_inputs,0,0,true
phase5d_control_ablation,hotpotqa__bge_dense__seed2026__C_random_clean_P_ret,num_eval_queries,300,300,true
phase5d_control_ablation,hotpotqa__bge_dense__seed2026__C_random_clean_P_ret,Clean_EM,0.016666666666666666,0.016666666666666666,true
phase5d_control_ablation,hotpotqa__bge_dense__seed2026__C_random_clean_P_ret,Clean_F1,0.13801391915918806,0.13801391915918806,true
phase5d_control_ablation,hotpotqa__bge_dense__seed2026__C_random_clean_P_ret,ASR,,,true
phase5d_control_ablation,hotpotqa__bge_dense__seed2026__C_random_clean_P_ret,ambiguous_rate,,,true
phase5d_control_ablation,hotpotqa__bge_dense__seed2026__C_random_clean_P_ret,TPR,,,true
phase5d_control_ablation,hotpotqa__bge_dense__seed2026__C_random_clean_P_ret,FPR,0.05146666666666667,0.05146666666666667,true
phase5d_control_ablation,hotpotqa__bge_dense__seed2026__C_random_clean_P_ret,PoisonPresence@5,0,0,true
phase5d_control_ablation,hotpotqa__bge_dense__seed2026__C_random_clean_P_ret,PoisonFraction@5,0,0,true
phase5d_control_ablation,hotpotqa__bge_dense__seed2026__C_random_clean_P_ret,TargetPoisonPresence@5,0,0,true
phase5d_control_ablation,hotpotqa__bge_dense__seed2026__C_random_clean_P_ret,TargetPoisonFraction@5,0,0,true
phase5d_control_ablation,hotpotqa__bge_dense__seed2026__C_random_clean_P_ret,avg_context_count,5,5,true
phase5d_control_ablation,hotpotqa__bge_dense__seed2026__C_random_clean_P_ret,gate_inputs,15000,15000,true
phase5d_control_ablation,hotpotqa__bge_dense__seed2026__C_random_clean_P_ret,gate_clean_inputs,15000,15000,true
phase5d_control_ablation,hotpotqa__bge_dense__seed2026__C_random_clean_P_ret,gate_poison_inputs,0,0,true
phase5d_control_ablation,hotpotqa__bge_dense__seed2026__C_random_poison_P_gen,num_eval_queries,300,300,true
phase5d_control_ablation,hotpotqa__bge_dense__seed2026__C_random_poison_P_gen,Clean_EM,,,true
phase5d_control_ablation,hotpotqa__bge_dense__seed2026__C_random_poison_P_gen,Clean_F1,,,true
phase5d_control_ablation,hotpotqa__bge_dense__seed2026__C_random_poison_P_gen,ASR,0.4166666666666667,0.4166666666666667,true
phase5d_control_ablation,hotpotqa__bge_dense__seed2026__C_random_poison_P_gen,ambiguous_rate,0.02,0.02,true
phase5d_control_ablation,hotpotqa__bge_dense__seed2026__C_random_poison_P_gen,TPR,0.5307076101468625,0.5307076101468625,true
phase5d_control_ablation,hotpotqa__bge_dense__seed2026__C_random_poison_P_gen,FPR,0.576063829787234,0.576063829787234,true
phase5d_control_ablation,hotpotqa__bge_dense__seed2026__C_random_poison_P_gen,PoisonPresence@5,0.9666666666666667,0.9666666666666667,true
phase5d_control_ablation,hotpotqa__bge_dense__seed2026__C_random_poison_P_gen,PoisonFraction@5,0.46866666666666673,0.46866666666666673,true
phase5d_control_ablation,hotpotqa__bge_dense__seed2026__C_random_poison_P_gen,TargetPoisonPresence@5,0.9666666666666667,0.9666666666666667,true
phase5d_control_ablation,hotpotqa__bge_dense__seed2026__C_random_poison_P_gen,TargetPoisonFraction@5,0.46133333333333343,0.46133333333333343,true
phase5d_control_ablation,hotpotqa__bge_dense__seed2026__C_random_poison_P_gen,avg_context_count,5,5,true
phase5d_control_ablation,hotpotqa__bge_dense__seed2026__C_random_poison_P_gen,gate_inputs,3378,3378,true
phase5d_control_ablation,hotpotqa__bge_dense__seed2026__C_random_poison_P_gen,gate_clean_inputs,1880,1880,true
phase5d_control_ablation,hotpotqa__bge_dense__seed2026__C_random_poison_P_gen,gate_poison_inputs,1498,1498,true
phase5d_control_ablation,hotpotqa__bge_dense__seed2026__C_random_poison_P_ret,num_eval_queries,300,300,true
phase5d_control_ablation,hotpotqa__bge_dense__seed2026__C_random_poison_P_ret,Clean_EM,,,true
phase5d_control_ablation,hotpotqa__bge_dense__seed2026__C_random_poison_P_ret,Clean_F1,,,true
phase5d_control_ablation,hotpotqa__bge_dense__seed2026__C_random_poison_P_ret,ASR,0.44666666666666666,0.44666666666666666,true
phase5d_control_ablation,hotpotqa__bge_dense__seed2026__C_random_poison_P_ret,ambiguous_rate,0.016666666666666666,0.016666666666666666,true
phase5d_control_ablation,hotpotqa__bge_dense__seed2026__C_random_poison_P_ret,TPR,0.14636935391652373,0.14636935391652373,true
phase5d_control_ablation,hotpotqa__bge_dense__seed2026__C_random_poison_P_ret,FPR,0.14693230699569843,0.14693230699569843,true
phase5d_control_ablation,hotpotqa__bge_dense__seed2026__C_random_poison_P_ret,PoisonPresence@5,0.9866666666666667,0.9866666666666667,true
phase5d_control_ablation,hotpotqa__bge_dense__seed2026__C_random_poison_P_ret,PoisonFraction@5,0.7060000000000002,0.7060000000000002,true
phase5d_control_ablation,hotpotqa__bge_dense__seed2026__C_random_poison_P_ret,TargetPoisonPresence@5,0.9866666666666667,0.9866666666666667,true
phase5d_control_ablation,hotpotqa__bge_dense__seed2026__C_random_poison_P_ret,TargetPoisonFraction@5,0.7060000000000002,0.7060000000000002,true
phase5d_control_ablation,hotpotqa__bge_dense__seed2026__C_random_poison_P_ret,avg_context_count,5,5,true
phase5d_control_ablation,hotpotqa__bge_dense__seed2026__C_random_poison_P_ret,gate_inputs,15000,15000,true
phase5d_control_ablation,hotpotqa__bge_dense__seed2026__C_random_poison_P_ret,gate_clean_inputs,13251,13251,true
phase5d_control_ablation,hotpotqa__bge_dense__seed2026__C_random_poison_P_ret,gate_poison_inputs,1749,1749,true
phase5d_control_ablation,hotpotqa__bge_dense__seed42__A_simplified_clean_no_gate,num_eval_queries,300,300,true
phase5d_control_ablation,hotpotqa__bge_dense__seed42__A_simplified_clean_no_gate,Clean_EM,0.013333333333333334,0.013333333333333334,true
phase5d_control_ablation,hotpotqa__bge_dense__seed42__A_simplified_clean_no_gate,Clean_F1,0.12952480624108556,0.12952480624108556,true
phase5d_control_ablation,hotpotqa__bge_dense__seed42__A_simplified_clean_no_gate,ASR,,,true
phase5d_control_ablation,hotpotqa__bge_dense__seed42__A_simplified_clean_no_gate,ambiguous_rate,,,true
phase5d_control_ablation,hotpotqa__bge_dense__seed42__A_simplified_clean_no_gate,TPR,,,true
phase5d_control_ablation,hotpotqa__bge_dense__seed42__A_simplified_clean_no_gate,FPR,,,true
phase5d_control_ablation,hotpotqa__bge_dense__seed42__A_simplified_clean_no_gate,PoisonPresence@5,0,0,true
phase5d_control_ablation,hotpotqa__bge_dense__seed42__A_simplified_clean_no_gate,PoisonFraction@5,0,0,true
phase5d_control_ablation,hotpotqa__bge_dense__seed42__A_simplified_clean_no_gate,TargetPoisonPresence@5,0,0,true
phase5d_control_ablation,hotpotqa__bge_dense__seed42__A_simplified_clean_no_gate,TargetPoisonFraction@5,0,0,true
phase5d_control_ablation,hotpotqa__bge_dense__seed42__A_simplified_clean_no_gate,avg_context_count,5,5,true
phase5d_control_ablation,hotpotqa__bge_dense__seed42__A_simplified_clean_no_gate,gate_inputs,0,0,true
phase5d_control_ablation,hotpotqa__bge_dense__seed42__A_simplified_clean_no_gate,gate_clean_inputs,0,0,true
phase5d_control_ablation,hotpotqa__bge_dense__seed42__A_simplified_clean_no_gate,gate_poison_inputs,0,0,true
phase5d_control_ablation,hotpotqa__bge_dense__seed42__A_simplified_poison_no_gate,num_eval_queries,300,300,true
phase5d_control_ablation,hotpotqa__bge_dense__seed42__A_simplified_poison_no_gate,Clean_EM,,,true
phase5d_control_ablation,hotpotqa__bge_dense__seed42__A_simplified_poison_no_gate,Clean_F1,,,true
phase5d_control_ablation,hotpotqa__bge_dense__seed42__A_simplified_poison_no_gate,ASR,0.49666666666666665,0.49666666666666665,true
phase5d_control_ablation,hotpotqa__bge_dense__seed42__A_simplified_poison_no_gate,ambiguous_rate,0.023333333333333334,0.023333333333333334,true
phase5d_control_ablation,hotpotqa__bge_dense__seed42__A_simplified_poison_no_gate,TPR,,,true
phase5d_control_ablation,hotpotqa__bge_dense__seed42__A_simplified_poison_no_gate,FPR,,,true
phase5d_control_ablation,hotpotqa__bge_dense__seed42__A_simplified_poison_no_gate,PoisonPresence@5,0.9433333333333334,0.9433333333333334,true
phase5d_control_ablation,hotpotqa__bge_dense__seed42__A_simplified_poison_no_gate,PoisonFraction@5,0.7640000000000008,0.7640000000000008,true
phase5d_control_ablation,hotpotqa__bge_dense__seed42__A_simplified_poison_no_gate,TargetPoisonPresence@5,0.9433333333333334,0.9433333333333334,true
phase5d_control_ablation,hotpotqa__bge_dense__seed42__A_simplified_poison_no_gate,TargetPoisonFraction@5,0.7640000000000008,0.7640000000000008,true
phase5d_control_ablation,hotpotqa__bge_dense__seed42__A_simplified_poison_no_gate,avg_context_count,5,5,true
phase5d_control_ablation,hotpotqa__bge_dense__seed42__A_simplified_poison_no_gate,gate_inputs,0,0,true
phase5d_control_ablation,hotpotqa__bge_dense__seed42__A_simplified_poison_no_gate,gate_clean_inputs,0,0,true
phase5d_control_ablation,hotpotqa__bge_dense__seed42__A_simplified_poison_no_gate,gate_poison_inputs,0,0,true
phase5d_control_ablation,hotpotqa__bge_dense__seed42__B_single_clean_P_gen,num_eval_queries,300,300,true
phase5d_control_ablation,hotpotqa__bge_dense__seed42__B_single_clean_P_gen,Clean_EM,0.013333333333333334,0.013333333333333334,true
phase5d_control_ablation,hotpotqa__bge_dense__seed42__B_single_clean_P_gen,Clean_F1,0.0876214723465702,0.0876214723465702,true
phase5d_control_ablation,hotpotqa__bge_dense__seed42__B_single_clean_P_gen,ASR,,,true
phase5d_control_ablation,hotpotqa__bge_dense__seed42__B_single_clean_P_gen,ambiguous_rate,,,true
phase5d_control_ablation,hotpotqa__bge_dense__seed42__B_single_clean_P_gen,TPR,,,true
phase5d_control_ablation,hotpotqa__bge_dense__seed42__B_single_clean_P_gen,FPR,0.20592906299629435,0.20592906299629435,true
phase5d_control_ablation,hotpotqa__bge_dense__seed42__B_single_clean_P_gen,PoisonPresence@5,0,0,true
phase5d_control_ablation,hotpotqa__bge_dense__seed42__B_single_clean_P_gen,PoisonFraction@5,0,0,true
phase5d_control_ablation,hotpotqa__bge_dense__seed42__B_single_clean_P_gen,TargetPoisonPresence@5,0,0,true
phase5d_control_ablation,hotpotqa__bge_dense__seed42__B_single_clean_P_gen,TargetPoisonFraction@5,0,0,true
phase5d_control_ablation,hotpotqa__bge_dense__seed42__B_single_clean_P_gen,avg_context_count,5,5,true
phase5d_control_ablation,hotpotqa__bge_dense__seed42__B_single_clean_P_gen,gate_inputs,1889,1889,true
phase5d_control_ablation,hotpotqa__bge_dense__seed42__B_single_clean_P_gen,gate_clean_inputs,1889,1889,true
phase5d_control_ablation,hotpotqa__bge_dense__seed42__B_single_clean_P_gen,gate_poison_inputs,0,0,true
phase5d_control_ablation,hotpotqa__bge_dense__seed42__B_single_clean_P_ret,num_eval_queries,300,300,true
phase5d_control_ablation,hotpotqa__bge_dense__seed42__B_single_clean_P_ret,Clean_EM,0.013333333333333334,0.013333333333333334,true
phase5d_control_ablation,hotpotqa__bge_dense__seed42__B_single_clean_P_ret,Clean_F1,0.0876214723465702,0.0876214723465702,true
phase5d_control_ablation,hotpotqa__bge_dense__seed42__B_single_clean_P_ret,ASR,,,true
phase5d_control_ablation,hotpotqa__bge_dense__seed42__B_single_clean_P_ret,ambiguous_rate,,,true
phase5d_control_ablation,hotpotqa__bge_dense__seed42__B_single_clean_P_ret,TPR,,,true
phase5d_control_ablation,hotpotqa__bge_dense__seed42__B_single_clean_P_ret,FPR,0.04153333333333333,0.04153333333333333,true
phase5d_control_ablation,hotpotqa__bge_dense__seed42__B_single_clean_P_ret,PoisonPresence@5,0,0,true
phase5d_control_ablation,hotpotqa__bge_dense__seed42__B_single_clean_P_ret,PoisonFraction@5,0,0,true
phase5d_control_ablation,hotpotqa__bge_dense__seed42__B_single_clean_P_ret,TargetPoisonPresence@5,0,0,true
phase5d_control_ablation,hotpotqa__bge_dense__seed42__B_single_clean_P_ret,TargetPoisonFraction@5,0,0,true
phase5d_control_ablation,hotpotqa__bge_dense__seed42__B_single_clean_P_ret,avg_context_count,5,5,true
phase5d_control_ablation,hotpotqa__bge_dense__seed42__B_single_clean_P_ret,gate_inputs,15000,15000,true
phase5d_control_ablation,hotpotqa__bge_dense__seed42__B_single_clean_P_ret,gate_clean_inputs,15000,15000,true
phase5d_control_ablation,hotpotqa__bge_dense__seed42__B_single_clean_P_ret,gate_poison_inputs,0,0,true
phase5d_control_ablation,hotpotqa__bge_dense__seed42__B_single_poison_P_gen,num_eval_queries,300,300,true
phase5d_control_ablation,hotpotqa__bge_dense__seed42__B_single_poison_P_gen,Clean_EM,,,true
phase5d_control_ablation,hotpotqa__bge_dense__seed42__B_single_poison_P_gen,Clean_F1,,,true
phase5d_control_ablation,hotpotqa__bge_dense__seed42__B_single_poison_P_gen,ASR,0,0,true
phase5d_control_ablation,hotpotqa__bge_dense__seed42__B_single_poison_P_gen,ambiguous_rate,0,0,true
phase5d_control_ablation,hotpotqa__bge_dense__seed42__B_single_poison_P_gen,TPR,0.9966555183946488,0.9966555183946488,true
phase5d_control_ablation,hotpotqa__bge_dense__seed42__B_single_poison_P_gen,FPR,0.20689655172413793,0.20689655172413793,true
phase5d_control_ablation,hotpotqa__bge_dense__seed42__B_single_poison_P_gen,PoisonPresence@5,0.01,0.01,true
phase5d_control_ablation,hotpotqa__bge_dense__seed42__B_single_poison_P_gen,PoisonFraction@5,0.0033333333333333335,0.0033333333333333335,true
phase5d_control_ablation,hotpotqa__bge_dense__seed42__B_single_poison_P_gen,TargetPoisonPresence@5,0,0,true
phase5d_control_ablation,hotpotqa__bge_dense__seed42__B_single_poison_P_gen,TargetPoisonFraction@5,0,0,true
phase5d_control_ablation,hotpotqa__bge_dense__seed42__B_single_poison_P_gen,avg_context_count,5,5,true
phase5d_control_ablation,hotpotqa__bge_dense__seed42__B_single_poison_P_gen,gate_inputs,3380,3380,true
phase5d_control_ablation,hotpotqa__bge_dense__seed42__B_single_poison_P_gen,gate_clean_inputs,1885,1885,true
phase5d_control_ablation,hotpotqa__bge_dense__seed42__B_single_poison_P_gen,gate_poison_inputs,1495,1495,true
phase5d_control_ablation,hotpotqa__bge_dense__seed42__B_single_poison_P_ret,num_eval_queries,300,300,true
phase5d_control_ablation,hotpotqa__bge_dense__seed42__B_single_poison_P_ret,Clean_EM,,,true
phase5d_control_ablation,hotpotqa__bge_dense__seed42__B_single_poison_P_ret,Clean_F1,,,true
phase5d_control_ablation,hotpotqa__bge_dense__seed42__B_single_poison_P_ret,ASR,0,0,true
phase5d_control_ablation,hotpotqa__bge_dense__seed42__B_single_poison_P_ret,ambiguous_rate,0,0,true
phase5d_control_ablation,hotpotqa__bge_dense__seed42__B_single_poison_P_ret,TPR,0.8584422967595224,0.8584422967595224,true
phase5d_control_ablation,hotpotqa__bge_dense__seed42__B_single_poison_P_ret,FPR,0.04591798202552677,0.04591798202552677,true
phase5d_control_ablation,hotpotqa__bge_dense__seed42__B_single_poison_P_ret,PoisonPresence@5,0.01,0.01,true
phase5d_control_ablation,hotpotqa__bge_dense__seed42__B_single_poison_P_ret,PoisonFraction@5,0.0033333333333333335,0.0033333333333333335,true
phase5d_control_ablation,hotpotqa__bge_dense__seed42__B_single_poison_P_ret,TargetPoisonPresence@5,0,0,true
phase5d_control_ablation,hotpotqa__bge_dense__seed42__B_single_poison_P_ret,TargetPoisonFraction@5,0,0,true
phase5d_control_ablation,hotpotqa__bge_dense__seed42__B_single_poison_P_ret,avg_context_count,5,5,true
phase5d_control_ablation,hotpotqa__bge_dense__seed42__B_single_poison_P_ret,gate_inputs,15000,15000,true
phase5d_control_ablation,hotpotqa__bge_dense__seed42__B_single_poison_P_ret,gate_clean_inputs,13241,13241,true
phase5d_control_ablation,hotpotqa__bge_dense__seed42__B_single_poison_P_ret,gate_poison_inputs,1759,1759,true
phase5d_control_ablation,hotpotqa__bge_dense__seed42__C_random_clean_P_gen,num_eval_queries,300,300,true
phase5d_control_ablation,hotpotqa__bge_dense__seed42__C_random_clean_P_gen,Clean_EM,0.006666666666666667,0.006666666666666667,true
phase5d_control_ablation,hotpotqa__bge_dense__seed42__C_random_clean_P_gen,Clean_F1,0.11547985099945014,0.11547985099945014,true
phase5d_control_ablation,hotpotqa__bge_dense__seed42__C_random_clean_P_gen,ASR,,,true
phase5d_control_ablation,hotpotqa__bge_dense__seed42__C_random_clean_P_gen,ambiguous_rate,,,true
phase5d_control_ablation,hotpotqa__bge_dense__seed42__C_random_clean_P_gen,TPR,,,true
phase5d_control_ablation,hotpotqa__bge_dense__seed42__C_random_clean_P_gen,FPR,0.22918807810894143,0.22918807810894143,true
phase5d_control_ablation,hotpotqa__bge_dense__seed42__C_random_clean_P_gen,PoisonPresence@5,0,0,true
phase5d_control_ablation,hotpotqa__bge_dense__seed42__C_random_clean_P_gen,PoisonFraction@5,0,0,true
phase5d_control_ablation,hotpotqa__bge_dense__seed42__C_random_clean_P_gen,TargetPoisonPresence@5,0,0,true
phase5d_control_ablation,hotpotqa__bge_dense__seed42__C_random_clean_P_gen,TargetPoisonFraction@5,0,0,true
phase5d_control_ablation,hotpotqa__bge_dense__seed42__C_random_clean_P_gen,avg_context_count,5,5,true
phase5d_control_ablation,hotpotqa__bge_dense__seed42__C_random_clean_P_gen,gate_inputs,1946,1946,true
phase5d_control_ablation,hotpotqa__bge_dense__seed42__C_random_clean_P_gen,gate_clean_inputs,1946,1946,true
phase5d_control_ablation,hotpotqa__bge_dense__seed42__C_random_clean_P_gen,gate_poison_inputs,0,0,true
phase5d_control_ablation,hotpotqa__bge_dense__seed42__C_random_clean_P_ret,num_eval_queries,300,300,true
phase5d_control_ablation,hotpotqa__bge_dense__seed42__C_random_clean_P_ret,Clean_EM,0.016666666666666666,0.016666666666666666,true
phase5d_control_ablation,hotpotqa__bge_dense__seed42__C_random_clean_P_ret,Clean_F1,0.13903761240434107,0.13903761240434107,true
phase5d_control_ablation,hotpotqa__bge_dense__seed42__C_random_clean_P_ret,ASR,,,true
phase5d_control_ablation,hotpotqa__bge_dense__seed42__C_random_clean_P_ret,ambiguous_rate,,,true
phase5d_control_ablation,hotpotqa__bge_dense__seed42__C_random_clean_P_ret,TPR,,,true
phase5d_control_ablation,hotpotqa__bge_dense__seed42__C_random_clean_P_ret,FPR,0.05146666666666667,0.05146666666666667,true
phase5d_control_ablation,hotpotqa__bge_dense__seed42__C_random_clean_P_ret,PoisonPresence@5,0,0,true
phase5d_control_ablation,hotpotqa__bge_dense__seed42__C_random_clean_P_ret,PoisonFraction@5,0,0,true
phase5d_control_ablation,hotpotqa__bge_dense__seed42__C_random_clean_P_ret,TargetPoisonPresence@5,0,0,true
phase5d_control_ablation,hotpotqa__bge_dense__seed42__C_random_clean_P_ret,TargetPoisonFraction@5,0,0,true
phase5d_control_ablation,hotpotqa__bge_dense__seed42__C_random_clean_P_ret,avg_context_count,5,5,true
phase5d_control_ablation,hotpotqa__bge_dense__seed42__C_random_clean_P_ret,gate_inputs,15000,15000,true
phase5d_control_ablation,hotpotqa__bge_dense__seed42__C_random_clean_P_ret,gate_clean_inputs,15000,15000,true
phase5d_control_ablation,hotpotqa__bge_dense__seed42__C_random_clean_P_ret,gate_poison_inputs,0,0,true
phase5d_control_ablation,hotpotqa__bge_dense__seed42__C_random_poison_P_gen,num_eval_queries,300,300,true
phase5d_control_ablation,hotpotqa__bge_dense__seed42__C_random_poison_P_gen,Clean_EM,,,true
phase5d_control_ablation,hotpotqa__bge_dense__seed42__C_random_poison_P_gen,Clean_F1,,,true
phase5d_control_ablation,hotpotqa__bge_dense__seed42__C_random_poison_P_gen,ASR,0.43,0.43,true
phase5d_control_ablation,hotpotqa__bge_dense__seed42__C_random_poison_P_gen,ambiguous_rate,0.05,0.05,true
phase5d_control_ablation,hotpotqa__bge_dense__seed42__C_random_poison_P_gen,TPR,0.5562289562289562,0.5562289562289562,true
phase5d_control_ablation,hotpotqa__bge_dense__seed42__C_random_poison_P_gen,FPR,0.5585301837270341,0.5585301837270341,true
phase5d_control_ablation,hotpotqa__bge_dense__seed42__C_random_poison_P_gen,PoisonPresence@5,0.9666666666666667,0.9666666666666667,true
phase5d_control_ablation,hotpotqa__bge_dense__seed42__C_random_poison_P_gen,PoisonFraction@5,0.439333333333334,0.439333333333334,true
phase5d_control_ablation,hotpotqa__bge_dense__seed42__C_random_poison_P_gen,TargetPoisonPresence@5,0.9666666666666667,0.9666666666666667,true
phase5d_control_ablation,hotpotqa__bge_dense__seed42__C_random_poison_P_gen,TargetPoisonFraction@5,0.43533333333333407,0.43533333333333407,true
phase5d_control_ablation,hotpotqa__bge_dense__seed42__C_random_poison_P_gen,avg_context_count,5,5,true
phase5d_control_ablation,hotpotqa__bge_dense__seed42__C_random_poison_P_gen,gate_inputs,3390,3390,true
phase5d_control_ablation,hotpotqa__bge_dense__seed42__C_random_poison_P_gen,gate_clean_inputs,1905,1905,true
phase5d_control_ablation,hotpotqa__bge_dense__seed42__C_random_poison_P_gen,gate_poison_inputs,1485,1485,true
phase5d_control_ablation,hotpotqa__bge_dense__seed42__C_random_poison_P_ret,num_eval_queries,300,300,true
phase5d_control_ablation,hotpotqa__bge_dense__seed42__C_random_poison_P_ret,Clean_EM,,,true
phase5d_control_ablation,hotpotqa__bge_dense__seed42__C_random_poison_P_ret,Clean_F1,,,true
phase5d_control_ablation,hotpotqa__bge_dense__seed42__C_random_poison_P_ret,ASR,0.43333333333333335,0.43333333333333335,true
phase5d_control_ablation,hotpotqa__bge_dense__seed42__C_random_poison_P_ret,ambiguous_rate,0.03,0.03,true
phase5d_control_ablation,hotpotqa__bge_dense__seed42__C_random_poison_P_ret,TPR,0.13757816941444,0.13757816941444,true
phase5d_control_ablation,hotpotqa__bge_dense__seed42__C_random_poison_P_ret,FPR,0.149082395589457,0.149082395589457,true
phase5d_control_ablation,hotpotqa__bge_dense__seed42__C_random_poison_P_ret,PoisonPresence@5,0.9866666666666667,0.9866666666666667,true
phase5d_control_ablation,hotpotqa__bge_dense__seed42__C_random_poison_P_ret,PoisonFraction@5,0.7193333333333336,0.7193333333333336,true
phase5d_control_ablation,hotpotqa__bge_dense__seed42__C_random_poison_P_ret,TargetPoisonPresence@5,0.9866666666666667,0.9866666666666667,true
phase5d_control_ablation,hotpotqa__bge_dense__seed42__C_random_poison_P_ret,TargetPoisonFraction@5,0.7186666666666669,0.7186666666666669,true
phase5d_control_ablation,hotpotqa__bge_dense__seed42__C_random_poison_P_ret,avg_context_count,5,5,true
phase5d_control_ablation,hotpotqa__bge_dense__seed42__C_random_poison_P_ret,gate_inputs,15000,15000,true
phase5d_control_ablation,hotpotqa__bge_dense__seed42__C_random_poison_P_ret,gate_clean_inputs,13241,13241,true
phase5d_control_ablation,hotpotqa__bge_dense__seed42__C_random_poison_P_ret,gate_poison_inputs,1759,1759,true
phase5d_control_ablation,hotpotqa__bm25__seed13__A_simplified_clean_no_gate,num_eval_queries,300,300,true
phase5d_control_ablation,hotpotqa__bm25__seed13__A_simplified_clean_no_gate,Clean_EM,0.0033333333333333335,0.0033333333333333335,true
phase5d_control_ablation,hotpotqa__bm25__seed13__A_simplified_clean_no_gate,Clean_F1,0.10706153427002996,0.10706153427002996,true
phase5d_control_ablation,hotpotqa__bm25__seed13__A_simplified_clean_no_gate,ASR,,,true
phase5d_control_ablation,hotpotqa__bm25__seed13__A_simplified_clean_no_gate,ambiguous_rate,,,true
phase5d_control_ablation,hotpotqa__bm25__seed13__A_simplified_clean_no_gate,TPR,,,true
phase5d_control_ablation,hotpotqa__bm25__seed13__A_simplified_clean_no_gate,FPR,,,true
phase5d_control_ablation,hotpotqa__bm25__seed13__A_simplified_clean_no_gate,PoisonPresence@5,0,0,true
phase5d_control_ablation,hotpotqa__bm25__seed13__A_simplified_clean_no_gate,PoisonFraction@5,0,0,true
phase5d_control_ablation,hotpotqa__bm25__seed13__A_simplified_clean_no_gate,TargetPoisonPresence@5,0,0,true
phase5d_control_ablation,hotpotqa__bm25__seed13__A_simplified_clean_no_gate,TargetPoisonFraction@5,0,0,true
phase5d_control_ablation,hotpotqa__bm25__seed13__A_simplified_clean_no_gate,avg_context_count,5,5,true
phase5d_control_ablation,hotpotqa__bm25__seed13__A_simplified_clean_no_gate,gate_inputs,0,0,true
phase5d_control_ablation,hotpotqa__bm25__seed13__A_simplified_clean_no_gate,gate_clean_inputs,0,0,true
phase5d_control_ablation,hotpotqa__bm25__seed13__A_simplified_clean_no_gate,gate_poison_inputs,0,0,true
phase5d_control_ablation,hotpotqa__bm25__seed13__A_simplified_poison_no_gate,num_eval_queries,300,300,true
phase5d_control_ablation,hotpotqa__bm25__seed13__A_simplified_poison_no_gate,Clean_EM,,,true
phase5d_control_ablation,hotpotqa__bm25__seed13__A_simplified_poison_no_gate,Clean_F1,,,true
phase5d_control_ablation,hotpotqa__bm25__seed13__A_simplified_poison_no_gate,ASR,0.63,0.63,true
phase5d_control_ablation,hotpotqa__bm25__seed13__A_simplified_poison_no_gate,ambiguous_rate,0.013333333333333334,0.013333333333333334,true
phase5d_control_ablation,hotpotqa__bm25__seed13__A_simplified_poison_no_gate,TPR,,,true
phase5d_control_ablation,hotpotqa__bm25__seed13__A_simplified_poison_no_gate,FPR,,,true
phase5d_control_ablation,hotpotqa__bm25__seed13__A_simplified_poison_no_gate,PoisonPresence@5,1,1,true
phase5d_control_ablation,hotpotqa__bm25__seed13__A_simplified_poison_no_gate,PoisonFraction@5,0.9986666666666667,0.9986666666666667,true
phase5d_control_ablation,hotpotqa__bm25__seed13__A_simplified_poison_no_gate,TargetPoisonPresence@5,1,1,true
phase5d_control_ablation,hotpotqa__bm25__seed13__A_simplified_poison_no_gate,TargetPoisonFraction@5,0.9986666666666667,0.9986666666666667,true
phase5d_control_ablation,hotpotqa__bm25__seed13__A_simplified_poison_no_gate,avg_context_count,5,5,true
phase5d_control_ablation,hotpotqa__bm25__seed13__A_simplified_poison_no_gate,gate_inputs,0,0,true
phase5d_control_ablation,hotpotqa__bm25__seed13__A_simplified_poison_no_gate,gate_clean_inputs,0,0,true
phase5d_control_ablation,hotpotqa__bm25__seed13__A_simplified_poison_no_gate,gate_poison_inputs,0,0,true
phase5d_control_ablation,hotpotqa__bm25__seed13__B_single_clean_P_gen,num_eval_queries,300,300,true
phase5d_control_ablation,hotpotqa__bm25__seed13__B_single_clean_P_gen,Clean_EM,0.016666666666666666,0.016666666666666666,true
phase5d_control_ablation,hotpotqa__bm25__seed13__B_single_clean_P_gen,Clean_F1,0.10712306416832396,0.10712306416832396,true
phase5d_control_ablation,hotpotqa__bm25__seed13__B_single_clean_P_gen,ASR,,,true
phase5d_control_ablation,hotpotqa__bm25__seed13__B_single_clean_P_gen,ambiguous_rate,,,true
phase5d_control_ablation,hotpotqa__bm25__seed13__B_single_clean_P_gen,TPR,,,true
phase5d_control_ablation,hotpotqa__bm25__seed13__B_single_clean_P_gen,FPR,0.2017030335284726,0.2017030335284726,true
phase5d_control_ablation,hotpotqa__bm25__seed13__B_single_clean_P_gen,PoisonPresence@5,0,0,true
phase5d_control_ablation,hotpotqa__bm25__seed13__B_single_clean_P_gen,PoisonFraction@5,0,0,true
phase5d_control_ablation,hotpotqa__bm25__seed13__B_single_clean_P_gen,TargetPoisonPresence@5,0,0,true
phase5d_control_ablation,hotpotqa__bm25__seed13__B_single_clean_P_gen,TargetPoisonFraction@5,0,0,true
phase5d_control_ablation,hotpotqa__bm25__seed13__B_single_clean_P_gen,avg_context_count,5,5,true
phase5d_control_ablation,hotpotqa__bm25__seed13__B_single_clean_P_gen,gate_inputs,1879,1879,true
phase5d_control_ablation,hotpotqa__bm25__seed13__B_single_clean_P_gen,gate_clean_inputs,1879,1879,true
phase5d_control_ablation,hotpotqa__bm25__seed13__B_single_clean_P_gen,gate_poison_inputs,0,0,true
phase5d_control_ablation,hotpotqa__bm25__seed13__B_single_clean_P_ret,num_eval_queries,300,300,true
phase5d_control_ablation,hotpotqa__bm25__seed13__B_single_clean_P_ret,Clean_EM,0.016666666666666666,0.016666666666666666,true
phase5d_control_ablation,hotpotqa__bm25__seed13__B_single_clean_P_ret,Clean_F1,0.10712306416832396,0.10712306416832396,true
phase5d_control_ablation,hotpotqa__bm25__seed13__B_single_clean_P_ret,ASR,,,true
phase5d_control_ablation,hotpotqa__bm25__seed13__B_single_clean_P_ret,ambiguous_rate,,,true
phase5d_control_ablation,hotpotqa__bm25__seed13__B_single_clean_P_ret,TPR,,,true
phase5d_control_ablation,hotpotqa__bm25__seed13__B_single_clean_P_ret,FPR,0.0398,0.0398,true
phase5d_control_ablation,hotpotqa__bm25__seed13__B_single_clean_P_ret,PoisonPresence@5,0,0,true
phase5d_control_ablation,hotpotqa__bm25__seed13__B_single_clean_P_ret,PoisonFraction@5,0,0,true
phase5d_control_ablation,hotpotqa__bm25__seed13__B_single_clean_P_ret,TargetPoisonPresence@5,0,0,true
phase5d_control_ablation,hotpotqa__bm25__seed13__B_single_clean_P_ret,TargetPoisonFraction@5,0,0,true
phase5d_control_ablation,hotpotqa__bm25__seed13__B_single_clean_P_ret,avg_context_count,5,5,true
phase5d_control_ablation,hotpotqa__bm25__seed13__B_single_clean_P_ret,gate_inputs,15000,15000,true
phase5d_control_ablation,hotpotqa__bm25__seed13__B_single_clean_P_ret,gate_clean_inputs,15000,15000,true
phase5d_control_ablation,hotpotqa__bm25__seed13__B_single_clean_P_ret,gate_poison_inputs,0,0,true
phase5d_control_ablation,hotpotqa__bm25__seed13__B_single_poison_P_gen,num_eval_queries,300,300,true
phase5d_control_ablation,hotpotqa__bm25__seed13__B_single_poison_P_gen,Clean_EM,,,true
phase5d_control_ablation,hotpotqa__bm25__seed13__B_single_poison_P_gen,Clean_F1,,,true
phase5d_control_ablation,hotpotqa__bm25__seed13__B_single_poison_P_gen,ASR,0.0033333333333333335,0.0033333333333333335,true
phase5d_control_ablation,hotpotqa__bm25__seed13__B_single_poison_P_gen,ambiguous_rate,0,0,true
phase5d_control_ablation,hotpotqa__bm25__seed13__B_single_poison_P_gen,TPR,0.9778357235984355,0.9778357235984355,true
phase5d_control_ablation,hotpotqa__bm25__seed13__B_single_poison_P_gen,FPR,0.20369364475828355,0.20369364475828355,true
phase5d_control_ablation,hotpotqa__bm25__seed13__B_single_poison_P_gen,PoisonPresence@5,0.043333333333333335,0.043333333333333335,true
phase5d_control_ablation,hotpotqa__bm25__seed13__B_single_poison_P_gen,PoisonFraction@5,0.02266666666666667,0.02266666666666667,true
phase5d_control_ablation,hotpotqa__bm25__seed13__B_single_poison_P_gen,TargetPoisonPresence@5,0,0,true
phase5d_control_ablation,hotpotqa__bm25__seed13__B_single_poison_P_gen,TargetPoisonFraction@5,0,0,true
phase5d_control_ablation,hotpotqa__bm25__seed13__B_single_poison_P_gen,avg_context_count,5,5,true
phase5d_control_ablation,hotpotqa__bm25__seed13__B_single_poison_P_gen,gate_inputs,3375,3375,true
phase5d_control_ablation,hotpotqa__bm25__seed13__B_single_poison_P_gen,gate_clean_inputs,1841,1841,true
phase5d_control_ablation,hotpotqa__bm25__seed13__B_single_poison_P_gen,gate_poison_inputs,1534,1534,true
phase5d_control_ablation,hotpotqa__bm25__seed13__B_single_poison_P_ret,num_eval_queries,300,300,true
phase5d_control_ablation,hotpotqa__bm25__seed13__B_single_poison_P_ret,Clean_EM,,,true
phase5d_control_ablation,hotpotqa__bm25__seed13__B_single_poison_P_ret,Clean_F1,,,true
phase5d_control_ablation,hotpotqa__bm25__seed13__B_single_poison_P_ret,ASR,0.0033333333333333335,0.0033333333333333335,true
phase5d_control_ablation,hotpotqa__bm25__seed13__B_single_poison_P_ret,ambiguous_rate,0,0,true
phase5d_control_ablation,hotpotqa__bm25__seed13__B_single_poison_P_ret,TPR,0.7166353383458647,0.7166353383458647,true
phase5d_control_ablation,hotpotqa__bm25__seed13__B_single_poison_P_ret,FPR,0.045059042883778745,0.045059042883778745,true
phase5d_control_ablation,hotpotqa__bm25__seed13__B_single_poison_P_ret,PoisonPresence@5,0.043333333333333335,0.043333333333333335,true
phase5d_control_ablation,hotpotqa__bm25__seed13__B_single_poison_P_ret,PoisonFraction@5,0.02266666666666667,0.02266666666666667,true
phase5d_control_ablation,hotpotqa__bm25__seed13__B_single_poison_P_ret,TargetPoisonPresence@5,0,0,true
phase5d_control_ablation,hotpotqa__bm25__seed13__B_single_poison_P_ret,TargetPoisonFraction@5,0,0,true
phase5d_control_ablation,hotpotqa__bm25__seed13__B_single_poison_P_ret,avg_context_count,5,5,true
phase5d_control_ablation,hotpotqa__bm25__seed13__B_single_poison_P_ret,gate_inputs,15000,15000,true
phase5d_control_ablation,hotpotqa__bm25__seed13__B_single_poison_P_ret,gate_clean_inputs,12872,12872,true
phase5d_control_ablation,hotpotqa__bm25__seed13__B_single_poison_P_ret,gate_poison_inputs,2128,2128,true
phase5d_control_ablation,hotpotqa__bm25__seed13__C_random_clean_P_gen,num_eval_queries,300,300,true
phase5d_control_ablation,hotpotqa__bm25__seed13__C_random_clean_P_gen,Clean_EM,0.01,0.01,true
phase5d_control_ablation,hotpotqa__bm25__seed13__C_random_clean_P_gen,Clean_F1,0.1286324269859574,0.1286324269859574,true
phase5d_control_ablation,hotpotqa__bm25__seed13__C_random_clean_P_gen,ASR,,,true
phase5d_control_ablation,hotpotqa__bm25__seed13__C_random_clean_P_gen,ambiguous_rate,,,true
phase5d_control_ablation,hotpotqa__bm25__seed13__C_random_clean_P_gen,TPR,,,true
phase5d_control_ablation,hotpotqa__bm25__seed13__C_random_clean_P_gen,FPR,0.19700214132762311,0.19700214132762311,true
phase5d_control_ablation,hotpotqa__bm25__seed13__C_random_clean_P_gen,PoisonPresence@5,0,0,true
phase5d_control_ablation,hotpotqa__bm25__seed13__C_random_clean_P_gen,PoisonFraction@5,0,0,true
phase5d_control_ablation,hotpotqa__bm25__seed13__C_random_clean_P_gen,TargetPoisonPresence@5,0,0,true
phase5d_control_ablation,hotpotqa__bm25__seed13__C_random_clean_P_gen,TargetPoisonFraction@5,0,0,true
phase5d_control_ablation,hotpotqa__bm25__seed13__C_random_clean_P_gen,avg_context_count,5,5,true
phase5d_control_ablation,hotpotqa__bm25__seed13__C_random_clean_P_gen,gate_inputs,1868,1868,true
phase5d_control_ablation,hotpotqa__bm25__seed13__C_random_clean_P_gen,gate_clean_inputs,1868,1868,true
phase5d_control_ablation,hotpotqa__bm25__seed13__C_random_clean_P_gen,gate_poison_inputs,0,0,true
phase5d_control_ablation,hotpotqa__bm25__seed13__C_random_clean_P_ret,num_eval_queries,300,300,true
phase5d_control_ablation,hotpotqa__bm25__seed13__C_random_clean_P_ret,Clean_EM,0.016666666666666666,0.016666666666666666,true
phase5d_control_ablation,hotpotqa__bm25__seed13__C_random_clean_P_ret,Clean_F1,0.14113146253363343,0.14113146253363343,true
phase5d_control_ablation,hotpotqa__bm25__seed13__C_random_clean_P_ret,ASR,,,true
phase5d_control_ablation,hotpotqa__bm25__seed13__C_random_clean_P_ret,ambiguous_rate,,,true
phase5d_control_ablation,hotpotqa__bm25__seed13__C_random_clean_P_ret,TPR,,,true
phase5d_control_ablation,hotpotqa__bm25__seed13__C_random_clean_P_ret,FPR,0.0478,0.0478,true
phase5d_control_ablation,hotpotqa__bm25__seed13__C_random_clean_P_ret,PoisonPresence@5,0,0,true
phase5d_control_ablation,hotpotqa__bm25__seed13__C_random_clean_P_ret,PoisonFraction@5,0,0,true
phase5d_control_ablation,hotpotqa__bm25__seed13__C_random_clean_P_ret,TargetPoisonPresence@5,0,0,true
phase5d_control_ablation,hotpotqa__bm25__seed13__C_random_clean_P_ret,TargetPoisonFraction@5,0,0,true
phase5d_control_ablation,hotpotqa__bm25__seed13__C_random_clean_P_ret,avg_context_count,5,5,true
phase5d_control_ablation,hotpotqa__bm25__seed13__C_random_clean_P_ret,gate_inputs,15000,15000,true
phase5d_control_ablation,hotpotqa__bm25__seed13__C_random_clean_P_ret,gate_clean_inputs,15000,15000,true
phase5d_control_ablation,hotpotqa__bm25__seed13__C_random_clean_P_ret,gate_poison_inputs,0,0,true
phase5d_control_ablation,hotpotqa__bm25__seed13__C_random_poison_P_gen,num_eval_queries,300,300,true
phase5d_control_ablation,hotpotqa__bm25__seed13__C_random_poison_P_gen,Clean_EM,,,true
phase5d_control_ablation,hotpotqa__bm25__seed13__C_random_poison_P_gen,Clean_F1,,,true
phase5d_control_ablation,hotpotqa__bm25__seed13__C_random_poison_P_gen,ASR,0.39666666666666667,0.39666666666666667,true
phase5d_control_ablation,hotpotqa__bm25__seed13__C_random_poison_P_gen,ambiguous_rate,0.01,0.01,true
phase5d_control_ablation,hotpotqa__bm25__seed13__C_random_poison_P_gen,TPR,0.5378096479791395,0.5378096479791395,true
phase5d_control_ablation,hotpotqa__bm25__seed13__C_random_poison_P_gen,FPR,0.5658616904500549,0.5658616904500549,true
phase5d_control_ablation,hotpotqa__bm25__seed13__C_random_poison_P_gen,PoisonPresence@5,0.9733333333333334,0.9733333333333334,true
phase5d_control_ablation,hotpotqa__bm25__seed13__C_random_poison_P_gen,PoisonFraction@5,0.4726666666666669,0.4726666666666669,true
phase5d_control_ablation,hotpotqa__bm25__seed13__C_random_poison_P_gen,TargetPoisonPresence@5,0.9733333333333334,0.9733333333333334,true
phase5d_control_ablation,hotpotqa__bm25__seed13__C_random_poison_P_gen,TargetPoisonFraction@5,0.45733333333333365,0.45733333333333365,true
phase5d_control_ablation,hotpotqa__bm25__seed13__C_random_poison_P_gen,avg_context_count,5,5,true
phase5d_control_ablation,hotpotqa__bm25__seed13__C_random_poison_P_gen,gate_inputs,3356,3356,true
phase5d_control_ablation,hotpotqa__bm25__seed13__C_random_poison_P_gen,gate_clean_inputs,1822,1822,true
phase5d_control_ablation,hotpotqa__bm25__seed13__C_random_poison_P_gen,gate_poison_inputs,1534,1534,true
phase5d_control_ablation,hotpotqa__bm25__seed13__C_random_poison_P_ret,num_eval_queries,300,300,true
phase5d_control_ablation,hotpotqa__bm25__seed13__C_random_poison_P_ret,Clean_EM,,,true
phase5d_control_ablation,hotpotqa__bm25__seed13__C_random_poison_P_ret,Clean_F1,,,true
phase5d_control_ablation,hotpotqa__bm25__seed13__C_random_poison_P_ret,ASR,0.4633333333333333,0.4633333333333333,true
phase5d_control_ablation,hotpotqa__bm25__seed13__C_random_poison_P_ret,ambiguous_rate,0.02,0.02,true
phase5d_control_ablation,hotpotqa__bm25__seed13__C_random_poison_P_ret,TPR,0.13862781954887218,0.13862781954887218,true
phase5d_control_ablation,hotpotqa__bm25__seed13__C_random_poison_P_ret,FPR,0.14729645742697328,0.14729645742697328,true
phase5d_control_ablation,hotpotqa__bm25__seed13__C_random_poison_P_ret,PoisonPresence@5,0.9933333333333333,0.9933333333333333,true
phase5d_control_ablation,hotpotqa__bm25__seed13__C_random_poison_P_ret,PoisonFraction@5,0.7093333333333337,0.7093333333333337,true
phase5d_control_ablation,hotpotqa__bm25__seed13__C_random_poison_P_ret,TargetPoisonPresence@5,0.9933333333333333,0.9933333333333333,true
phase5d_control_ablation,hotpotqa__bm25__seed13__C_random_poison_P_ret,TargetPoisonFraction@5,0.7086666666666669,0.7086666666666669,true
phase5d_control_ablation,hotpotqa__bm25__seed13__C_random_poison_P_ret,avg_context_count,5,5,true
phase5d_control_ablation,hotpotqa__bm25__seed13__C_random_poison_P_ret,gate_inputs,15000,15000,true
phase5d_control_ablation,hotpotqa__bm25__seed13__C_random_poison_P_ret,gate_clean_inputs,12872,12872,true
phase5d_control_ablation,hotpotqa__bm25__seed13__C_random_poison_P_ret,gate_poison_inputs,2128,2128,true
phase5d_control_ablation,hotpotqa__bm25__seed2026__A_simplified_clean_no_gate,num_eval_queries,300,300,true
phase5d_control_ablation,hotpotqa__bm25__seed2026__A_simplified_clean_no_gate,Clean_EM,0.0033333333333333335,0.0033333333333333335,true
phase5d_control_ablation,hotpotqa__bm25__seed2026__A_simplified_clean_no_gate,Clean_F1,0.10706153427002996,0.10706153427002996,true
phase5d_control_ablation,hotpotqa__bm25__seed2026__A_simplified_clean_no_gate,ASR,,,true
phase5d_control_ablation,hotpotqa__bm25__seed2026__A_simplified_clean_no_gate,ambiguous_rate,,,true
phase5d_control_ablation,hotpotqa__bm25__seed2026__A_simplified_clean_no_gate,TPR,,,true
phase5d_control_ablation,hotpotqa__bm25__seed2026__A_simplified_clean_no_gate,FPR,,,true
phase5d_control_ablation,hotpotqa__bm25__seed2026__A_simplified_clean_no_gate,PoisonPresence@5,0,0,true
phase5d_control_ablation,hotpotqa__bm25__seed2026__A_simplified_clean_no_gate,PoisonFraction@5,0,0,true
phase5d_control_ablation,hotpotqa__bm25__seed2026__A_simplified_clean_no_gate,TargetPoisonPresence@5,0,0,true
phase5d_control_ablation,hotpotqa__bm25__seed2026__A_simplified_clean_no_gate,TargetPoisonFraction@5,0,0,true
phase5d_control_ablation,hotpotqa__bm25__seed2026__A_simplified_clean_no_gate,avg_context_count,5,5,true
phase5d_control_ablation,hotpotqa__bm25__seed2026__A_simplified_clean_no_gate,gate_inputs,0,0,true
phase5d_control_ablation,hotpotqa__bm25__seed2026__A_simplified_clean_no_gate,gate_clean_inputs,0,0,true
phase5d_control_ablation,hotpotqa__bm25__seed2026__A_simplified_clean_no_gate,gate_poison_inputs,0,0,true
phase5d_control_ablation,hotpotqa__bm25__seed2026__A_simplified_poison_no_gate,num_eval_queries,300,300,true
phase5d_control_ablation,hotpotqa__bm25__seed2026__A_simplified_poison_no_gate,Clean_EM,,,true
phase5d_control_ablation,hotpotqa__bm25__seed2026__A_simplified_poison_no_gate,Clean_F1,,,true
phase5d_control_ablation,hotpotqa__bm25__seed2026__A_simplified_poison_no_gate,ASR,0.6233333333333333,0.6233333333333333,true
phase5d_control_ablation,hotpotqa__bm25__seed2026__A_simplified_poison_no_gate,ambiguous_rate,0.02,0.02,true
phase5d_control_ablation,hotpotqa__bm25__seed2026__A_simplified_poison_no_gate,TPR,,,true
phase5d_control_ablation,hotpotqa__bm25__seed2026__A_simplified_poison_no_gate,FPR,,,true
phase5d_control_ablation,hotpotqa__bm25__seed2026__A_simplified_poison_no_gate,PoisonPresence@5,1,1,true
phase5d_control_ablation,hotpotqa__bm25__seed2026__A_simplified_poison_no_gate,PoisonFraction@5,0.9986666666666667,0.9986666666666667,true
phase5d_control_ablation,hotpotqa__bm25__seed2026__A_simplified_poison_no_gate,TargetPoisonPresence@5,1,1,true
phase5d_control_ablation,hotpotqa__bm25__seed2026__A_simplified_poison_no_gate,TargetPoisonFraction@5,0.9986666666666667,0.9986666666666667,true
phase5d_control_ablation,hotpotqa__bm25__seed2026__A_simplified_poison_no_gate,avg_context_count,5,5,true
phase5d_control_ablation,hotpotqa__bm25__seed2026__A_simplified_poison_no_gate,gate_inputs,0,0,true
phase5d_control_ablation,hotpotqa__bm25__seed2026__A_simplified_poison_no_gate,gate_clean_inputs,0,0,true
phase5d_control_ablation,hotpotqa__bm25__seed2026__A_simplified_poison_no_gate,gate_poison_inputs,0,0,true
phase5d_control_ablation,hotpotqa__bm25__seed2026__B_single_clean_P_gen,num_eval_queries,300,300,true
phase5d_control_ablation,hotpotqa__bm25__seed2026__B_single_clean_P_gen,Clean_EM,0.016666666666666666,0.016666666666666666,true
phase5d_control_ablation,hotpotqa__bm25__seed2026__B_single_clean_P_gen,Clean_F1,0.10712306416832396,0.10712306416832396,true
phase5d_control_ablation,hotpotqa__bm25__seed2026__B_single_clean_P_gen,ASR,,,true
phase5d_control_ablation,hotpotqa__bm25__seed2026__B_single_clean_P_gen,ambiguous_rate,,,true
phase5d_control_ablation,hotpotqa__bm25__seed2026__B_single_clean_P_gen,TPR,,,true
phase5d_control_ablation,hotpotqa__bm25__seed2026__B_single_clean_P_gen,FPR,0.2017030335284726,0.2017030335284726,true
phase5d_control_ablation,hotpotqa__bm25__seed2026__B_single_clean_P_gen,PoisonPresence@5,0,0,true
phase5d_control_ablation,hotpotqa__bm25__seed2026__B_single_clean_P_gen,PoisonFraction@5,0,0,true
phase5d_control_ablation,hotpotqa__bm25__seed2026__B_single_clean_P_gen,TargetPoisonPresence@5,0,0,true
phase5d_control_ablation,hotpotqa__bm25__seed2026__B_single_clean_P_gen,TargetPoisonFraction@5,0,0,true
phase5d_control_ablation,hotpotqa__bm25__seed2026__B_single_clean_P_gen,avg_context_count,5,5,true
phase5d_control_ablation,hotpotqa__bm25__seed2026__B_single_clean_P_gen,gate_inputs,1879,1879,true
phase5d_control_ablation,hotpotqa__bm25__seed2026__B_single_clean_P_gen,gate_clean_inputs,1879,1879,true
phase5d_control_ablation,hotpotqa__bm25__seed2026__B_single_clean_P_gen,gate_poison_inputs,0,0,true
phase5d_control_ablation,hotpotqa__bm25__seed2026__B_single_clean_P_ret,num_eval_queries,300,300,true
phase5d_control_ablation,hotpotqa__bm25__seed2026__B_single_clean_P_ret,Clean_EM,0.016666666666666666,0.016666666666666666,true
phase5d_control_ablation,hotpotqa__bm25__seed2026__B_single_clean_P_ret,Clean_F1,0.10712306416832396,0.10712306416832396,true
phase5d_control_ablation,hotpotqa__bm25__seed2026__B_single_clean_P_ret,ASR,,,true
phase5d_control_ablation,hotpotqa__bm25__seed2026__B_single_clean_P_ret,ambiguous_rate,,,true
phase5d_control_ablation,hotpotqa__bm25__seed2026__B_single_clean_P_ret,TPR,,,true
phase5d_control_ablation,hotpotqa__bm25__seed2026__B_single_clean_P_ret,FPR,0.0398,0.0398,true
phase5d_control_ablation,hotpotqa__bm25__seed2026__B_single_clean_P_ret,PoisonPresence@5,0,0,true
phase5d_control_ablation,hotpotqa__bm25__seed2026__B_single_clean_P_ret,PoisonFraction@5,0,0,true
phase5d_control_ablation,hotpotqa__bm25__seed2026__B_single_clean_P_ret,TargetPoisonPresence@5,0,0,true
phase5d_control_ablation,hotpotqa__bm25__seed2026__B_single_clean_P_ret,TargetPoisonFraction@5,0,0,true
phase5d_control_ablation,hotpotqa__bm25__seed2026__B_single_clean_P_ret,avg_context_count,5,5,true
phase5d_control_ablation,hotpotqa__bm25__seed2026__B_single_clean_P_ret,gate_inputs,15000,15000,true
phase5d_control_ablation,hotpotqa__bm25__seed2026__B_single_clean_P_ret,gate_clean_inputs,15000,15000,true
phase5d_control_ablation,hotpotqa__bm25__seed2026__B_single_clean_P_ret,gate_poison_inputs,0,0,true
phase5d_control_ablation,hotpotqa__bm25__seed2026__B_single_poison_P_gen,num_eval_queries,300,300,true
phase5d_control_ablation,hotpotqa__bm25__seed2026__B_single_poison_P_gen,Clean_EM,,,true
phase5d_control_ablation,hotpotqa__bm25__seed2026__B_single_poison_P_gen,Clean_F1,,,true
phase5d_control_ablation,hotpotqa__bm25__seed2026__B_single_poison_P_gen,ASR,0,0,true
phase5d_control_ablation,hotpotqa__bm25__seed2026__B_single_poison_P_gen,ambiguous_rate,0,0,true
phase5d_control_ablation,hotpotqa__bm25__seed2026__B_single_poison_P_gen,TPR,0.970873786407767,0.970873786407767,true
phase5d_control_ablation,hotpotqa__bm25__seed2026__B_single_poison_P_gen,FPR,0.20535226652102676,0.20535226652102676,true
phase5d_control_ablation,hotpotqa__bm25__seed2026__B_single_poison_P_gen,PoisonPresence@5,0.05333333333333334,0.05333333333333334,true
phase5d_control_ablation,hotpotqa__bm25__seed2026__B_single_poison_P_gen,PoisonFraction@5,0.029999999999999995,0.029999999999999995,true
phase5d_control_ablation,hotpotqa__bm25__seed2026__B_single_poison_P_gen,TargetPoisonPresence@5,0,0,true
phase5d_control_ablation,hotpotqa__bm25__seed2026__B_single_poison_P_gen,TargetPoisonFraction@5,0,0,true
phase5d_control_ablation,hotpotqa__bm25__seed2026__B_single_poison_P_gen,avg_context_count,5,5,true
phase5d_control_ablation,hotpotqa__bm25__seed2026__B_single_poison_P_gen,gate_inputs,3376,3376,true
phase5d_control_ablation,hotpotqa__bm25__seed2026__B_single_poison_P_gen,gate_clean_inputs,1831,1831,true
phase5d_control_ablation,hotpotqa__bm25__seed2026__B_single_poison_P_gen,gate_poison_inputs,1545,1545,true
phase5d_control_ablation,hotpotqa__bm25__seed2026__B_single_poison_P_ret,num_eval_queries,300,300,true
phase5d_control_ablation,hotpotqa__bm25__seed2026__B_single_poison_P_ret,Clean_EM,,,true
phase5d_control_ablation,hotpotqa__bm25__seed2026__B_single_poison_P_ret,Clean_F1,,,true
phase5d_control_ablation,hotpotqa__bm25__seed2026__B_single_poison_P_ret,ASR,0,0,true
phase5d_control_ablation,hotpotqa__bm25__seed2026__B_single_poison_P_ret,ambiguous_rate,0,0,true
phase5d_control_ablation,hotpotqa__bm25__seed2026__B_single_poison_P_ret,TPR,0.6957116788321168,0.6957116788321168,true
phase5d_control_ablation,hotpotqa__bm25__seed2026__B_single_poison_P_ret,FPR,0.04520612117426608,0.04520612117426608,true
phase5d_control_ablation,hotpotqa__bm25__seed2026__B_single_poison_P_ret,PoisonPresence@5,0.05333333333333334,0.05333333333333334,true
phase5d_control_ablation,hotpotqa__bm25__seed2026__B_single_poison_P_ret,PoisonFraction@5,0.029999999999999995,0.029999999999999995,true
phase5d_control_ablation,hotpotqa__bm25__seed2026__B_single_poison_P_ret,TargetPoisonPresence@5,0,0,true
phase5d_control_ablation,hotpotqa__bm25__seed2026__B_single_poison_P_ret,TargetPoisonFraction@5,0,0,true
phase5d_control_ablation,hotpotqa__bm25__seed2026__B_single_poison_P_ret,avg_context_count,5,5,true
phase5d_control_ablation,hotpotqa__bm25__seed2026__B_single_poison_P_ret,gate_inputs,15000,15000,true
phase5d_control_ablation,hotpotqa__bm25__seed2026__B_single_poison_P_ret,gate_clean_inputs,12808,12808,true
phase5d_control_ablation,hotpotqa__bm25__seed2026__B_single_poison_P_ret,gate_poison_inputs,2192,2192,true
phase5d_control_ablation,hotpotqa__bm25__seed2026__C_random_clean_P_gen,num_eval_queries,300,300,true
phase5d_control_ablation,hotpotqa__bm25__seed2026__C_random_clean_P_gen,Clean_EM,0.02,0.02,true
phase5d_control_ablation,hotpotqa__bm25__seed2026__C_random_clean_P_gen,Clean_F1,0.12858848511266416,0.12858848511266416,true
phase5d_control_ablation,hotpotqa__bm25__seed2026__C_random_clean_P_gen,ASR,,,true
phase5d_control_ablation,hotpotqa__bm25__seed2026__C_random_clean_P_gen,ambiguous_rate,,,true
phase5d_control_ablation,hotpotqa__bm25__seed2026__C_random_clean_P_gen,TPR,,,true
phase5d_control_ablation,hotpotqa__bm25__seed2026__C_random_clean_P_gen,FPR,0.19700214132762311,0.19700214132762311,true
phase5d_control_ablation,hotpotqa__bm25__seed2026__C_random_clean_P_gen,PoisonPresence@5,0,0,true
phase5d_control_ablation,hotpotqa__bm25__seed2026__C_random_clean_P_gen,PoisonFraction@5,0,0,true
phase5d_control_ablation,hotpotqa__bm25__seed2026__C_random_clean_P_gen,TargetPoisonPresence@5,0,0,true
phase5d_control_ablation,hotpotqa__bm25__seed2026__C_random_clean_P_gen,TargetPoisonFraction@5,0,0,true
phase5d_control_ablation,hotpotqa__bm25__seed2026__C_random_clean_P_gen,avg_context_count,5,5,true
phase5d_control_ablation,hotpotqa__bm25__seed2026__C_random_clean_P_gen,gate_inputs,1868,1868,true
phase5d_control_ablation,hotpotqa__bm25__seed2026__C_random_clean_P_gen,gate_clean_inputs,1868,1868,true
phase5d_control_ablation,hotpotqa__bm25__seed2026__C_random_clean_P_gen,gate_poison_inputs,0,0,true
phase5d_control_ablation,hotpotqa__bm25__seed2026__C_random_clean_P_ret,num_eval_queries,300,300,true
phase5d_control_ablation,hotpotqa__bm25__seed2026__C_random_clean_P_ret,Clean_EM,0.02,0.02,true
phase5d_control_ablation,hotpotqa__bm25__seed2026__C_random_clean_P_ret,Clean_F1,0.13639707253707334,0.13639707253707334,true
phase5d_control_ablation,hotpotqa__bm25__seed2026__C_random_clean_P_ret,ASR,,,true
phase5d_control_ablation,hotpotqa__bm25__seed2026__C_random_clean_P_ret,ambiguous_rate,,,true
phase5d_control_ablation,hotpotqa__bm25__seed2026__C_random_clean_P_ret,TPR,,,true
phase5d_control_ablation,hotpotqa__bm25__seed2026__C_random_clean_P_ret,FPR,0.0478,0.0478,true
phase5d_control_ablation,hotpotqa__bm25__seed2026__C_random_clean_P_ret,PoisonPresence@5,0,0,true
phase5d_control_ablation,hotpotqa__bm25__seed2026__C_random_clean_P_ret,PoisonFraction@5,0,0,true
phase5d_control_ablation,hotpotqa__bm25__seed2026__C_random_clean_P_ret,TargetPoisonPresence@5,0,0,true
phase5d_control_ablation,hotpotqa__bm25__seed2026__C_random_clean_P_ret,TargetPoisonFraction@5,0,0,true
phase5d_control_ablation,hotpotqa__bm25__seed2026__C_random_clean_P_ret,avg_context_count,5,5,true
phase5d_control_ablation,hotpotqa__bm25__seed2026__C_random_clean_P_ret,gate_inputs,15000,15000,true
phase5d_control_ablation,hotpotqa__bm25__seed2026__C_random_clean_P_ret,gate_clean_inputs,15000,15000,true
phase5d_control_ablation,hotpotqa__bm25__seed2026__C_random_clean_P_ret,gate_poison_inputs,0,0,true
phase5d_control_ablation,hotpotqa__bm25__seed2026__C_random_poison_P_gen,num_eval_queries,300,300,true
phase5d_control_ablation,hotpotqa__bm25__seed2026__C_random_poison_P_gen,Clean_EM,,,true
phase5d_control_ablation,hotpotqa__bm25__seed2026__C_random_poison_P_gen,Clean_F1,,,true
phase5d_control_ablation,hotpotqa__bm25__seed2026__C_random_poison_P_gen,ASR,0.41,0.41,true
phase5d_control_ablation,hotpotqa__bm25__seed2026__C_random_poison_P_gen,ambiguous_rate,0.023333333333333334,0.023333333333333334,true
phase5d_control_ablation,hotpotqa__bm25__seed2026__C_random_poison_P_gen,TPR,0.536428110896196,0.536428110896196,true
phase5d_control_ablation,hotpotqa__bm25__seed2026__C_random_poison_P_gen,FPR,0.568269762299613,0.568269762299613,true
phase5d_control_ablation,hotpotqa__bm25__seed2026__C_random_poison_P_gen,PoisonPresence@5,0.9766666666666667,0.9766666666666667,true
phase5d_control_ablation,hotpotqa__bm25__seed2026__C_random_poison_P_gen,PoisonFraction@5,0.479333333333333,0.479333333333333,true
phase5d_control_ablation,hotpotqa__bm25__seed2026__C_random_poison_P_gen,TargetPoisonPresence@5,0.9766666666666667,0.9766666666666667,true
phase5d_control_ablation,hotpotqa__bm25__seed2026__C_random_poison_P_gen,TargetPoisonFraction@5,0.46333333333333315,0.46333333333333315,true
phase5d_control_ablation,hotpotqa__bm25__seed2026__C_random_poison_P_gen,avg_context_count,5,5,true
phase5d_control_ablation,hotpotqa__bm25__seed2026__C_random_poison_P_gen,gate_inputs,3360,3360,true
phase5d_control_ablation,hotpotqa__bm25__seed2026__C_random_poison_P_gen,gate_clean_inputs,1809,1809,true
phase5d_control_ablation,hotpotqa__bm25__seed2026__C_random_poison_P_gen,gate_poison_inputs,1551,1551,true
phase5d_control_ablation,hotpotqa__bm25__seed2026__C_random_poison_P_ret,num_eval_queries,300,300,true
phase5d_control_ablation,hotpotqa__bm25__seed2026__C_random_poison_P_ret,Clean_EM,,,true
phase5d_control_ablation,hotpotqa__bm25__seed2026__C_random_poison_P_ret,Clean_F1,,,true
phase5d_control_ablation,hotpotqa__bm25__seed2026__C_random_poison_P_ret,ASR,0.4666666666666667,0.4666666666666667,true
phase5d_control_ablation,hotpotqa__bm25__seed2026__C_random_poison_P_ret,ambiguous_rate,0.023333333333333334,0.023333333333333334,true
phase5d_control_ablation,hotpotqa__bm25__seed2026__C_random_poison_P_ret,TPR,0.1395985401459854,0.1395985401459854,true
phase5d_control_ablation,hotpotqa__bm25__seed2026__C_random_poison_P_ret,FPR,0.14686133666458465,0.14686133666458465,true
phase5d_control_ablation,hotpotqa__bm25__seed2026__C_random_poison_P_ret,PoisonPresence@5,0.9966666666666667,0.9966666666666667,true
phase5d_control_ablation,hotpotqa__bm25__seed2026__C_random_poison_P_ret,PoisonFraction@5,0.7246666666666675,0.7246666666666675,true
phase5d_control_ablation,hotpotqa__bm25__seed2026__C_random_poison_P_ret,TargetPoisonPresence@5,0.9966666666666667,0.9966666666666667,true
phase5d_control_ablation,hotpotqa__bm25__seed2026__C_random_poison_P_ret,TargetPoisonFraction@5,0.7246666666666675,0.7246666666666675,true
phase5d_control_ablation,hotpotqa__bm25__seed2026__C_random_poison_P_ret,avg_context_count,5,5,true
phase5d_control_ablation,hotpotqa__bm25__seed2026__C_random_poison_P_ret,gate_inputs,15000,15000,true
phase5d_control_ablation,hotpotqa__bm25__seed2026__C_random_poison_P_ret,gate_clean_inputs,12808,12808,true
phase5d_control_ablation,hotpotqa__bm25__seed2026__C_random_poison_P_ret,gate_poison_inputs,2192,2192,true
phase5d_control_ablation,hotpotqa__bm25__seed42__A_simplified_clean_no_gate,num_eval_queries,300,300,true
phase5d_control_ablation,hotpotqa__bm25__seed42__A_simplified_clean_no_gate,Clean_EM,0.0033333333333333335,0.0033333333333333335,true
phase5d_control_ablation,hotpotqa__bm25__seed42__A_simplified_clean_no_gate,Clean_F1,0.10706153427002996,0.10706153427002996,true
phase5d_control_ablation,hotpotqa__bm25__seed42__A_simplified_clean_no_gate,ASR,,,true
phase5d_control_ablation,hotpotqa__bm25__seed42__A_simplified_clean_no_gate,ambiguous_rate,,,true
phase5d_control_ablation,hotpotqa__bm25__seed42__A_simplified_clean_no_gate,TPR,,,true
phase5d_control_ablation,hotpotqa__bm25__seed42__A_simplified_clean_no_gate,FPR,,,true
phase5d_control_ablation,hotpotqa__bm25__seed42__A_simplified_clean_no_gate,PoisonPresence@5,0,0,true
phase5d_control_ablation,hotpotqa__bm25__seed42__A_simplified_clean_no_gate,PoisonFraction@5,0,0,true
phase5d_control_ablation,hotpotqa__bm25__seed42__A_simplified_clean_no_gate,TargetPoisonPresence@5,0,0,true
phase5d_control_ablation,hotpotqa__bm25__seed42__A_simplified_clean_no_gate,TargetPoisonFraction@5,0,0,true
phase5d_control_ablation,hotpotqa__bm25__seed42__A_simplified_clean_no_gate,avg_context_count,5,5,true
phase5d_control_ablation,hotpotqa__bm25__seed42__A_simplified_clean_no_gate,gate_inputs,0,0,true
phase5d_control_ablation,hotpotqa__bm25__seed42__A_simplified_clean_no_gate,gate_clean_inputs,0,0,true
phase5d_control_ablation,hotpotqa__bm25__seed42__A_simplified_clean_no_gate,gate_poison_inputs,0,0,true
phase5d_control_ablation,hotpotqa__bm25__seed42__A_simplified_poison_no_gate,num_eval_queries,300,300,true
phase5d_control_ablation,hotpotqa__bm25__seed42__A_simplified_poison_no_gate,Clean_EM,,,true
phase5d_control_ablation,hotpotqa__bm25__seed42__A_simplified_poison_no_gate,Clean_F1,,,true
phase5d_control_ablation,hotpotqa__bm25__seed42__A_simplified_poison_no_gate,ASR,0.6233333333333333,0.6233333333333333,true
phase5d_control_ablation,hotpotqa__bm25__seed42__A_simplified_poison_no_gate,ambiguous_rate,0.02666666666666667,0.02666666666666667,true
phase5d_control_ablation,hotpotqa__bm25__seed42__A_simplified_poison_no_gate,TPR,,,true
phase5d_control_ablation,hotpotqa__bm25__seed42__A_simplified_poison_no_gate,FPR,,,true
phase5d_control_ablation,hotpotqa__bm25__seed42__A_simplified_poison_no_gate,PoisonPresence@5,1,1,true
phase5d_control_ablation,hotpotqa__bm25__seed42__A_simplified_poison_no_gate,PoisonFraction@5,0.9993333333333334,0.9993333333333334,true
phase5d_control_ablation,hotpotqa__bm25__seed42__A_simplified_poison_no_gate,TargetPoisonPresence@5,1,1,true
phase5d_control_ablation,hotpotqa__bm25__seed42__A_simplified_poison_no_gate,TargetPoisonFraction@5,0.9993333333333334,0.9993333333333334,true
phase5d_control_ablation,hotpotqa__bm25__seed42__A_simplified_poison_no_gate,avg_context_count,5,5,true
phase5d_control_ablation,hotpotqa__bm25__seed42__A_simplified_poison_no_gate,gate_inputs,0,0,true
phase5d_control_ablation,hotpotqa__bm25__seed42__A_simplified_poison_no_gate,gate_clean_inputs,0,0,true
phase5d_control_ablation,hotpotqa__bm25__seed42__A_simplified_poison_no_gate,gate_poison_inputs,0,0,true
phase5d_control_ablation,hotpotqa__bm25__seed42__B_single_clean_P_gen,num_eval_queries,300,300,true
phase5d_control_ablation,hotpotqa__bm25__seed42__B_single_clean_P_gen,Clean_EM,0.016666666666666666,0.016666666666666666,true
phase5d_control_ablation,hotpotqa__bm25__seed42__B_single_clean_P_gen,Clean_F1,0.10712306416832396,0.10712306416832396,true
phase5d_control_ablation,hotpotqa__bm25__seed42__B_single_clean_P_gen,ASR,,,true
phase5d_control_ablation,hotpotqa__bm25__seed42__B_single_clean_P_gen,ambiguous_rate,,,true
phase5d_control_ablation,hotpotqa__bm25__seed42__B_single_clean_P_gen,TPR,,,true
phase5d_control_ablation,hotpotqa__bm25__seed42__B_single_clean_P_gen,FPR,0.2017030335284726,0.2017030335284726,true
phase5d_control_ablation,hotpotqa__bm25__seed42__B_single_clean_P_gen,PoisonPresence@5,0,0,true
phase5d_control_ablation,hotpotqa__bm25__seed42__B_single_clean_P_gen,PoisonFraction@5,0,0,true
phase5d_control_ablation,hotpotqa__bm25__seed42__B_single_clean_P_gen,TargetPoisonPresence@5,0,0,true
phase5d_control_ablation,hotpotqa__bm25__seed42__B_single_clean_P_gen,TargetPoisonFraction@5,0,0,true
phase5d_control_ablation,hotpotqa__bm25__seed42__B_single_clean_P_gen,avg_context_count,5,5,true
phase5d_control_ablation,hotpotqa__bm25__seed42__B_single_clean_P_gen,gate_inputs,1879,1879,true
phase5d_control_ablation,hotpotqa__bm25__seed42__B_single_clean_P_gen,gate_clean_inputs,1879,1879,true
phase5d_control_ablation,hotpotqa__bm25__seed42__B_single_clean_P_gen,gate_poison_inputs,0,0,true
phase5d_control_ablation,hotpotqa__bm25__seed42__B_single_clean_P_ret,num_eval_queries,300,300,true
phase5d_control_ablation,hotpotqa__bm25__seed42__B_single_clean_P_ret,Clean_EM,0.016666666666666666,0.016666666666666666,true
phase5d_control_ablation,hotpotqa__bm25__seed42__B_single_clean_P_ret,Clean_F1,0.10712306416832396,0.10712306416832396,true
phase5d_control_ablation,hotpotqa__bm25__seed42__B_single_clean_P_ret,ASR,,,true
phase5d_control_ablation,hotpotqa__bm25__seed42__B_single_clean_P_ret,ambiguous_rate,,,true
phase5d_control_ablation,hotpotqa__bm25__seed42__B_single_clean_P_ret,TPR,,,true
phase5d_control_ablation,hotpotqa__bm25__seed42__B_single_clean_P_ret,FPR,0.0398,0.0398,true
phase5d_control_ablation,hotpotqa__bm25__seed42__B_single_clean_P_ret,PoisonPresence@5,0,0,true
phase5d_control_ablation,hotpotqa__bm25__seed42__B_single_clean_P_ret,PoisonFraction@5,0,0,true
phase5d_control_ablation,hotpotqa__bm25__seed42__B_single_clean_P_ret,TargetPoisonPresence@5,0,0,true
phase5d_control_ablation,hotpotqa__bm25__seed42__B_single_clean_P_ret,TargetPoisonFraction@5,0,0,true
phase5d_control_ablation,hotpotqa__bm25__seed42__B_single_clean_P_ret,avg_context_count,5,5,true
phase5d_control_ablation,hotpotqa__bm25__seed42__B_single_clean_P_ret,gate_inputs,15000,15000,true
phase5d_control_ablation,hotpotqa__bm25__seed42__B_single_clean_P_ret,gate_clean_inputs,15000,15000,true
phase5d_control_ablation,hotpotqa__bm25__seed42__B_single_clean_P_ret,gate_poison_inputs,0,0,true
phase5d_control_ablation,hotpotqa__bm25__seed42__B_single_poison_P_gen,num_eval_queries,300,300,true
phase5d_control_ablation,hotpotqa__bm25__seed42__B_single_poison_P_gen,Clean_EM,,,true
phase5d_control_ablation,hotpotqa__bm25__seed42__B_single_poison_P_gen,Clean_F1,,,true
phase5d_control_ablation,hotpotqa__bm25__seed42__B_single_poison_P_gen,ASR,0.0033333333333333335,0.0033333333333333335,true
phase5d_control_ablation,hotpotqa__bm25__seed42__B_single_poison_P_gen,ambiguous_rate,0,0,true
phase5d_control_ablation,hotpotqa__bm25__seed42__B_single_poison_P_gen,TPR,0.9760051880674449,0.9760051880674449,true
phase5d_control_ablation,hotpotqa__bm25__seed42__B_single_poison_P_gen,FPR,0.20359281437125748,0.20359281437125748,true
phase5d_control_ablation,hotpotqa__bm25__seed42__B_single_poison_P_gen,PoisonPresence@5,0.04,0.04,true
phase5d_control_ablation,hotpotqa__bm25__seed42__B_single_poison_P_gen,PoisonFraction@5,0.024666666666666667,0.024666666666666667,true
phase5d_control_ablation,hotpotqa__bm25__seed42__B_single_poison_P_gen,TargetPoisonPresence@5,0,0,true
phase5d_control_ablation,hotpotqa__bm25__seed42__B_single_poison_P_gen,TargetPoisonFraction@5,0,0,true
phase5d_control_ablation,hotpotqa__bm25__seed42__B_single_poison_P_gen,avg_context_count,5,5,true
phase5d_control_ablation,hotpotqa__bm25__seed42__B_single_poison_P_gen,gate_inputs,3379,3379,true
phase5d_control_ablation,hotpotqa__bm25__seed42__B_single_poison_P_gen,gate_clean_inputs,1837,1837,true
phase5d_control_ablation,hotpotqa__bm25__seed42__B_single_poison_P_gen,gate_poison_inputs,1542,1542,true
phase5d_control_ablation,hotpotqa__bm25__seed42__B_single_poison_P_ret,num_eval_queries,300,300,true
phase5d_control_ablation,hotpotqa__bm25__seed42__B_single_poison_P_ret,Clean_EM,,,true
phase5d_control_ablation,hotpotqa__bm25__seed42__B_single_poison_P_ret,Clean_F1,,,true
phase5d_control_ablation,hotpotqa__bm25__seed42__B_single_poison_P_ret,ASR,0.0033333333333333335,0.0033333333333333335,true
phase5d_control_ablation,hotpotqa__bm25__seed42__B_single_poison_P_ret,ambiguous_rate,0,0,true
phase5d_control_ablation,hotpotqa__bm25__seed42__B_single_poison_P_ret,TPR,0.7142857142857143,0.7142857142857143,true
phase5d_control_ablation,hotpotqa__bm25__seed42__B_single_poison_P_ret,FPR,0.04508356004663817,0.04508356004663817,true
phase5d_control_ablation,hotpotqa__bm25__seed42__B_single_poison_P_ret,PoisonPresence@5,0.04,0.04,true
phase5d_control_ablation,hotpotqa__bm25__seed42__B_single_poison_P_ret,PoisonFraction@5,0.024666666666666667,0.024666666666666667,true
phase5d_control_ablation,hotpotqa__bm25__seed42__B_single_poison_P_ret,TargetPoisonPresence@5,0,0,true
phase5d_control_ablation,hotpotqa__bm25__seed42__B_single_poison_P_ret,TargetPoisonFraction@5,0,0,true
phase5d_control_ablation,hotpotqa__bm25__seed42__B_single_poison_P_ret,avg_context_count,5,5,true
phase5d_control_ablation,hotpotqa__bm25__seed42__B_single_poison_P_ret,gate_inputs,15000,15000,true
phase5d_control_ablation,hotpotqa__bm25__seed42__B_single_poison_P_ret,gate_clean_inputs,12865,12865,true
phase5d_control_ablation,hotpotqa__bm25__seed42__B_single_poison_P_ret,gate_poison_inputs,2135,2135,true
phase5d_control_ablation,hotpotqa__bm25__seed42__C_random_clean_P_gen,num_eval_queries,300,300,true
phase5d_control_ablation,hotpotqa__bm25__seed42__C_random_clean_P_gen,Clean_EM,0.013333333333333334,0.013333333333333334,true
phase5d_control_ablation,hotpotqa__bm25__seed42__C_random_clean_P_gen,Clean_F1,0.1280905771391313,0.1280905771391313,true
phase5d_control_ablation,hotpotqa__bm25__seed42__C_random_clean_P_gen,ASR,,,true
phase5d_control_ablation,hotpotqa__bm25__seed42__C_random_clean_P_gen,ambiguous_rate,,,true
phase5d_control_ablation,hotpotqa__bm25__seed42__C_random_clean_P_gen,TPR,,,true
phase5d_control_ablation,hotpotqa__bm25__seed42__C_random_clean_P_gen,FPR,0.19700214132762311,0.19700214132762311,true
phase5d_control_ablation,hotpotqa__bm25__seed42__C_random_clean_P_gen,PoisonPresence@5,0,0,true
phase5d_control_ablation,hotpotqa__bm25__seed42__C_random_clean_P_gen,PoisonFraction@5,0,0,true
phase5d_control_ablation,hotpotqa__bm25__seed42__C_random_clean_P_gen,TargetPoisonPresence@5,0,0,true
phase5d_control_ablation,hotpotqa__bm25__seed42__C_random_clean_P_gen,TargetPoisonFraction@5,0,0,true
phase5d_control_ablation,hotpotqa__bm25__seed42__C_random_clean_P_gen,avg_context_count,5,5,true
phase5d_control_ablation,hotpotqa__bm25__seed42__C_random_clean_P_gen,gate_inputs,1868,1868,true
phase5d_control_ablation,hotpotqa__bm25__seed42__C_random_clean_P_gen,gate_clean_inputs,1868,1868,true
phase5d_control_ablation,hotpotqa__bm25__seed42__C_random_clean_P_gen,gate_poison_inputs,0,0,true
phase5d_control_ablation,hotpotqa__bm25__seed42__C_random_clean_P_ret,num_eval_queries,300,300,true
phase5d_control_ablation,hotpotqa__bm25__seed42__C_random_clean_P_ret,Clean_EM,0.02,0.02,true
phase5d_control_ablation,hotpotqa__bm25__seed42__C_random_clean_P_ret,Clean_F1,0.14118152271204737,0.14118152271204737,true
phase5d_control_ablation,hotpotqa__bm25__seed42__C_random_clean_P_ret,ASR,,,true
phase5d_control_ablation,hotpotqa__bm25__seed42__C_random_clean_P_ret,ambiguous_rate,,,true
phase5d_control_ablation,hotpotqa__bm25__seed42__C_random_clean_P_ret,TPR,,,true
phase5d_control_ablation,hotpotqa__bm25__seed42__C_random_clean_P_ret,FPR,0.0478,0.0478,true
phase5d_control_ablation,hotpotqa__bm25__seed42__C_random_clean_P_ret,PoisonPresence@5,0,0,true
phase5d_control_ablation,hotpotqa__bm25__seed42__C_random_clean_P_ret,PoisonFraction@5,0,0,true
phase5d_control_ablation,hotpotqa__bm25__seed42__C_random_clean_P_ret,TargetPoisonPresence@5,0,0,true
phase5d_control_ablation,hotpotqa__bm25__seed42__C_random_clean_P_ret,TargetPoisonFraction@5,0,0,true
phase5d_control_ablation,hotpotqa__bm25__seed42__C_random_clean_P_ret,avg_context_count,5,5,true
phase5d_control_ablation,hotpotqa__bm25__seed42__C_random_clean_P_ret,gate_inputs,15000,15000,true
phase5d_control_ablation,hotpotqa__bm25__seed42__C_random_clean_P_ret,gate_clean_inputs,15000,15000,true
phase5d_control_ablation,hotpotqa__bm25__seed42__C_random_clean_P_ret,gate_poison_inputs,0,0,true
phase5d_control_ablation,hotpotqa__bm25__seed42__C_random_poison_P_gen,num_eval_queries,300,300,true
phase5d_control_ablation,hotpotqa__bm25__seed42__C_random_poison_P_gen,Clean_EM,,,true
phase5d_control_ablation,hotpotqa__bm25__seed42__C_random_poison_P_gen,Clean_F1,,,true
phase5d_control_ablation,hotpotqa__bm25__seed42__C_random_poison_P_gen,ASR,0.4,0.4,true
phase5d_control_ablation,hotpotqa__bm25__seed42__C_random_poison_P_gen,ambiguous_rate,0.04,0.04,true
phase5d_control_ablation,hotpotqa__bm25__seed42__C_random_poison_P_gen,TPR,0.5533980582524272,0.5533980582524272,true
phase5d_control_ablation,hotpotqa__bm25__seed42__C_random_poison_P_gen,FPR,0.554945054945055,0.554945054945055,true
phase5d_control_ablation,hotpotqa__bm25__seed42__C_random_poison_P_gen,PoisonPresence@5,0.9833333333333333,0.9833333333333333,true
phase5d_control_ablation,hotpotqa__bm25__seed42__C_random_poison_P_gen,PoisonFraction@5,0.4600000000000003,0.4600000000000003,true
phase5d_control_ablation,hotpotqa__bm25__seed42__C_random_poison_P_gen,TargetPoisonPresence@5,0.9833333333333333,0.9833333333333333,true
phase5d_control_ablation,hotpotqa__bm25__seed42__C_random_poison_P_gen,TargetPoisonFraction@5,0.4480000000000003,0.4480000000000003,true
phase5d_control_ablation,hotpotqa__bm25__seed42__C_random_poison_P_gen,avg_context_count,5,5,true
phase5d_control_ablation,hotpotqa__bm25__seed42__C_random_poison_P_gen,gate_inputs,3365,3365,true
phase5d_control_ablation,hotpotqa__bm25__seed42__C_random_poison_P_gen,gate_clean_inputs,1820,1820,true
phase5d_control_ablation,hotpotqa__bm25__seed42__C_random_poison_P_gen,gate_poison_inputs,1545,1545,true
phase5d_control_ablation,hotpotqa__bm25__seed42__C_random_poison_P_ret,num_eval_queries,300,300,true
phase5d_control_ablation,hotpotqa__bm25__seed42__C_random_poison_P_ret,Clean_EM,,,true
phase5d_control_ablation,hotpotqa__bm25__seed42__C_random_poison_P_ret,Clean_F1,,,true
phase5d_control_ablation,hotpotqa__bm25__seed42__C_random_poison_P_ret,ASR,0.41333333333333333,0.41333333333333333,true
phase5d_control_ablation,hotpotqa__bm25__seed42__C_random_poison_P_ret,ambiguous_rate,0.023333333333333334,0.023333333333333334,true
phase5d_control_ablation,hotpotqa__bm25__seed42__C_random_poison_P_ret,TPR,0.14707259953161592,0.14707259953161592,true
phase5d_control_ablation,hotpotqa__bm25__seed42__C_random_poison_P_ret,FPR,0.14574426739214924,0.14574426739214924,true
phase5d_control_ablation,hotpotqa__bm25__seed42__C_random_poison_P_ret,PoisonPresence@5,0.9966666666666667,0.9966666666666667,true
phase5d_control_ablation,hotpotqa__bm25__seed42__C_random_poison_P_ret,PoisonFraction@5,0.7166666666666676,0.7166666666666676,true
phase5d_control_ablation,hotpotqa__bm25__seed42__C_random_poison_P_ret,TargetPoisonPresence@5,0.9966666666666667,0.9966666666666667,true
phase5d_control_ablation,hotpotqa__bm25__seed42__C_random_poison_P_ret,TargetPoisonFraction@5,0.7166666666666676,0.7166666666666676,true
phase5d_control_ablation,hotpotqa__bm25__seed42__C_random_poison_P_ret,avg_context_count,5,5,true
phase5d_control_ablation,hotpotqa__bm25__seed42__C_random_poison_P_ret,gate_inputs,15000,15000,true
phase5d_control_ablation,hotpotqa__bm25__seed42__C_random_poison_P_ret,gate_clean_inputs,12865,12865,true
phase5d_control_ablation,hotpotqa__bm25__seed42__C_random_poison_P_ret,gate_poison_inputs,2135,2135,true
phase5d_control_ablation,nq__bge_dense__seed13__A_simplified_clean_no_gate,num_eval_queries,300,300,true
phase5d_control_ablation,nq__bge_dense__seed13__A_simplified_clean_no_gate,Clean_EM,0,0,true
phase5d_control_ablation,nq__bge_dense__seed13__A_simplified_clean_no_gate,Clean_F1,0.16662732169691358,0.16662732169691358,true
phase5d_control_ablation,nq__bge_dense__seed13__A_simplified_clean_no_gate,ASR,,,true
phase5d_control_ablation,nq__bge_dense__seed13__A_simplified_clean_no_gate,ambiguous_rate,,,true
phase5d_control_ablation,nq__bge_dense__seed13__A_simplified_clean_no_gate,TPR,,,true
phase5d_control_ablation,nq__bge_dense__seed13__A_simplified_clean_no_gate,FPR,,,true
phase5d_control_ablation,nq__bge_dense__seed13__A_simplified_clean_no_gate,PoisonPresence@5,0,0,true
phase5d_control_ablation,nq__bge_dense__seed13__A_simplified_clean_no_gate,PoisonFraction@5,0,0,true
phase5d_control_ablation,nq__bge_dense__seed13__A_simplified_clean_no_gate,TargetPoisonPresence@5,0,0,true
phase5d_control_ablation,nq__bge_dense__seed13__A_simplified_clean_no_gate,TargetPoisonFraction@5,0,0,true
phase5d_control_ablation,nq__bge_dense__seed13__A_simplified_clean_no_gate,avg_context_count,5,5,true
phase5d_control_ablation,nq__bge_dense__seed13__A_simplified_clean_no_gate,gate_inputs,0,0,true
phase5d_control_ablation,nq__bge_dense__seed13__A_simplified_clean_no_gate,gate_clean_inputs,0,0,true
phase5d_control_ablation,nq__bge_dense__seed13__A_simplified_clean_no_gate,gate_poison_inputs,0,0,true
phase5d_control_ablation,nq__bge_dense__seed13__A_simplified_poison_no_gate,num_eval_queries,300,300,true
phase5d_control_ablation,nq__bge_dense__seed13__A_simplified_poison_no_gate,Clean_EM,,,true
phase5d_control_ablation,nq__bge_dense__seed13__A_simplified_poison_no_gate,Clean_F1,,,true
phase5d_control_ablation,nq__bge_dense__seed13__A_simplified_poison_no_gate,ASR,0.37666666666666665,0.37666666666666665,true
phase5d_control_ablation,nq__bge_dense__seed13__A_simplified_poison_no_gate,ambiguous_rate,0.016666666666666666,0.016666666666666666,true
phase5d_control_ablation,nq__bge_dense__seed13__A_simplified_poison_no_gate,TPR,,,true
phase5d_control_ablation,nq__bge_dense__seed13__A_simplified_poison_no_gate,FPR,,,true
phase5d_control_ablation,nq__bge_dense__seed13__A_simplified_poison_no_gate,PoisonPresence@5,0.8066666666666666,0.8066666666666666,true
phase5d_control_ablation,nq__bge_dense__seed13__A_simplified_poison_no_gate,PoisonFraction@5,0.6713333333333336,0.6713333333333336,true
phase5d_control_ablation,nq__bge_dense__seed13__A_simplified_poison_no_gate,TargetPoisonPresence@5,0.8066666666666666,0.8066666666666666,true
phase5d_control_ablation,nq__bge_dense__seed13__A_simplified_poison_no_gate,TargetPoisonFraction@5,0.6713333333333336,0.6713333333333336,true
phase5d_control_ablation,nq__bge_dense__seed13__A_simplified_poison_no_gate,avg_context_count,5,5,true
phase5d_control_ablation,nq__bge_dense__seed13__A_simplified_poison_no_gate,gate_inputs,0,0,true
phase5d_control_ablation,nq__bge_dense__seed13__A_simplified_poison_no_gate,gate_clean_inputs,0,0,true
phase5d_control_ablation,nq__bge_dense__seed13__A_simplified_poison_no_gate,gate_poison_inputs,0,0,true
phase5d_control_ablation,nq__bge_dense__seed13__B_single_clean_P_gen,num_eval_queries,300,300,true
phase5d_control_ablation,nq__bge_dense__seed13__B_single_clean_P_gen,Clean_EM,0,0,true
phase5d_control_ablation,nq__bge_dense__seed13__B_single_clean_P_gen,Clean_F1,0.12922923030888556,0.12922923030888556,true
phase5d_control_ablation,nq__bge_dense__seed13__B_single_clean_P_gen,ASR,,,true
phase5d_control_ablation,nq__bge_dense__seed13__B_single_clean_P_gen,ambiguous_rate,,,true
phase5d_control_ablation,nq__bge_dense__seed13__B_single_clean_P_gen,TPR,,,true
phase5d_control_ablation,nq__bge_dense__seed13__B_single_clean_P_gen,FPR,0.10886377156454491,0.10886377156454491,true
phase5d_control_ablation,nq__bge_dense__seed13__B_single_clean_P_gen,PoisonPresence@5,0,0,true
phase5d_control_ablation,nq__bge_dense__seed13__B_single_clean_P_gen,PoisonFraction@5,0,0,true
phase5d_control_ablation,nq__bge_dense__seed13__B_single_clean_P_gen,TargetPoisonPresence@5,0,0,true
phase5d_control_ablation,nq__bge_dense__seed13__B_single_clean_P_gen,TargetPoisonFraction@5,0,0,true
phase5d_control_ablation,nq__bge_dense__seed13__B_single_clean_P_gen,avg_context_count,4.993333333333333,4.993333333333333,true
phase5d_control_ablation,nq__bge_dense__seed13__B_single_clean_P_gen,gate_inputs,1681,1681,true
phase5d_control_ablation,nq__bge_dense__seed13__B_single_clean_P_gen,gate_clean_inputs,1681,1681,true
phase5d_control_ablation,nq__bge_dense__seed13__B_single_clean_P_gen,gate_poison_inputs,0,0,true
phase5d_control_ablation,nq__bge_dense__seed13__B_single_clean_P_ret,num_eval_queries,300,300,true
phase5d_control_ablation,nq__bge_dense__seed13__B_single_clean_P_ret,Clean_EM,0,0,true
phase5d_control_ablation,nq__bge_dense__seed13__B_single_clean_P_ret,Clean_F1,0.12922923030888556,0.12922923030888556,true
phase5d_control_ablation,nq__bge_dense__seed13__B_single_clean_P_ret,ASR,,,true
phase5d_control_ablation,nq__bge_dense__seed13__B_single_clean_P_ret,ambiguous_rate,,,true
phase5d_control_ablation,nq__bge_dense__seed13__B_single_clean_P_ret,TPR,,,true
phase5d_control_ablation,nq__bge_dense__seed13__B_single_clean_P_ret,FPR,0.029266666666666667,0.029266666666666667,true
phase5d_control_ablation,nq__bge_dense__seed13__B_single_clean_P_ret,PoisonPresence@5,0,0,true
phase5d_control_ablation,nq__bge_dense__seed13__B_single_clean_P_ret,PoisonFraction@5,0,0,true
phase5d_control_ablation,nq__bge_dense__seed13__B_single_clean_P_ret,TargetPoisonPresence@5,0,0,true
phase5d_control_ablation,nq__bge_dense__seed13__B_single_clean_P_ret,TargetPoisonFraction@5,0,0,true
phase5d_control_ablation,nq__bge_dense__seed13__B_single_clean_P_ret,avg_context_count,4.993333333333333,4.993333333333333,true
phase5d_control_ablation,nq__bge_dense__seed13__B_single_clean_P_ret,gate_inputs,15000,15000,true
phase5d_control_ablation,nq__bge_dense__seed13__B_single_clean_P_ret,gate_clean_inputs,15000,15000,true
phase5d_control_ablation,nq__bge_dense__seed13__B_single_clean_P_ret,gate_poison_inputs,0,0,true
phase5d_control_ablation,nq__bge_dense__seed13__B_single_poison_P_gen,num_eval_queries,300,300,true
phase5d_control_ablation,nq__bge_dense__seed13__B_single_poison_P_gen,Clean_EM,,,true
phase5d_control_ablation,nq__bge_dense__seed13__B_single_poison_P_gen,Clean_F1,,,true
phase5d_control_ablation,nq__bge_dense__seed13__B_single_poison_P_gen,ASR,0,0,true
phase5d_control_ablation,nq__bge_dense__seed13__B_single_poison_P_gen,ambiguous_rate,0,0,true
phase5d_control_ablation,nq__bge_dense__seed13__B_single_poison_P_gen,TPR,1,1,true
phase5d_control_ablation,nq__bge_dense__seed13__B_single_poison_P_gen,FPR,0.10892857142857143,0.10892857142857143,true
phase5d_control_ablation,nq__bge_dense__seed13__B_single_poison_P_gen,PoisonPresence@5,0,0,true
phase5d_control_ablation,nq__bge_dense__seed13__B_single_poison_P_gen,PoisonFraction@5,0,0,true
phase5d_control_ablation,nq__bge_dense__seed13__B_single_poison_P_gen,TargetPoisonPresence@5,0,0,true
phase5d_control_ablation,nq__bge_dense__seed13__B_single_poison_P_gen,TargetPoisonFraction@5,0,0,true
phase5d_control_ablation,nq__bge_dense__seed13__B_single_poison_P_gen,avg_context_count,4.99,4.99,true
phase5d_control_ablation,nq__bge_dense__seed13__B_single_poison_P_gen,gate_inputs,2285,2285,true
phase5d_control_ablation,nq__bge_dense__seed13__B_single_poison_P_gen,gate_clean_inputs,1680,1680,true
phase5d_control_ablation,nq__bge_dense__seed13__B_single_poison_P_gen,gate_poison_inputs,605,605,true
phase5d_control_ablation,nq__bge_dense__seed13__B_single_poison_P_ret,num_eval_queries,300,300,true
phase5d_control_ablation,nq__bge_dense__seed13__B_single_poison_P_ret,Clean_EM,,,true
phase5d_control_ablation,nq__bge_dense__seed13__B_single_poison_P_ret,Clean_F1,,,true
phase5d_control_ablation,nq__bge_dense__seed13__B_single_poison_P_ret,ASR,0,0,true
phase5d_control_ablation,nq__bge_dense__seed13__B_single_poison_P_ret,ambiguous_rate,0,0,true
phase5d_control_ablation,nq__bge_dense__seed13__B_single_poison_P_ret,TPR,0.9864864864864865,0.9864864864864865,true
phase5d_control_ablation,nq__bge_dense__seed13__B_single_poison_P_ret,FPR,0.03113905325443787,0.03113905325443787,true
phase5d_control_ablation,nq__bge_dense__seed13__B_single_poison_P_ret,PoisonPresence@5,0,0,true
phase5d_control_ablation,nq__bge_dense__seed13__B_single_poison_P_ret,PoisonFraction@5,0,0,true
phase5d_control_ablation,nq__bge_dense__seed13__B_single_poison_P_ret,TargetPoisonPresence@5,0,0,true
phase5d_control_ablation,nq__bge_dense__seed13__B_single_poison_P_ret,TargetPoisonFraction@5,0,0,true
phase5d_control_ablation,nq__bge_dense__seed13__B_single_poison_P_ret,avg_context_count,4.99,4.99,true
phase5d_control_ablation,nq__bge_dense__seed13__B_single_poison_P_ret,gate_inputs,15000,15000,true
phase5d_control_ablation,nq__bge_dense__seed13__B_single_poison_P_ret,gate_clean_inputs,13520,13520,true
phase5d_control_ablation,nq__bge_dense__seed13__B_single_poison_P_ret,gate_poison_inputs,1480,1480,true
phase5d_control_ablation,nq__bge_dense__seed13__C_random_clean_P_gen,num_eval_queries,300,300,true
phase5d_control_ablation,nq__bge_dense__seed13__C_random_clean_P_gen,Clean_EM,0,0,true
phase5d_control_ablation,nq__bge_dense__seed13__C_random_clean_P_gen,Clean_F1,0.1411245026752672,0.1411245026752672,true
phase5d_control_ablation,nq__bge_dense__seed13__C_random_clean_P_gen,ASR,,,true
phase5d_control_ablation,nq__bge_dense__seed13__C_random_clean_P_gen,ambiguous_rate,,,true
phase5d_control_ablation,nq__bge_dense__seed13__C_random_clean_P_gen,TPR,,,true
phase5d_control_ablation,nq__bge_dense__seed13__C_random_clean_P_gen,FPR,0.09200968523002422,0.09200968523002422,true
phase5d_control_ablation,nq__bge_dense__seed13__C_random_clean_P_gen,PoisonPresence@5,0,0,true
phase5d_control_ablation,nq__bge_dense__seed13__C_random_clean_P_gen,PoisonFraction@5,0,0,true
phase5d_control_ablation,nq__bge_dense__seed13__C_random_clean_P_gen,TargetPoisonPresence@5,0,0,true
phase5d_control_ablation,nq__bge_dense__seed13__C_random_clean_P_gen,TargetPoisonFraction@5,0,0,true
phase5d_control_ablation,nq__bge_dense__seed13__C_random_clean_P_gen,avg_context_count,5,5,true
phase5d_control_ablation,nq__bge_dense__seed13__C_random_clean_P_gen,gate_inputs,1652,1652,true
phase5d_control_ablation,nq__bge_dense__seed13__C_random_clean_P_gen,gate_clean_inputs,1652,1652,true
phase5d_control_ablation,nq__bge_dense__seed13__C_random_clean_P_gen,gate_poison_inputs,0,0,true
phase5d_control_ablation,nq__bge_dense__seed13__C_random_clean_P_ret,num_eval_queries,300,300,true
phase5d_control_ablation,nq__bge_dense__seed13__C_random_clean_P_ret,Clean_EM,0,0,true
phase5d_control_ablation,nq__bge_dense__seed13__C_random_clean_P_ret,Clean_F1,0.1456566788822382,0.1456566788822382,true
phase5d_control_ablation,nq__bge_dense__seed13__C_random_clean_P_ret,ASR,,,true
phase5d_control_ablation,nq__bge_dense__seed13__C_random_clean_P_ret,ambiguous_rate,,,true
phase5d_control_ablation,nq__bge_dense__seed13__C_random_clean_P_ret,TPR,,,true
phase5d_control_ablation,nq__bge_dense__seed13__C_random_clean_P_ret,FPR,0.05046666666666667,0.05046666666666667,true
phase5d_control_ablation,nq__bge_dense__seed13__C_random_clean_P_ret,PoisonPresence@5,0,0,true
phase5d_control_ablation,nq__bge_dense__seed13__C_random_clean_P_ret,PoisonFraction@5,0,0,true
phase5d_control_ablation,nq__bge_dense__seed13__C_random_clean_P_ret,TargetPoisonPresence@5,0,0,true
phase5d_control_ablation,nq__bge_dense__seed13__C_random_clean_P_ret,TargetPoisonFraction@5,0,0,true
phase5d_control_ablation,nq__bge_dense__seed13__C_random_clean_P_ret,avg_context_count,5,5,true
phase5d_control_ablation,nq__bge_dense__seed13__C_random_clean_P_ret,gate_inputs,15000,15000,true
phase5d_control_ablation,nq__bge_dense__seed13__C_random_clean_P_ret,gate_clean_inputs,15000,15000,true
phase5d_control_ablation,nq__bge_dense__seed13__C_random_clean_P_ret,gate_poison_inputs,0,0,true
phase5d_control_ablation,nq__bge_dense__seed13__C_random_poison_P_gen,num_eval_queries,300,300,true
phase5d_control_ablation,nq__bge_dense__seed13__C_random_poison_P_gen,Clean_EM,,,true
phase5d_control_ablation,nq__bge_dense__seed13__C_random_poison_P_gen,Clean_F1,,,true
phase5d_control_ablation,nq__bge_dense__seed13__C_random_poison_P_gen,ASR,0.26666666666666666,0.26666666666666666,true
phase5d_control_ablation,nq__bge_dense__seed13__C_random_poison_P_gen,ambiguous_rate,0.0033333333333333335,0.0033333333333333335,true
phase5d_control_ablation,nq__bge_dense__seed13__C_random_poison_P_gen,TPR,0.1294820717131474,0.1294820717131474,true
phase5d_control_ablation,nq__bge_dense__seed13__C_random_poison_P_gen,FPR,0.12510288065843622,0.12510288065843622,true
phase5d_control_ablation,nq__bge_dense__seed13__C_random_poison_P_gen,PoisonPresence@5,0.4066666666666667,0.4066666666666667,true
phase5d_control_ablation,nq__bge_dense__seed13__C_random_poison_P_gen,PoisonFraction@5,0.2913333333333333,0.2913333333333333,true
phase5d_control_ablation,nq__bge_dense__seed13__C_random_poison_P_gen,TargetPoisonPresence@5,0.4066666666666667,0.4066666666666667,true
phase5d_control_ablation,nq__bge_dense__seed13__C_random_poison_P_gen,TargetPoisonFraction@5,0.2913333333333333,0.2913333333333333,true
phase5d_control_ablation,nq__bge_dense__seed13__C_random_poison_P_gen,avg_context_count,5,5,true
phase5d_control_ablation,nq__bge_dense__seed13__C_random_poison_P_gen,gate_inputs,1717,1717,true
phase5d_control_ablation,nq__bge_dense__seed13__C_random_poison_P_gen,gate_clean_inputs,1215,1215,true
phase5d_control_ablation,nq__bge_dense__seed13__C_random_poison_P_gen,gate_poison_inputs,502,502,true
phase5d_control_ablation,nq__bge_dense__seed13__C_random_poison_P_ret,num_eval_queries,300,300,true
phase5d_control_ablation,nq__bge_dense__seed13__C_random_poison_P_ret,Clean_EM,,,true
phase5d_control_ablation,nq__bge_dense__seed13__C_random_poison_P_ret,Clean_F1,,,true
phase5d_control_ablation,nq__bge_dense__seed13__C_random_poison_P_ret,ASR,0.25333333333333335,0.25333333333333335,true
phase5d_control_ablation,nq__bge_dense__seed13__C_random_poison_P_ret,ambiguous_rate,0.01,0.01,true
phase5d_control_ablation,nq__bge_dense__seed13__C_random_poison_P_ret,TPR,0.060810810810810814,0.060810810810810814,true
phase5d_control_ablation,nq__bge_dense__seed13__C_random_poison_P_ret,FPR,0.05939349112426035,0.05939349112426035,true
phase5d_control_ablation,nq__bge_dense__seed13__C_random_poison_P_ret,PoisonPresence@5,0.4,0.4,true
phase5d_control_ablation,nq__bge_dense__seed13__C_random_poison_P_ret,PoisonFraction@5,0.30133333333333306,0.30133333333333306,true
phase5d_control_ablation,nq__bge_dense__seed13__C_random_poison_P_ret,TargetPoisonPresence@5,0.4,0.4,true
phase5d_control_ablation,nq__bge_dense__seed13__C_random_poison_P_ret,TargetPoisonFraction@5,0.30133333333333306,0.30133333333333306,true
phase5d_control_ablation,nq__bge_dense__seed13__C_random_poison_P_ret,avg_context_count,5,5,true
phase5d_control_ablation,nq__bge_dense__seed13__C_random_poison_P_ret,gate_inputs,15000,15000,true
phase5d_control_ablation,nq__bge_dense__seed13__C_random_poison_P_ret,gate_clean_inputs,13520,13520,true
phase5d_control_ablation,nq__bge_dense__seed13__C_random_poison_P_ret,gate_poison_inputs,1480,1480,true
phase5d_control_ablation,nq__bge_dense__seed2026__A_simplified_clean_no_gate,num_eval_queries,300,300,true
phase5d_control_ablation,nq__bge_dense__seed2026__A_simplified_clean_no_gate,Clean_EM,0,0,true
phase5d_control_ablation,nq__bge_dense__seed2026__A_simplified_clean_no_gate,Clean_F1,0.16662732169691358,0.16662732169691358,true
phase5d_control_ablation,nq__bge_dense__seed2026__A_simplified_clean_no_gate,ASR,,,true
phase5d_control_ablation,nq__bge_dense__seed2026__A_simplified_clean_no_gate,ambiguous_rate,,,true
phase5d_control_ablation,nq__bge_dense__seed2026__A_simplified_clean_no_gate,TPR,,,true
phase5d_control_ablation,nq__bge_dense__seed2026__A_simplified_clean_no_gate,FPR,,,true
phase5d_control_ablation,nq__bge_dense__seed2026__A_simplified_clean_no_gate,PoisonPresence@5,0,0,true
phase5d_control_ablation,nq__bge_dense__seed2026__A_simplified_clean_no_gate,PoisonFraction@5,0,0,true
phase5d_control_ablation,nq__bge_dense__seed2026__A_simplified_clean_no_gate,TargetPoisonPresence@5,0,0,true
phase5d_control_ablation,nq__bge_dense__seed2026__A_simplified_clean_no_gate,TargetPoisonFraction@5,0,0,true
phase5d_control_ablation,nq__bge_dense__seed2026__A_simplified_clean_no_gate,avg_context_count,5,5,true
phase5d_control_ablation,nq__bge_dense__seed2026__A_simplified_clean_no_gate,gate_inputs,0,0,true
phase5d_control_ablation,nq__bge_dense__seed2026__A_simplified_clean_no_gate,gate_clean_inputs,0,0,true
phase5d_control_ablation,nq__bge_dense__seed2026__A_simplified_clean_no_gate,gate_poison_inputs,0,0,true
phase5d_control_ablation,nq__bge_dense__seed2026__A_simplified_poison_no_gate,num_eval_queries,300,300,true
phase5d_control_ablation,nq__bge_dense__seed2026__A_simplified_poison_no_gate,Clean_EM,,,true
phase5d_control_ablation,nq__bge_dense__seed2026__A_simplified_poison_no_gate,Clean_F1,,,true
phase5d_control_ablation,nq__bge_dense__seed2026__A_simplified_poison_no_gate,ASR,0.41333333333333333,0.41333333333333333,true
phase5d_control_ablation,nq__bge_dense__seed2026__A_simplified_poison_no_gate,ambiguous_rate,0.013333333333333334,0.013333333333333334,true
phase5d_control_ablation,nq__bge_dense__seed2026__A_simplified_poison_no_gate,TPR,,,true
phase5d_control_ablation,nq__bge_dense__seed2026__A_simplified_poison_no_gate,FPR,,,true
phase5d_control_ablation,nq__bge_dense__seed2026__A_simplified_poison_no_gate,PoisonPresence@5,0.78,0.78,true
phase5d_control_ablation,nq__bge_dense__seed2026__A_simplified_poison_no_gate,PoisonFraction@5,0.6633333333333334,0.6633333333333334,true
phase5d_control_ablation,nq__bge_dense__seed2026__A_simplified_poison_no_gate,TargetPoisonPresence@5,0.78,0.78,true
phase5d_control_ablation,nq__bge_dense__seed2026__A_simplified_poison_no_gate,TargetPoisonFraction@5,0.6633333333333334,0.6633333333333334,true
phase5d_control_ablation,nq__bge_dense__seed2026__A_simplified_poison_no_gate,avg_context_count,5,5,true
phase5d_control_ablation,nq__bge_dense__seed2026__A_simplified_poison_no_gate,gate_inputs,0,0,true
phase5d_control_ablation,nq__bge_dense__seed2026__A_simplified_poison_no_gate,gate_clean_inputs,0,0,true
phase5d_control_ablation,nq__bge_dense__seed2026__A_simplified_poison_no_gate,gate_poison_inputs,0,0,true
phase5d_control_ablation,nq__bge_dense__seed2026__B_single_clean_P_gen,num_eval_queries,300,300,true
phase5d_control_ablation,nq__bge_dense__seed2026__B_single_clean_P_gen,Clean_EM,0,0,true
phase5d_control_ablation,nq__bge_dense__seed2026__B_single_clean_P_gen,Clean_F1,0.12922923030888556,0.12922923030888556,true
phase5d_control_ablation,nq__bge_dense__seed2026__B_single_clean_P_gen,ASR,,,true
phase5d_control_ablation,nq__bge_dense__seed2026__B_single_clean_P_gen,ambiguous_rate,,,true
phase5d_control_ablation,nq__bge_dense__seed2026__B_single_clean_P_gen,TPR,,,true
phase5d_control_ablation,nq__bge_dense__seed2026__B_single_clean_P_gen,FPR,0.10886377156454491,0.10886377156454491,true
phase5d_control_ablation,nq__bge_dense__seed2026__B_single_clean_P_gen,PoisonPresence@5,0,0,true
phase5d_control_ablation,nq__bge_dense__seed2026__B_single_clean_P_gen,PoisonFraction@5,0,0,true
phase5d_control_ablation,nq__bge_dense__seed2026__B_single_clean_P_gen,TargetPoisonPresence@5,0,0,true
phase5d_control_ablation,nq__bge_dense__seed2026__B_single_clean_P_gen,TargetPoisonFraction@5,0,0,true
phase5d_control_ablation,nq__bge_dense__seed2026__B_single_clean_P_gen,avg_context_count,4.993333333333333,4.993333333333333,true
phase5d_control_ablation,nq__bge_dense__seed2026__B_single_clean_P_gen,gate_inputs,1681,1681,true
phase5d_control_ablation,nq__bge_dense__seed2026__B_single_clean_P_gen,gate_clean_inputs,1681,1681,true
phase5d_control_ablation,nq__bge_dense__seed2026__B_single_clean_P_gen,gate_poison_inputs,0,0,true
phase5d_control_ablation,nq__bge_dense__seed2026__B_single_clean_P_ret,num_eval_queries,300,300,true
phase5d_control_ablation,nq__bge_dense__seed2026__B_single_clean_P_ret,Clean_EM,0,0,true
phase5d_control_ablation,nq__bge_dense__seed2026__B_single_clean_P_ret,Clean_F1,0.12922923030888556,0.12922923030888556,true
phase5d_control_ablation,nq__bge_dense__seed2026__B_single_clean_P_ret,ASR,,,true
phase5d_control_ablation,nq__bge_dense__seed2026__B_single_clean_P_ret,ambiguous_rate,,,true
phase5d_control_ablation,nq__bge_dense__seed2026__B_single_clean_P_ret,TPR,,,true
phase5d_control_ablation,nq__bge_dense__seed2026__B_single_clean_P_ret,FPR,0.029266666666666667,0.029266666666666667,true
phase5d_control_ablation,nq__bge_dense__seed2026__B_single_clean_P_ret,PoisonPresence@5,0,0,true
phase5d_control_ablation,nq__bge_dense__seed2026__B_single_clean_P_ret,PoisonFraction@5,0,0,true
phase5d_control_ablation,nq__bge_dense__seed2026__B_single_clean_P_ret,TargetPoisonPresence@5,0,0,true
phase5d_control_ablation,nq__bge_dense__seed2026__B_single_clean_P_ret,TargetPoisonFraction@5,0,0,true
phase5d_control_ablation,nq__bge_dense__seed2026__B_single_clean_P_ret,avg_context_count,4.993333333333333,4.993333333333333,true
phase5d_control_ablation,nq__bge_dense__seed2026__B_single_clean_P_ret,gate_inputs,15000,15000,true
phase5d_control_ablation,nq__bge_dense__seed2026__B_single_clean_P_ret,gate_clean_inputs,15000,15000,true
phase5d_control_ablation,nq__bge_dense__seed2026__B_single_clean_P_ret,gate_poison_inputs,0,0,true
phase5d_control_ablation,nq__bge_dense__seed2026__B_single_poison_P_gen,num_eval_queries,300,300,true
phase5d_control_ablation,nq__bge_dense__seed2026__B_single_poison_P_gen,Clean_EM,,,true
phase5d_control_ablation,nq__bge_dense__seed2026__B_single_poison_P_gen,Clean_F1,,,true
phase5d_control_ablation,nq__bge_dense__seed2026__B_single_poison_P_gen,ASR,0,0,true
phase5d_control_ablation,nq__bge_dense__seed2026__B_single_poison_P_gen,ambiguous_rate,0,0,true
phase5d_control_ablation,nq__bge_dense__seed2026__B_single_poison_P_gen,TPR,1,1,true
phase5d_control_ablation,nq__bge_dense__seed2026__B_single_poison_P_gen,FPR,0.10892857142857143,0.10892857142857143,true
phase5d_control_ablation,nq__bge_dense__seed2026__B_single_poison_P_gen,PoisonPresence@5,0,0,true
phase5d_control_ablation,nq__bge_dense__seed2026__B_single_poison_P_gen,PoisonFraction@5,0,0,true
phase5d_control_ablation,nq__bge_dense__seed2026__B_single_poison_P_gen,TargetPoisonPresence@5,0,0,true
phase5d_control_ablation,nq__bge_dense__seed2026__B_single_poison_P_gen,TargetPoisonFraction@5,0,0,true
phase5d_control_ablation,nq__bge_dense__seed2026__B_single_poison_P_gen,avg_context_count,4.99,4.99,true
phase5d_control_ablation,nq__bge_dense__seed2026__B_single_poison_P_gen,gate_inputs,2340,2340,true
phase5d_control_ablation,nq__bge_dense__seed2026__B_single_poison_P_gen,gate_clean_inputs,1680,1680,true
phase5d_control_ablation,nq__bge_dense__seed2026__B_single_poison_P_gen,gate_poison_inputs,660,660,true
phase5d_control_ablation,nq__bge_dense__seed2026__B_single_poison_P_ret,num_eval_queries,300,300,true
phase5d_control_ablation,nq__bge_dense__seed2026__B_single_poison_P_ret,Clean_EM,,,true
phase5d_control_ablation,nq__bge_dense__seed2026__B_single_poison_P_ret,Clean_F1,,,true
phase5d_control_ablation,nq__bge_dense__seed2026__B_single_poison_P_ret,ASR,0,0,true
phase5d_control_ablation,nq__bge_dense__seed2026__B_single_poison_P_ret,ambiguous_rate,0,0,true
phase5d_control_ablation,nq__bge_dense__seed2026__B_single_poison_P_ret,TPR,0.9832775919732442,0.9832775919732442,true
phase5d_control_ablation,nq__bge_dense__seed2026__B_single_poison_P_ret,FPR,0.031025546094039246,0.031025546094039246,true
phase5d_control_ablation,nq__bge_dense__seed2026__B_single_poison_P_ret,PoisonPresence@5,0,0,true
phase5d_control_ablation,nq__bge_dense__seed2026__B_single_poison_P_ret,PoisonFraction@5,0,0,true
phase5d_control_ablation,nq__bge_dense__seed2026__B_single_poison_P_ret,TargetPoisonPresence@5,0,0,true
phase5d_control_ablation,nq__bge_dense__seed2026__B_single_poison_P_ret,TargetPoisonFraction@5,0,0,true
phase5d_control_ablation,nq__bge_dense__seed2026__B_single_poison_P_ret,avg_context_count,4.99,4.99,true
phase5d_control_ablation,nq__bge_dense__seed2026__B_single_poison_P_ret,gate_inputs,15000,15000,true
phase5d_control_ablation,nq__bge_dense__seed2026__B_single_poison_P_ret,gate_clean_inputs,13505,13505,true
phase5d_control_ablation,nq__bge_dense__seed2026__B_single_poison_P_ret,gate_poison_inputs,1495,1495,true
phase5d_control_ablation,nq__bge_dense__seed2026__C_random_clean_P_gen,num_eval_queries,300,300,true
phase5d_control_ablation,nq__bge_dense__seed2026__C_random_clean_P_gen,Clean_EM,0,0,true
phase5d_control_ablation,nq__bge_dense__seed2026__C_random_clean_P_gen,Clean_F1,0.1382829795439618,0.1382829795439618,true
phase5d_control_ablation,nq__bge_dense__seed2026__C_random_clean_P_gen,ASR,,,true
phase5d_control_ablation,nq__bge_dense__seed2026__C_random_clean_P_gen,ambiguous_rate,,,true
phase5d_control_ablation,nq__bge_dense__seed2026__C_random_clean_P_gen,TPR,,,true
phase5d_control_ablation,nq__bge_dense__seed2026__C_random_clean_P_gen,FPR,0.09200968523002422,0.09200968523002422,true
phase5d_control_ablation,nq__bge_dense__seed2026__C_random_clean_P_gen,PoisonPresence@5,0,0,true
phase5d_control_ablation,nq__bge_dense__seed2026__C_random_clean_P_gen,PoisonFraction@5,0,0,true
phase5d_control_ablation,nq__bge_dense__seed2026__C_random_clean_P_gen,TargetPoisonPresence@5,0,0,true
phase5d_control_ablation,nq__bge_dense__seed2026__C_random_clean_P_gen,TargetPoisonFraction@5,0,0,true
phase5d_control_ablation,nq__bge_dense__seed2026__C_random_clean_P_gen,avg_context_count,5,5,true
phase5d_control_ablation,nq__bge_dense__seed2026__C_random_clean_P_gen,gate_inputs,1652,1652,true
phase5d_control_ablation,nq__bge_dense__seed2026__C_random_clean_P_gen,gate_clean_inputs,1652,1652,true
phase5d_control_ablation,nq__bge_dense__seed2026__C_random_clean_P_gen,gate_poison_inputs,0,0,true
phase5d_control_ablation,nq__bge_dense__seed2026__C_random_clean_P_ret,num_eval_queries,300,300,true
phase5d_control_ablation,nq__bge_dense__seed2026__C_random_clean_P_ret,Clean_EM,0,0,true
phase5d_control_ablation,nq__bge_dense__seed2026__C_random_clean_P_ret,Clean_F1,0.1429123778924679,0.1429123778924679,true
phase5d_control_ablation,nq__bge_dense__seed2026__C_random_clean_P_ret,ASR,,,true
phase5d_control_ablation,nq__bge_dense__seed2026__C_random_clean_P_ret,ambiguous_rate,,,true
phase5d_control_ablation,nq__bge_dense__seed2026__C_random_clean_P_ret,TPR,,,true
phase5d_control_ablation,nq__bge_dense__seed2026__C_random_clean_P_ret,FPR,0.05046666666666667,0.05046666666666667,true
phase5d_control_ablation,nq__bge_dense__seed2026__C_random_clean_P_ret,PoisonPresence@5,0,0,true
phase5d_control_ablation,nq__bge_dense__seed2026__C_random_clean_P_ret,PoisonFraction@5,0,0,true
phase5d_control_ablation,nq__bge_dense__seed2026__C_random_clean_P_ret,TargetPoisonPresence@5,0,0,true
phase5d_control_ablation,nq__bge_dense__seed2026__C_random_clean_P_ret,TargetPoisonFraction@5,0,0,true
phase5d_control_ablation,nq__bge_dense__seed2026__C_random_clean_P_ret,avg_context_count,5,5,true
phase5d_control_ablation,nq__bge_dense__seed2026__C_random_clean_P_ret,gate_inputs,15000,15000,true
phase5d_control_ablation,nq__bge_dense__seed2026__C_random_clean_P_ret,gate_clean_inputs,15000,15000,true
phase5d_control_ablation,nq__bge_dense__seed2026__C_random_clean_P_ret,gate_poison_inputs,0,0,true
phase5d_control_ablation,nq__bge_dense__seed2026__C_random_poison_P_gen,num_eval_queries,300,300,true
phase5d_control_ablation,nq__bge_dense__seed2026__C_random_poison_P_gen,Clean_EM,,,true
phase5d_control_ablation,nq__bge_dense__seed2026__C_random_poison_P_gen,Clean_F1,,,true
phase5d_control_ablation,nq__bge_dense__seed2026__C_random_poison_P_gen,ASR,0.2866666666666667,0.2866666666666667,true
phase5d_control_ablation,nq__bge_dense__seed2026__C_random_poison_P_gen,ambiguous_rate,0.016666666666666666,0.016666666666666666,true
phase5d_control_ablation,nq__bge_dense__seed2026__C_random_poison_P_gen,TPR,0.13068181818181818,0.13068181818181818,true
phase5d_control_ablation,nq__bge_dense__seed2026__C_random_poison_P_gen,FPR,0.13466334164588528,0.13466334164588528,true
phase5d_control_ablation,nq__bge_dense__seed2026__C_random_poison_P_gen,PoisonPresence@5,0.44,0.44,true
phase5d_control_ablation,nq__bge_dense__seed2026__C_random_poison_P_gen,PoisonFraction@5,0.30599999999999994,0.30599999999999994,true
phase5d_control_ablation,nq__bge_dense__seed2026__C_random_poison_P_gen,TargetPoisonPresence@5,0.44,0.44,true
phase5d_control_ablation,nq__bge_dense__seed2026__C_random_poison_P_gen,TargetPoisonFraction@5,0.30599999999999994,0.30599999999999994,true
phase5d_control_ablation,nq__bge_dense__seed2026__C_random_poison_P_gen,avg_context_count,5,5,true
phase5d_control_ablation,nq__bge_dense__seed2026__C_random_poison_P_gen,gate_inputs,1731,1731,true
phase5d_control_ablation,nq__bge_dense__seed2026__C_random_poison_P_gen,gate_clean_inputs,1203,1203,true
phase5d_control_ablation,nq__bge_dense__seed2026__C_random_poison_P_gen,gate_poison_inputs,528,528,true
phase5d_control_ablation,nq__bge_dense__seed2026__C_random_poison_P_ret,num_eval_queries,300,300,true
phase5d_control_ablation,nq__bge_dense__seed2026__C_random_poison_P_ret,Clean_EM,,,true
phase5d_control_ablation,nq__bge_dense__seed2026__C_random_poison_P_ret,Clean_F1,,,true
phase5d_control_ablation,nq__bge_dense__seed2026__C_random_poison_P_ret,ASR,0.31,0.31,true
phase5d_control_ablation,nq__bge_dense__seed2026__C_random_poison_P_ret,ambiguous_rate,0.016666666666666666,0.016666666666666666,true
phase5d_control_ablation,nq__bge_dense__seed2026__C_random_poison_P_ret,TPR,0.05351170568561873,0.05351170568561873,true
phase5d_control_ablation,nq__bge_dense__seed2026__C_random_poison_P_ret,FPR,0.05805257312106627,0.05805257312106627,true
phase5d_control_ablation,nq__bge_dense__seed2026__C_random_poison_P_ret,PoisonPresence@5,0.43666666666666665,0.43666666666666665,true
phase5d_control_ablation,nq__bge_dense__seed2026__C_random_poison_P_ret,PoisonFraction@5,0.3226666666666667,0.3226666666666667,true
phase5d_control_ablation,nq__bge_dense__seed2026__C_random_poison_P_ret,TargetPoisonPresence@5,0.43666666666666665,0.43666666666666665,true
phase5d_control_ablation,nq__bge_dense__seed2026__C_random_poison_P_ret,TargetPoisonFraction@5,0.3226666666666667,0.3226666666666667,true
phase5d_control_ablation,nq__bge_dense__seed2026__C_random_poison_P_ret,avg_context_count,5,5,true
phase5d_control_ablation,nq__bge_dense__seed2026__C_random_poison_P_ret,gate_inputs,15000,15000,true
phase5d_control_ablation,nq__bge_dense__seed2026__C_random_poison_P_ret,gate_clean_inputs,13505,13505,true
phase5d_control_ablation,nq__bge_dense__seed2026__C_random_poison_P_ret,gate_poison_inputs,1495,1495,true
phase5d_control_ablation,nq__bge_dense__seed42__A_simplified_clean_no_gate,num_eval_queries,300,300,true
phase5d_control_ablation,nq__bge_dense__seed42__A_simplified_clean_no_gate,Clean_EM,0,0,true
phase5d_control_ablation,nq__bge_dense__seed42__A_simplified_clean_no_gate,Clean_F1,0.16662732169691358,0.16662732169691358,true
phase5d_control_ablation,nq__bge_dense__seed42__A_simplified_clean_no_gate,ASR,,,true
phase5d_control_ablation,nq__bge_dense__seed42__A_simplified_clean_no_gate,ambiguous_rate,,,true
phase5d_control_ablation,nq__bge_dense__seed42__A_simplified_clean_no_gate,TPR,,,true
phase5d_control_ablation,nq__bge_dense__seed42__A_simplified_clean_no_gate,FPR,,,true
phase5d_control_ablation,nq__bge_dense__seed42__A_simplified_clean_no_gate,PoisonPresence@5,0,0,true
phase5d_control_ablation,nq__bge_dense__seed42__A_simplified_clean_no_gate,PoisonFraction@5,0,0,true
phase5d_control_ablation,nq__bge_dense__seed42__A_simplified_clean_no_gate,TargetPoisonPresence@5,0,0,true
phase5d_control_ablation,nq__bge_dense__seed42__A_simplified_clean_no_gate,TargetPoisonFraction@5,0,0,true
phase5d_control_ablation,nq__bge_dense__seed42__A_simplified_clean_no_gate,avg_context_count,5,5,true
phase5d_control_ablation,nq__bge_dense__seed42__A_simplified_clean_no_gate,gate_inputs,0,0,true
phase5d_control_ablation,nq__bge_dense__seed42__A_simplified_clean_no_gate,gate_clean_inputs,0,0,true
phase5d_control_ablation,nq__bge_dense__seed42__A_simplified_clean_no_gate,gate_poison_inputs,0,0,true
phase5d_control_ablation,nq__bge_dense__seed42__A_simplified_poison_no_gate,num_eval_queries,300,300,true
phase5d_control_ablation,nq__bge_dense__seed42__A_simplified_poison_no_gate,Clean_EM,,,true
phase5d_control_ablation,nq__bge_dense__seed42__A_simplified_poison_no_gate,Clean_F1,,,true
phase5d_control_ablation,nq__bge_dense__seed42__A_simplified_poison_no_gate,ASR,0.43,0.43,true
phase5d_control_ablation,nq__bge_dense__seed42__A_simplified_poison_no_gate,ambiguous_rate,0.013333333333333334,0.013333333333333334,true
phase5d_control_ablation,nq__bge_dense__seed42__A_simplified_poison_no_gate,TPR,,,true
phase5d_control_ablation,nq__bge_dense__seed42__A_simplified_poison_no_gate,FPR,,,true
phase5d_control_ablation,nq__bge_dense__seed42__A_simplified_poison_no_gate,PoisonPresence@5,0.79,0.79,true
phase5d_control_ablation,nq__bge_dense__seed42__A_simplified_poison_no_gate,PoisonFraction@5,0.6573333333333337,0.6573333333333337,true
phase5d_control_ablation,nq__bge_dense__seed42__A_simplified_poison_no_gate,TargetPoisonPresence@5,0.79,0.79,true
phase5d_control_ablation,nq__bge_dense__seed42__A_simplified_poison_no_gate,TargetPoisonFraction@5,0.6573333333333337,0.6573333333333337,true
phase5d_control_ablation,nq__bge_dense__seed42__A_simplified_poison_no_gate,avg_context_count,5,5,true
phase5d_control_ablation,nq__bge_dense__seed42__A_simplified_poison_no_gate,gate_inputs,0,0,true
phase5d_control_ablation,nq__bge_dense__seed42__A_simplified_poison_no_gate,gate_clean_inputs,0,0,true
phase5d_control_ablation,nq__bge_dense__seed42__A_simplified_poison_no_gate,gate_poison_inputs,0,0,true
phase5d_control_ablation,nq__bge_dense__seed42__B_single_clean_P_gen,num_eval_queries,300,300,true
phase5d_control_ablation,nq__bge_dense__seed42__B_single_clean_P_gen,Clean_EM,0,0,true
phase5d_control_ablation,nq__bge_dense__seed42__B_single_clean_P_gen,Clean_F1,0.12922923030888556,0.12922923030888556,true
phase5d_control_ablation,nq__bge_dense__seed42__B_single_clean_P_gen,ASR,,,true
phase5d_control_ablation,nq__bge_dense__seed42__B_single_clean_P_gen,ambiguous_rate,,,true
phase5d_control_ablation,nq__bge_dense__seed42__B_single_clean_P_gen,TPR,,,true
phase5d_control_ablation,nq__bge_dense__seed42__B_single_clean_P_gen,FPR,0.10886377156454491,0.10886377156454491,true
phase5d_control_ablation,nq__bge_dense__seed42__B_single_clean_P_gen,PoisonPresence@5,0,0,true
phase5d_control_ablation,nq__bge_dense__seed42__B_single_clean_P_gen,PoisonFraction@5,0,0,true
phase5d_control_ablation,nq__bge_dense__seed42__B_single_clean_P_gen,TargetPoisonPresence@5,0,0,true
phase5d_control_ablation,nq__bge_dense__seed42__B_single_clean_P_gen,TargetPoisonFraction@5,0,0,true
phase5d_control_ablation,nq__bge_dense__seed42__B_single_clean_P_gen,avg_context_count,4.993333333333333,4.993333333333333,true
phase5d_control_ablation,nq__bge_dense__seed42__B_single_clean_P_gen,gate_inputs,1681,1681,true
phase5d_control_ablation,nq__bge_dense__seed42__B_single_clean_P_gen,gate_clean_inputs,1681,1681,true
phase5d_control_ablation,nq__bge_dense__seed42__B_single_clean_P_gen,gate_poison_inputs,0,0,true
phase5d_control_ablation,nq__bge_dense__seed42__B_single_clean_P_ret,num_eval_queries,300,300,true
phase5d_control_ablation,nq__bge_dense__seed42__B_single_clean_P_ret,Clean_EM,0,0,true
phase5d_control_ablation,nq__bge_dense__seed42__B_single_clean_P_ret,Clean_F1,0.12922923030888556,0.12922923030888556,true
phase5d_control_ablation,nq__bge_dense__seed42__B_single_clean_P_ret,ASR,,,true
phase5d_control_ablation,nq__bge_dense__seed42__B_single_clean_P_ret,ambiguous_rate,,,true
phase5d_control_ablation,nq__bge_dense__seed42__B_single_clean_P_ret,TPR,,,true
phase5d_control_ablation,nq__bge_dense__seed42__B_single_clean_P_ret,FPR,0.029266666666666667,0.029266666666666667,true
phase5d_control_ablation,nq__bge_dense__seed42__B_single_clean_P_ret,PoisonPresence@5,0,0,true
phase5d_control_ablation,nq__bge_dense__seed42__B_single_clean_P_ret,PoisonFraction@5,0,0,true
phase5d_control_ablation,nq__bge_dense__seed42__B_single_clean_P_ret,TargetPoisonPresence@5,0,0,true
phase5d_control_ablation,nq__bge_dense__seed42__B_single_clean_P_ret,TargetPoisonFraction@5,0,0,true
phase5d_control_ablation,nq__bge_dense__seed42__B_single_clean_P_ret,avg_context_count,4.993333333333333,4.993333333333333,true
phase5d_control_ablation,nq__bge_dense__seed42__B_single_clean_P_ret,gate_inputs,15000,15000,true
phase5d_control_ablation,nq__bge_dense__seed42__B_single_clean_P_ret,gate_clean_inputs,15000,15000,true
phase5d_control_ablation,nq__bge_dense__seed42__B_single_clean_P_ret,gate_poison_inputs,0,0,true
phase5d_control_ablation,nq__bge_dense__seed42__B_single_poison_P_gen,num_eval_queries,300,300,true
phase5d_control_ablation,nq__bge_dense__seed42__B_single_poison_P_gen,Clean_EM,,,true
phase5d_control_ablation,nq__bge_dense__seed42__B_single_poison_P_gen,Clean_F1,,,true
phase5d_control_ablation,nq__bge_dense__seed42__B_single_poison_P_gen,ASR,0,0,true
phase5d_control_ablation,nq__bge_dense__seed42__B_single_poison_P_gen,ambiguous_rate,0.0033333333333333335,0.0033333333333333335,true
phase5d_control_ablation,nq__bge_dense__seed42__B_single_poison_P_gen,TPR,1,1,true
phase5d_control_ablation,nq__bge_dense__seed42__B_single_poison_P_gen,FPR,0.10892857142857143,0.10892857142857143,true
phase5d_control_ablation,nq__bge_dense__seed42__B_single_poison_P_gen,PoisonPresence@5,0,0,true
phase5d_control_ablation,nq__bge_dense__seed42__B_single_poison_P_gen,PoisonFraction@5,0,0,true
phase5d_control_ablation,nq__bge_dense__seed42__B_single_poison_P_gen,TargetPoisonPresence@5,0,0,true
phase5d_control_ablation,nq__bge_dense__seed42__B_single_poison_P_gen,TargetPoisonFraction@5,0,0,true
phase5d_control_ablation,nq__bge_dense__seed42__B_single_poison_P_gen,avg_context_count,4.99,4.99,true
phase5d_control_ablation,nq__bge_dense__seed42__B_single_poison_P_gen,gate_inputs,2385,2385,true
phase5d_control_ablation,nq__bge_dense__seed42__B_single_poison_P_gen,gate_clean_inputs,1680,1680,true
phase5d_control_ablation,nq__bge_dense__seed42__B_single_poison_P_gen,gate_poison_inputs,705,705,true
phase5d_control_ablation,nq__bge_dense__seed42__B_single_poison_P_ret,num_eval_queries,300,300,true
phase5d_control_ablation,nq__bge_dense__seed42__B_single_poison_P_ret,Clean_EM,,,true
phase5d_control_ablation,nq__bge_dense__seed42__B_single_poison_P_ret,Clean_F1,,,true
phase5d_control_ablation,nq__bge_dense__seed42__B_single_poison_P_ret,ASR,0,0,true
phase5d_control_ablation,nq__bge_dense__seed42__B_single_poison_P_ret,ambiguous_rate,0.0033333333333333335,0.0033333333333333335,true
phase5d_control_ablation,nq__bge_dense__seed42__B_single_poison_P_ret,TPR,0.989851150202977,0.989851150202977,true
phase5d_control_ablation,nq__bge_dense__seed42__B_single_poison_P_ret,FPR,0.03098654045259577,0.03098654045259577,true
phase5d_control_ablation,nq__bge_dense__seed42__B_single_poison_P_ret,PoisonPresence@5,0,0,true
phase5d_control_ablation,nq__bge_dense__seed42__B_single_poison_P_ret,PoisonFraction@5,0,0,true
phase5d_control_ablation,nq__bge_dense__seed42__B_single_poison_P_ret,TargetPoisonPresence@5,0,0,true
phase5d_control_ablation,nq__bge_dense__seed42__B_single_poison_P_ret,TargetPoisonFraction@5,0,0,true
phase5d_control_ablation,nq__bge_dense__seed42__B_single_poison_P_ret,avg_context_count,4.99,4.99,true
phase5d_control_ablation,nq__bge_dense__seed42__B_single_poison_P_ret,gate_inputs,15000,15000,true
phase5d_control_ablation,nq__bge_dense__seed42__B_single_poison_P_ret,gate_clean_inputs,13522,13522,true
phase5d_control_ablation,nq__bge_dense__seed42__B_single_poison_P_ret,gate_poison_inputs,1478,1478,true
phase5d_control_ablation,nq__bge_dense__seed42__C_random_clean_P_gen,num_eval_queries,300,300,true
phase5d_control_ablation,nq__bge_dense__seed42__C_random_clean_P_gen,Clean_EM,0,0,true
phase5d_control_ablation,nq__bge_dense__seed42__C_random_clean_P_gen,Clean_F1,0.14340360570594998,0.14340360570594998,true
phase5d_control_ablation,nq__bge_dense__seed42__C_random_clean_P_gen,ASR,,,true
phase5d_control_ablation,nq__bge_dense__seed42__C_random_clean_P_gen,ambiguous_rate,,,true
phase5d_control_ablation,nq__bge_dense__seed42__C_random_clean_P_gen,TPR,,,true
phase5d_control_ablation,nq__bge_dense__seed42__C_random_clean_P_gen,FPR,0.09200968523002422,0.09200968523002422,true
phase5d_control_ablation,nq__bge_dense__seed42__C_random_clean_P_gen,PoisonPresence@5,0,0,true
phase5d_control_ablation,nq__bge_dense__seed42__C_random_clean_P_gen,PoisonFraction@5,0,0,true
phase5d_control_ablation,nq__bge_dense__seed42__C_random_clean_P_gen,TargetPoisonPresence@5,0,0,true
phase5d_control_ablation,nq__bge_dense__seed42__C_random_clean_P_gen,TargetPoisonFraction@5,0,0,true
phase5d_control_ablation,nq__bge_dense__seed42__C_random_clean_P_gen,avg_context_count,5,5,true
phase5d_control_ablation,nq__bge_dense__seed42__C_random_clean_P_gen,gate_inputs,1652,1652,true
phase5d_control_ablation,nq__bge_dense__seed42__C_random_clean_P_gen,gate_clean_inputs,1652,1652,true
phase5d_control_ablation,nq__bge_dense__seed42__C_random_clean_P_gen,gate_poison_inputs,0,0,true
phase5d_control_ablation,nq__bge_dense__seed42__C_random_clean_P_ret,num_eval_queries,300,300,true
phase5d_control_ablation,nq__bge_dense__seed42__C_random_clean_P_ret,Clean_EM,0,0,true
phase5d_control_ablation,nq__bge_dense__seed42__C_random_clean_P_ret,Clean_F1,0.1416935684016526,0.1416935684016526,true
phase5d_control_ablation,nq__bge_dense__seed42__C_random_clean_P_ret,ASR,,,true
phase5d_control_ablation,nq__bge_dense__seed42__C_random_clean_P_ret,ambiguous_rate,,,true
phase5d_control_ablation,nq__bge_dense__seed42__C_random_clean_P_ret,TPR,,,true
phase5d_control_ablation,nq__bge_dense__seed42__C_random_clean_P_ret,FPR,0.05046666666666667,0.05046666666666667,true
phase5d_control_ablation,nq__bge_dense__seed42__C_random_clean_P_ret,PoisonPresence@5,0,0,true
phase5d_control_ablation,nq__bge_dense__seed42__C_random_clean_P_ret,PoisonFraction@5,0,0,true
phase5d_control_ablation,nq__bge_dense__seed42__C_random_clean_P_ret,TargetPoisonPresence@5,0,0,true
phase5d_control_ablation,nq__bge_dense__seed42__C_random_clean_P_ret,TargetPoisonFraction@5,0,0,true
phase5d_control_ablation,nq__bge_dense__seed42__C_random_clean_P_ret,avg_context_count,5,5,true
phase5d_control_ablation,nq__bge_dense__seed42__C_random_clean_P_ret,gate_inputs,15000,15000,true
phase5d_control_ablation,nq__bge_dense__seed42__C_random_clean_P_ret,gate_clean_inputs,15000,15000,true
phase5d_control_ablation,nq__bge_dense__seed42__C_random_clean_P_ret,gate_poison_inputs,0,0,true
phase5d_control_ablation,nq__bge_dense__seed42__C_random_poison_P_gen,num_eval_queries,300,300,true
phase5d_control_ablation,nq__bge_dense__seed42__C_random_poison_P_gen,Clean_EM,,,true
phase5d_control_ablation,nq__bge_dense__seed42__C_random_poison_P_gen,Clean_F1,,,true
phase5d_control_ablation,nq__bge_dense__seed42__C_random_poison_P_gen,ASR,0.30666666666666664,0.30666666666666664,true
phase5d_control_ablation,nq__bge_dense__seed42__C_random_poison_P_gen,ambiguous_rate,0.01,0.01,true
phase5d_control_ablation,nq__bge_dense__seed42__C_random_poison_P_gen,TPR,0.12962962962962962,0.12962962962962962,true
phase5d_control_ablation,nq__bge_dense__seed42__C_random_poison_P_gen,FPR,0.1369622475856014,0.1369622475856014,true
phase5d_control_ablation,nq__bge_dense__seed42__C_random_poison_P_gen,PoisonPresence@5,0.4633333333333333,0.4633333333333333,true
phase5d_control_ablation,nq__bge_dense__seed42__C_random_poison_P_gen,PoisonFraction@5,0.3446666666666665,0.3446666666666665,true
phase5d_control_ablation,nq__bge_dense__seed42__C_random_poison_P_gen,TargetPoisonPresence@5,0.4633333333333333,0.4633333333333333,true
phase5d_control_ablation,nq__bge_dense__seed42__C_random_poison_P_gen,TargetPoisonFraction@5,0.3446666666666665,0.3446666666666665,true
phase5d_control_ablation,nq__bge_dense__seed42__C_random_poison_P_gen,avg_context_count,5,5,true
phase5d_control_ablation,nq__bge_dense__seed42__C_random_poison_P_gen,gate_inputs,1733,1733,true
phase5d_control_ablation,nq__bge_dense__seed42__C_random_poison_P_gen,gate_clean_inputs,1139,1139,true
phase5d_control_ablation,nq__bge_dense__seed42__C_random_poison_P_gen,gate_poison_inputs,594,594,true
phase5d_control_ablation,nq__bge_dense__seed42__C_random_poison_P_ret,num_eval_queries,300,300,true
phase5d_control_ablation,nq__bge_dense__seed42__C_random_poison_P_ret,Clean_EM,,,true
phase5d_control_ablation,nq__bge_dense__seed42__C_random_poison_P_ret,Clean_F1,,,true
phase5d_control_ablation,nq__bge_dense__seed42__C_random_poison_P_ret,ASR,0.32,0.32,true
phase5d_control_ablation,nq__bge_dense__seed42__C_random_poison_P_ret,ambiguous_rate,0.01,0.01,true
phase5d_control_ablation,nq__bge_dense__seed42__C_random_poison_P_ret,TPR,0.05751014884979702,0.05751014884979702,true
phase5d_control_ablation,nq__bge_dense__seed42__C_random_poison_P_ret,FPR,0.05901493861854755,0.05901493861854755,true
phase5d_control_ablation,nq__bge_dense__seed42__C_random_poison_P_ret,PoisonPresence@5,0.47333333333333333,0.47333333333333333,true
phase5d_control_ablation,nq__bge_dense__seed42__C_random_poison_P_ret,PoisonFraction@5,0.35533333333333306,0.35533333333333306,true
phase5d_control_ablation,nq__bge_dense__seed42__C_random_poison_P_ret,TargetPoisonPresence@5,0.47333333333333333,0.47333333333333333,true
phase5d_control_ablation,nq__bge_dense__seed42__C_random_poison_P_ret,TargetPoisonFraction@5,0.35533333333333306,0.35533333333333306,true
phase5d_control_ablation,nq__bge_dense__seed42__C_random_poison_P_ret,avg_context_count,5,5,true
phase5d_control_ablation,nq__bge_dense__seed42__C_random_poison_P_ret,gate_inputs,15000,15000,true
phase5d_control_ablation,nq__bge_dense__seed42__C_random_poison_P_ret,gate_clean_inputs,13522,13522,true
phase5d_control_ablation,nq__bge_dense__seed42__C_random_poison_P_ret,gate_poison_inputs,1478,1478,true
phase5d_control_ablation,nq__bm25__seed13__A_simplified_clean_no_gate,num_eval_queries,300,300,true
phase5d_control_ablation,nq__bm25__seed13__A_simplified_clean_no_gate,Clean_EM,0,0,true
phase5d_control_ablation,nq__bm25__seed13__A_simplified_clean_no_gate,Clean_F1,0.11526151435644487,0.11526151435644487,true
phase5d_control_ablation,nq__bm25__seed13__A_simplified_clean_no_gate,ASR,,,true
phase5d_control_ablation,nq__bm25__seed13__A_simplified_clean_no_gate,ambiguous_rate,,,true
phase5d_control_ablation,nq__bm25__seed13__A_simplified_clean_no_gate,TPR,,,true
phase5d_control_ablation,nq__bm25__seed13__A_simplified_clean_no_gate,FPR,,,true
phase5d_control_ablation,nq__bm25__seed13__A_simplified_clean_no_gate,PoisonPresence@5,0,0,true
phase5d_control_ablation,nq__bm25__seed13__A_simplified_clean_no_gate,PoisonFraction@5,0,0,true
phase5d_control_ablation,nq__bm25__seed13__A_simplified_clean_no_gate,TargetPoisonPresence@5,0,0,true
phase5d_control_ablation,nq__bm25__seed13__A_simplified_clean_no_gate,TargetPoisonFraction@5,0,0,true
phase5d_control_ablation,nq__bm25__seed13__A_simplified_clean_no_gate,avg_context_count,5,5,true
phase5d_control_ablation,nq__bm25__seed13__A_simplified_clean_no_gate,gate_inputs,0,0,true
phase5d_control_ablation,nq__bm25__seed13__A_simplified_clean_no_gate,gate_clean_inputs,0,0,true
phase5d_control_ablation,nq__bm25__seed13__A_simplified_clean_no_gate,gate_poison_inputs,0,0,true
phase5d_control_ablation,nq__bm25__seed13__A_simplified_poison_no_gate,num_eval_queries,300,300,true
phase5d_control_ablation,nq__bm25__seed13__A_simplified_poison_no_gate,Clean_EM,,,true
phase5d_control_ablation,nq__bm25__seed13__A_simplified_poison_no_gate,Clean_F1,,,true
phase5d_control_ablation,nq__bm25__seed13__A_simplified_poison_no_gate,ASR,0.59,0.59,true
phase5d_control_ablation,nq__bm25__seed13__A_simplified_poison_no_gate,ambiguous_rate,0.02,0.02,true
phase5d_control_ablation,nq__bm25__seed13__A_simplified_poison_no_gate,TPR,,,true
phase5d_control_ablation,nq__bm25__seed13__A_simplified_poison_no_gate,FPR,,,true
phase5d_control_ablation,nq__bm25__seed13__A_simplified_poison_no_gate,PoisonPresence@5,1,1,true
phase5d_control_ablation,nq__bm25__seed13__A_simplified_poison_no_gate,PoisonFraction@5,0.9746666666666666,0.9746666666666666,true
phase5d_control_ablation,nq__bm25__seed13__A_simplified_poison_no_gate,TargetPoisonPresence@5,1,1,true
phase5d_control_ablation,nq__bm25__seed13__A_simplified_poison_no_gate,TargetPoisonFraction@5,0.9746666666666666,0.9746666666666666,true
phase5d_control_ablation,nq__bm25__seed13__A_simplified_poison_no_gate,avg_context_count,5,5,true
phase5d_control_ablation,nq__bm25__seed13__A_simplified_poison_no_gate,gate_inputs,0,0,true
phase5d_control_ablation,nq__bm25__seed13__A_simplified_poison_no_gate,gate_clean_inputs,0,0,true
phase5d_control_ablation,nq__bm25__seed13__A_simplified_poison_no_gate,gate_poison_inputs,0,0,true
phase5d_control_ablation,nq__bm25__seed13__B_single_clean_P_gen,num_eval_queries,300,300,true
phase5d_control_ablation,nq__bm25__seed13__B_single_clean_P_gen,Clean_EM,0,0,true
phase5d_control_ablation,nq__bm25__seed13__B_single_clean_P_gen,Clean_F1,0.14126817837577021,0.14126817837577021,true
phase5d_control_ablation,nq__bm25__seed13__B_single_clean_P_gen,ASR,,,true
phase5d_control_ablation,nq__bm25__seed13__B_single_clean_P_gen,ambiguous_rate,,,true
phase5d_control_ablation,nq__bm25__seed13__B_single_clean_P_gen,TPR,,,true
phase5d_control_ablation,nq__bm25__seed13__B_single_clean_P_gen,FPR,0.15584415584415584,0.15584415584415584,true
phase5d_control_ablation,nq__bm25__seed13__B_single_clean_P_gen,PoisonPresence@5,0,0,true
phase5d_control_ablation,nq__bm25__seed13__B_single_clean_P_gen,PoisonFraction@5,0,0,true
phase5d_control_ablation,nq__bm25__seed13__B_single_clean_P_gen,TargetPoisonPresence@5,0,0,true
phase5d_control_ablation,nq__bm25__seed13__B_single_clean_P_gen,TargetPoisonFraction@5,0,0,true
phase5d_control_ablation,nq__bm25__seed13__B_single_clean_P_gen,avg_context_count,4.983333333333333,4.983333333333333,true
phase5d_control_ablation,nq__bm25__seed13__B_single_clean_P_gen,gate_inputs,1771,1771,true
phase5d_control_ablation,nq__bm25__seed13__B_single_clean_P_gen,gate_clean_inputs,1771,1771,true
phase5d_control_ablation,nq__bm25__seed13__B_single_clean_P_gen,gate_poison_inputs,0,0,true
phase5d_control_ablation,nq__bm25__seed13__B_single_clean_P_ret,num_eval_queries,300,300,true
phase5d_control_ablation,nq__bm25__seed13__B_single_clean_P_ret,Clean_EM,0,0,true
phase5d_control_ablation,nq__bm25__seed13__B_single_clean_P_ret,Clean_F1,0.14126817837577021,0.14126817837577021,true
phase5d_control_ablation,nq__bm25__seed13__B_single_clean_P_ret,ASR,,,true
phase5d_control_ablation,nq__bm25__seed13__B_single_clean_P_ret,ambiguous_rate,,,true
phase5d_control_ablation,nq__bm25__seed13__B_single_clean_P_ret,TPR,,,true
phase5d_control_ablation,nq__bm25__seed13__B_single_clean_P_ret,FPR,0.0402,0.0402,true
phase5d_control_ablation,nq__bm25__seed13__B_single_clean_P_ret,PoisonPresence@5,0,0,true
phase5d_control_ablation,nq__bm25__seed13__B_single_clean_P_ret,PoisonFraction@5,0,0,true
phase5d_control_ablation,nq__bm25__seed13__B_single_clean_P_ret,TargetPoisonPresence@5,0,0,true
phase5d_control_ablation,nq__bm25__seed13__B_single_clean_P_ret,TargetPoisonFraction@5,0,0,true
phase5d_control_ablation,nq__bm25__seed13__B_single_clean_P_ret,avg_context_count,4.983333333333333,4.983333333333333,true
phase5d_control_ablation,nq__bm25__seed13__B_single_clean_P_ret,gate_inputs,15000,15000,true
phase5d_control_ablation,nq__bm25__seed13__B_single_clean_P_ret,gate_clean_inputs,15000,15000,true
phase5d_control_ablation,nq__bm25__seed13__B_single_clean_P_ret,gate_poison_inputs,0,0,true
phase5d_control_ablation,nq__bm25__seed13__B_single_poison_P_gen,num_eval_queries,300,300,true
phase5d_control_ablation,nq__bm25__seed13__B_single_poison_P_gen,Clean_EM,,,true
phase5d_control_ablation,nq__bm25__seed13__B_single_poison_P_gen,Clean_F1,,,true
phase5d_control_ablation,nq__bm25__seed13__B_single_poison_P_gen,ASR,0,0,true
phase5d_control_ablation,nq__bm25__seed13__B_single_poison_P_gen,ambiguous_rate,0,0,true
phase5d_control_ablation,nq__bm25__seed13__B_single_poison_P_gen,TPR,1,1,true
phase5d_control_ablation,nq__bm25__seed13__B_single_poison_P_gen,FPR,0.15774647887323945,0.15774647887323945,true
phase5d_control_ablation,nq__bm25__seed13__B_single_poison_P_gen,PoisonPresence@5,0,0,true
phase5d_control_ablation,nq__bm25__seed13__B_single_poison_P_gen,PoisonFraction@5,0,0,true
phase5d_control_ablation,nq__bm25__seed13__B_single_poison_P_gen,TargetPoisonPresence@5,0,0,true
phase5d_control_ablation,nq__bm25__seed13__B_single_poison_P_gen,TargetPoisonFraction@5,0,0,true
phase5d_control_ablation,nq__bm25__seed13__B_single_poison_P_gen,avg_context_count,4.983333333333333,4.983333333333333,true
phase5d_control_ablation,nq__bm25__seed13__B_single_poison_P_gen,gate_inputs,2800,2800,true
phase5d_control_ablation,nq__bm25__seed13__B_single_poison_P_gen,gate_clean_inputs,1775,1775,true
phase5d_control_ablation,nq__bm25__seed13__B_single_poison_P_gen,gate_poison_inputs,1025,1025,true
phase5d_control_ablation,nq__bm25__seed13__B_single_poison_P_ret,num_eval_queries,300,300,true
phase5d_control_ablation,nq__bm25__seed13__B_single_poison_P_ret,Clean_EM,,,true
phase5d_control_ablation,nq__bm25__seed13__B_single_poison_P_ret,Clean_F1,,,true
phase5d_control_ablation,nq__bm25__seed13__B_single_poison_P_ret,ASR,0,0,true
phase5d_control_ablation,nq__bm25__seed13__B_single_poison_P_ret,ambiguous_rate,0,0,true
phase5d_control_ablation,nq__bm25__seed13__B_single_poison_P_ret,TPR,0.9683666881859264,0.9683666881859264,true
phase5d_control_ablation,nq__bm25__seed13__B_single_poison_P_ret,FPR,0.04311947067132555,0.04311947067132555,true
phase5d_control_ablation,nq__bm25__seed13__B_single_poison_P_ret,PoisonPresence@5,0,0,true
phase5d_control_ablation,nq__bm25__seed13__B_single_poison_P_ret,PoisonFraction@5,0,0,true
phase5d_control_ablation,nq__bm25__seed13__B_single_poison_P_ret,TargetPoisonPresence@5,0,0,true
phase5d_control_ablation,nq__bm25__seed13__B_single_poison_P_ret,TargetPoisonFraction@5,0,0,true
phase5d_control_ablation,nq__bm25__seed13__B_single_poison_P_ret,avg_context_count,4.983333333333333,4.983333333333333,true
phase5d_control_ablation,nq__bm25__seed13__B_single_poison_P_ret,gate_inputs,15000,15000,true
phase5d_control_ablation,nq__bm25__seed13__B_single_poison_P_ret,gate_clean_inputs,13451,13451,true
phase5d_control_ablation,nq__bm25__seed13__B_single_poison_P_ret,gate_poison_inputs,1549,1549,true
phase5d_control_ablation,nq__bm25__seed13__C_random_clean_P_gen,num_eval_queries,300,300,true
phase5d_control_ablation,nq__bm25__seed13__C_random_clean_P_gen,Clean_EM,0,0,true
phase5d_control_ablation,nq__bm25__seed13__C_random_clean_P_gen,Clean_F1,0.14751445559170454,0.14751445559170454,true
phase5d_control_ablation,nq__bm25__seed13__C_random_clean_P_gen,ASR,,,true
phase5d_control_ablation,nq__bm25__seed13__C_random_clean_P_gen,ambiguous_rate,,,true
phase5d_control_ablation,nq__bm25__seed13__C_random_clean_P_gen,TPR,,,true
phase5d_control_ablation,nq__bm25__seed13__C_random_clean_P_gen,FPR,0.08925318761384335,0.08925318761384335,true
phase5d_control_ablation,nq__bm25__seed13__C_random_clean_P_gen,PoisonPresence@5,0,0,true
phase5d_control_ablation,nq__bm25__seed13__C_random_clean_P_gen,PoisonFraction@5,0,0,true
phase5d_control_ablation,nq__bm25__seed13__C_random_clean_P_gen,TargetPoisonPresence@5,0,0,true
phase5d_control_ablation,nq__bm25__seed13__C_random_clean_P_gen,TargetPoisonFraction@5,0,0,true
phase5d_control_ablation,nq__bm25__seed13__C_random_clean_P_gen,avg_context_count,5,5,true
phase5d_control_ablation,nq__bm25__seed13__C_random_clean_P_gen,gate_inputs,1647,1647,true
phase5d_control_ablation,nq__bm25__seed13__C_random_clean_P_gen,gate_clean_inputs,1647,1647,true
phase5d_control_ablation,nq__bm25__seed13__C_random_clean_P_gen,gate_poison_inputs,0,0,true
phase5d_control_ablation,nq__bm25__seed13__C_random_clean_P_ret,num_eval_queries,300,300,true
phase5d_control_ablation,nq__bm25__seed13__C_random_clean_P_ret,Clean_EM,0,0,true
phase5d_control_ablation,nq__bm25__seed13__C_random_clean_P_ret,Clean_F1,0.1478236887292039,0.1478236887292039,true
phase5d_control_ablation,nq__bm25__seed13__C_random_clean_P_ret,ASR,,,true
phase5d_control_ablation,nq__bm25__seed13__C_random_clean_P_ret,ambiguous_rate,,,true
phase5d_control_ablation,nq__bm25__seed13__C_random_clean_P_ret,TPR,,,true
phase5d_control_ablation,nq__bm25__seed13__C_random_clean_P_ret,FPR,0.04426666666666667,0.04426666666666667,true
phase5d_control_ablation,nq__bm25__seed13__C_random_clean_P_ret,PoisonPresence@5,0,0,true
phase5d_control_ablation,nq__bm25__seed13__C_random_clean_P_ret,PoisonFraction@5,0,0,true
phase5d_control_ablation,nq__bm25__seed13__C_random_clean_P_ret,TargetPoisonPresence@5,0,0,true
phase5d_control_ablation,nq__bm25__seed13__C_random_clean_P_ret,TargetPoisonFraction@5,0,0,true
phase5d_control_ablation,nq__bm25__seed13__C_random_clean_P_ret,avg_context_count,5,5,true
phase5d_control_ablation,nq__bm25__seed13__C_random_clean_P_ret,gate_inputs,15000,15000,true
phase5d_control_ablation,nq__bm25__seed13__C_random_clean_P_ret,gate_clean_inputs,15000,15000,true
phase5d_control_ablation,nq__bm25__seed13__C_random_clean_P_ret,gate_poison_inputs,0,0,true
phase5d_control_ablation,nq__bm25__seed13__C_random_poison_P_gen,num_eval_queries,300,300,true
phase5d_control_ablation,nq__bm25__seed13__C_random_poison_P_gen,Clean_EM,,,true
phase5d_control_ablation,nq__bm25__seed13__C_random_poison_P_gen,Clean_F1,,,true
phase5d_control_ablation,nq__bm25__seed13__C_random_poison_P_gen,ASR,0.37666666666666665,0.37666666666666665,true
phase5d_control_ablation,nq__bm25__seed13__C_random_poison_P_gen,ambiguous_rate,0.013333333333333334,0.013333333333333334,true
phase5d_control_ablation,nq__bm25__seed13__C_random_poison_P_gen,TPR,0.09342560553633218,0.09342560553633218,true
phase5d_control_ablation,nq__bm25__seed13__C_random_poison_P_gen,FPR,0.1793103448275862,0.1793103448275862,true
phase5d_control_ablation,nq__bm25__seed13__C_random_poison_P_gen,PoisonPresence@5,0.6833333333333333,0.6833333333333333,true
phase5d_control_ablation,nq__bm25__seed13__C_random_poison_P_gen,PoisonFraction@5,0.5239999999999998,0.5239999999999998,true
phase5d_control_ablation,nq__bm25__seed13__C_random_poison_P_gen,TargetPoisonPresence@5,0.6833333333333333,0.6833333333333333,true
phase5d_control_ablation,nq__bm25__seed13__C_random_poison_P_gen,TargetPoisonFraction@5,0.5239999999999998,0.5239999999999998,true
phase5d_control_ablation,nq__bm25__seed13__C_random_poison_P_gen,avg_context_count,5,5,true
phase5d_control_ablation,nq__bm25__seed13__C_random_poison_P_gen,gate_inputs,1737,1737,true
phase5d_control_ablation,nq__bm25__seed13__C_random_poison_P_gen,gate_clean_inputs,870,870,true
phase5d_control_ablation,nq__bm25__seed13__C_random_poison_P_gen,gate_poison_inputs,867,867,true
phase5d_control_ablation,nq__bm25__seed13__C_random_poison_P_ret,num_eval_queries,300,300,true
phase5d_control_ablation,nq__bm25__seed13__C_random_poison_P_ret,Clean_EM,,,true
phase5d_control_ablation,nq__bm25__seed13__C_random_poison_P_ret,Clean_F1,,,true
phase5d_control_ablation,nq__bm25__seed13__C_random_poison_P_ret,ASR,0.38333333333333336,0.38333333333333336,true
phase5d_control_ablation,nq__bm25__seed13__C_random_poison_P_ret,ambiguous_rate,0.013333333333333334,0.013333333333333334,true
phase5d_control_ablation,nq__bm25__seed13__C_random_poison_P_ret,TPR,0.06132989025177534,0.06132989025177534,true
phase5d_control_ablation,nq__bm25__seed13__C_random_poison_P_ret,FPR,0.054048026169058065,0.054048026169058065,true
phase5d_control_ablation,nq__bm25__seed13__C_random_poison_P_ret,PoisonPresence@5,0.67,0.67,true
phase5d_control_ablation,nq__bm25__seed13__C_random_poison_P_ret,PoisonFraction@5,0.5253333333333333,0.5253333333333333,true
phase5d_control_ablation,nq__bm25__seed13__C_random_poison_P_ret,TargetPoisonPresence@5,0.67,0.67,true
phase5d_control_ablation,nq__bm25__seed13__C_random_poison_P_ret,TargetPoisonFraction@5,0.5253333333333333,0.5253333333333333,true
phase5d_control_ablation,nq__bm25__seed13__C_random_poison_P_ret,avg_context_count,5,5,true
phase5d_control_ablation,nq__bm25__seed13__C_random_poison_P_ret,gate_inputs,15000,15000,true
phase5d_control_ablation,nq__bm25__seed13__C_random_poison_P_ret,gate_clean_inputs,13451,13451,true
phase5d_control_ablation,nq__bm25__seed13__C_random_poison_P_ret,gate_poison_inputs,1549,1549,true
phase5d_control_ablation,nq__bm25__seed2026__A_simplified_clean_no_gate,num_eval_queries,300,300,true
phase5d_control_ablation,nq__bm25__seed2026__A_simplified_clean_no_gate,Clean_EM,0,0,true
phase5d_control_ablation,nq__bm25__seed2026__A_simplified_clean_no_gate,Clean_F1,0.11526151435644487,0.11526151435644487,true
phase5d_control_ablation,nq__bm25__seed2026__A_simplified_clean_no_gate,ASR,,,true
phase5d_control_ablation,nq__bm25__seed2026__A_simplified_clean_no_gate,ambiguous_rate,,,true
phase5d_control_ablation,nq__bm25__seed2026__A_simplified_clean_no_gate,TPR,,,true
phase5d_control_ablation,nq__bm25__seed2026__A_simplified_clean_no_gate,FPR,,,true
phase5d_control_ablation,nq__bm25__seed2026__A_simplified_clean_no_gate,PoisonPresence@5,0,0,true
phase5d_control_ablation,nq__bm25__seed2026__A_simplified_clean_no_gate,PoisonFraction@5,0,0,true
phase5d_control_ablation,nq__bm25__seed2026__A_simplified_clean_no_gate,TargetPoisonPresence@5,0,0,true
phase5d_control_ablation,nq__bm25__seed2026__A_simplified_clean_no_gate,TargetPoisonFraction@5,0,0,true
phase5d_control_ablation,nq__bm25__seed2026__A_simplified_clean_no_gate,avg_context_count,5,5,true
phase5d_control_ablation,nq__bm25__seed2026__A_simplified_clean_no_gate,gate_inputs,0,0,true
phase5d_control_ablation,nq__bm25__seed2026__A_simplified_clean_no_gate,gate_clean_inputs,0,0,true
phase5d_control_ablation,nq__bm25__seed2026__A_simplified_clean_no_gate,gate_poison_inputs,0,0,true
phase5d_control_ablation,nq__bm25__seed2026__A_simplified_poison_no_gate,num_eval_queries,300,300,true
phase5d_control_ablation,nq__bm25__seed2026__A_simplified_poison_no_gate,Clean_EM,,,true
phase5d_control_ablation,nq__bm25__seed2026__A_simplified_poison_no_gate,Clean_F1,,,true
phase5d_control_ablation,nq__bm25__seed2026__A_simplified_poison_no_gate,ASR,0.58,0.58,true
phase5d_control_ablation,nq__bm25__seed2026__A_simplified_poison_no_gate,ambiguous_rate,0.013333333333333334,0.013333333333333334,true
phase5d_control_ablation,nq__bm25__seed2026__A_simplified_poison_no_gate,TPR,,,true
phase5d_control_ablation,nq__bm25__seed2026__A_simplified_poison_no_gate,FPR,,,true
phase5d_control_ablation,nq__bm25__seed2026__A_simplified_poison_no_gate,PoisonPresence@5,1,1,true
phase5d_control_ablation,nq__bm25__seed2026__A_simplified_poison_no_gate,PoisonFraction@5,0.974,0.974,true
phase5d_control_ablation,nq__bm25__seed2026__A_simplified_poison_no_gate,TargetPoisonPresence@5,1,1,true
phase5d_control_ablation,nq__bm25__seed2026__A_simplified_poison_no_gate,TargetPoisonFraction@5,0.974,0.974,true
phase5d_control_ablation,nq__bm25__seed2026__A_simplified_poison_no_gate,avg_context_count,5,5,true
phase5d_control_ablation,nq__bm25__seed2026__A_simplified_poison_no_gate,gate_inputs,0,0,true
phase5d_control_ablation,nq__bm25__seed2026__A_simplified_poison_no_gate,gate_clean_inputs,0,0,true
phase5d_control_ablation,nq__bm25__seed2026__A_simplified_poison_no_gate,gate_poison_inputs,0,0,true
phase5d_control_ablation,nq__bm25__seed2026__B_single_clean_P_gen,num_eval_queries,300,300,true
phase5d_control_ablation,nq__bm25__seed2026__B_single_clean_P_gen,Clean_EM,0,0,true
phase5d_control_ablation,nq__bm25__seed2026__B_single_clean_P_gen,Clean_F1,0.14126817837577021,0.14126817837577021,true
phase5d_control_ablation,nq__bm25__seed2026__B_single_clean_P_gen,ASR,,,true
phase5d_control_ablation,nq__bm25__seed2026__B_single_clean_P_gen,ambiguous_rate,,,true
phase5d_control_ablation,nq__bm25__seed2026__B_single_clean_P_gen,TPR,,,true
phase5d_control_ablation,nq__bm25__seed2026__B_single_clean_P_gen,FPR,0.15584415584415584,0.15584415584415584,true
phase5d_control_ablation,nq__bm25__seed2026__B_single_clean_P_gen,PoisonPresence@5,0,0,true
phase5d_control_ablation,nq__bm25__seed2026__B_single_clean_P_gen,PoisonFraction@5,0,0,true
phase5d_control_ablation,nq__bm25__seed2026__B_single_clean_P_gen,TargetPoisonPresence@5,0,0,true
phase5d_control_ablation,nq__bm25__seed2026__B_single_clean_P_gen,TargetPoisonFraction@5,0,0,true
phase5d_control_ablation,nq__bm25__seed2026__B_single_clean_P_gen,avg_context_count,4.983333333333333,4.983333333333333,true
phase5d_control_ablation,nq__bm25__seed2026__B_single_clean_P_gen,gate_inputs,1771,1771,true
phase5d_control_ablation,nq__bm25__seed2026__B_single_clean_P_gen,gate_clean_inputs,1771,1771,true
phase5d_control_ablation,nq__bm25__seed2026__B_single_clean_P_gen,gate_poison_inputs,0,0,true
phase5d_control_ablation,nq__bm25__seed2026__B_single_clean_P_ret,num_eval_queries,300,300,true
phase5d_control_ablation,nq__bm25__seed2026__B_single_clean_P_ret,Clean_EM,0,0,true
phase5d_control_ablation,nq__bm25__seed2026__B_single_clean_P_ret,Clean_F1,0.14126817837577021,0.14126817837577021,true
phase5d_control_ablation,nq__bm25__seed2026__B_single_clean_P_ret,ASR,,,true
phase5d_control_ablation,nq__bm25__seed2026__B_single_clean_P_ret,ambiguous_rate,,,true
phase5d_control_ablation,nq__bm25__seed2026__B_single_clean_P_ret,TPR,,,true
phase5d_control_ablation,nq__bm25__seed2026__B_single_clean_P_ret,FPR,0.0402,0.0402,true
phase5d_control_ablation,nq__bm25__seed2026__B_single_clean_P_ret,PoisonPresence@5,0,0,true
phase5d_control_ablation,nq__bm25__seed2026__B_single_clean_P_ret,PoisonFraction@5,0,0,true
phase5d_control_ablation,nq__bm25__seed2026__B_single_clean_P_ret,TargetPoisonPresence@5,0,0,true
phase5d_control_ablation,nq__bm25__seed2026__B_single_clean_P_ret,TargetPoisonFraction@5,0,0,true
phase5d_control_ablation,nq__bm25__seed2026__B_single_clean_P_ret,avg_context_count,4.983333333333333,4.983333333333333,true
phase5d_control_ablation,nq__bm25__seed2026__B_single_clean_P_ret,gate_inputs,15000,15000,true
phase5d_control_ablation,nq__bm25__seed2026__B_single_clean_P_ret,gate_clean_inputs,15000,15000,true
phase5d_control_ablation,nq__bm25__seed2026__B_single_clean_P_ret,gate_poison_inputs,0,0,true
phase5d_control_ablation,nq__bm25__seed2026__B_single_poison_P_gen,num_eval_queries,300,300,true
phase5d_control_ablation,nq__bm25__seed2026__B_single_poison_P_gen,Clean_EM,,,true
phase5d_control_ablation,nq__bm25__seed2026__B_single_poison_P_gen,Clean_F1,,,true
phase5d_control_ablation,nq__bm25__seed2026__B_single_poison_P_gen,ASR,0,0,true
phase5d_control_ablation,nq__bm25__seed2026__B_single_poison_P_gen,ambiguous_rate,0,0,true
phase5d_control_ablation,nq__bm25__seed2026__B_single_poison_P_gen,TPR,1,1,true
phase5d_control_ablation,nq__bm25__seed2026__B_single_poison_P_gen,FPR,0.15774647887323945,0.15774647887323945,true
phase5d_control_ablation,nq__bm25__seed2026__B_single_poison_P_gen,PoisonPresence@5,0,0,true
phase5d_control_ablation,nq__bm25__seed2026__B_single_poison_P_gen,PoisonFraction@5,0,0,true
phase5d_control_ablation,nq__bm25__seed2026__B_single_poison_P_gen,TargetPoisonPresence@5,0,0,true
phase5d_control_ablation,nq__bm25__seed2026__B_single_poison_P_gen,TargetPoisonFraction@5,0,0,true
phase5d_control_ablation,nq__bm25__seed2026__B_single_poison_P_gen,avg_context_count,4.983333333333333,4.983333333333333,true
phase5d_control_ablation,nq__bm25__seed2026__B_single_poison_P_gen,gate_inputs,2825,2825,true
phase5d_control_ablation,nq__bm25__seed2026__B_single_poison_P_gen,gate_clean_inputs,1775,1775,true
phase5d_control_ablation,nq__bm25__seed2026__B_single_poison_P_gen,gate_poison_inputs,1050,1050,true
phase5d_control_ablation,nq__bm25__seed2026__B_single_poison_P_ret,num_eval_queries,300,300,true
phase5d_control_ablation,nq__bm25__seed2026__B_single_poison_P_ret,Clean_EM,,,true
phase5d_control_ablation,nq__bm25__seed2026__B_single_poison_P_ret,Clean_F1,,,true
phase5d_control_ablation,nq__bm25__seed2026__B_single_poison_P_ret,ASR,0,0,true
phase5d_control_ablation,nq__bm25__seed2026__B_single_poison_P_ret,ambiguous_rate,0,0,true
phase5d_control_ablation,nq__bm25__seed2026__B_single_poison_P_ret,TPR,0.970873786407767,0.970873786407767,true
phase5d_control_ablation,nq__bm25__seed2026__B_single_poison_P_ret,FPR,0.043106651802303976,0.043106651802303976,true
phase5d_control_ablation,nq__bm25__seed2026__B_single_poison_P_ret,PoisonPresence@5,0,0,true
phase5d_control_ablation,nq__bm25__seed2026__B_single_poison_P_ret,PoisonFraction@5,0,0,true
phase5d_control_ablation,nq__bm25__seed2026__B_single_poison_P_ret,TargetPoisonPresence@5,0,0,true
phase5d_control_ablation,nq__bm25__seed2026__B_single_poison_P_ret,TargetPoisonFraction@5,0,0,true
phase5d_control_ablation,nq__bm25__seed2026__B_single_poison_P_ret,avg_context_count,4.983333333333333,4.983333333333333,true
phase5d_control_ablation,nq__bm25__seed2026__B_single_poison_P_ret,gate_inputs,15000,15000,true
phase5d_control_ablation,nq__bm25__seed2026__B_single_poison_P_ret,gate_clean_inputs,13455,13455,true
phase5d_control_ablation,nq__bm25__seed2026__B_single_poison_P_ret,gate_poison_inputs,1545,1545,true
phase5d_control_ablation,nq__bm25__seed2026__C_random_clean_P_gen,num_eval_queries,300,300,true
phase5d_control_ablation,nq__bm25__seed2026__C_random_clean_P_gen,Clean_EM,0,0,true
phase5d_control_ablation,nq__bm25__seed2026__C_random_clean_P_gen,Clean_F1,0.1447571845262623,0.1447571845262623,true
phase5d_control_ablation,nq__bm25__seed2026__C_random_clean_P_gen,ASR,,,true
phase5d_control_ablation,nq__bm25__seed2026__C_random_clean_P_gen,ambiguous_rate,,,true
phase5d_control_ablation,nq__bm25__seed2026__C_random_clean_P_gen,TPR,,,true
phase5d_control_ablation,nq__bm25__seed2026__C_random_clean_P_gen,FPR,0.08925318761384335,0.08925318761384335,true
phase5d_control_ablation,nq__bm25__seed2026__C_random_clean_P_gen,PoisonPresence@5,0,0,true
phase5d_control_ablation,nq__bm25__seed2026__C_random_clean_P_gen,PoisonFraction@5,0,0,true
phase5d_control_ablation,nq__bm25__seed2026__C_random_clean_P_gen,TargetPoisonPresence@5,0,0,true
phase5d_control_ablation,nq__bm25__seed2026__C_random_clean_P_gen,TargetPoisonFraction@5,0,0,true
phase5d_control_ablation,nq__bm25__seed2026__C_random_clean_P_gen,avg_context_count,5,5,true
phase5d_control_ablation,nq__bm25__seed2026__C_random_clean_P_gen,gate_inputs,1647,1647,true
phase5d_control_ablation,nq__bm25__seed2026__C_random_clean_P_gen,gate_clean_inputs,1647,1647,true
phase5d_control_ablation,nq__bm25__seed2026__C_random_clean_P_gen,gate_poison_inputs,0,0,true
phase5d_control_ablation,nq__bm25__seed2026__C_random_clean_P_ret,num_eval_queries,300,300,true
phase5d_control_ablation,nq__bm25__seed2026__C_random_clean_P_ret,Clean_EM,0,0,true
phase5d_control_ablation,nq__bm25__seed2026__C_random_clean_P_ret,Clean_F1,0.1429009197788976,0.1429009197788976,true
phase5d_control_ablation,nq__bm25__seed2026__C_random_clean_P_ret,ASR,,,true
phase5d_control_ablation,nq__bm25__seed2026__C_random_clean_P_ret,ambiguous_rate,,,true
phase5d_control_ablation,nq__bm25__seed2026__C_random_clean_P_ret,TPR,,,true
phase5d_control_ablation,nq__bm25__seed2026__C_random_clean_P_ret,FPR,0.04426666666666667,0.04426666666666667,true
phase5d_control_ablation,nq__bm25__seed2026__C_random_clean_P_ret,PoisonPresence@5,0,0,true
phase5d_control_ablation,nq__bm25__seed2026__C_random_clean_P_ret,PoisonFraction@5,0,0,true
phase5d_control_ablation,nq__bm25__seed2026__C_random_clean_P_ret,TargetPoisonPresence@5,0,0,true
phase5d_control_ablation,nq__bm25__seed2026__C_random_clean_P_ret,TargetPoisonFraction@5,0,0,true
phase5d_control_ablation,nq__bm25__seed2026__C_random_clean_P_ret,avg_context_count,5,5,true
phase5d_control_ablation,nq__bm25__seed2026__C_random_clean_P_ret,gate_inputs,15000,15000,true
phase5d_control_ablation,nq__bm25__seed2026__C_random_clean_P_ret,gate_clean_inputs,15000,15000,true
phase5d_control_ablation,nq__bm25__seed2026__C_random_clean_P_ret,gate_poison_inputs,0,0,true
phase5d_control_ablation,nq__bm25__seed2026__C_random_poison_P_gen,num_eval_queries,300,300,true
phase5d_control_ablation,nq__bm25__seed2026__C_random_poison_P_gen,Clean_EM,,,true
phase5d_control_ablation,nq__bm25__seed2026__C_random_poison_P_gen,Clean_F1,,,true
phase5d_control_ablation,nq__bm25__seed2026__C_random_poison_P_gen,ASR,0.42,0.42,true
phase5d_control_ablation,nq__bm25__seed2026__C_random_poison_P_gen,ambiguous_rate,0.013333333333333334,0.013333333333333334,true
phase5d_control_ablation,nq__bm25__seed2026__C_random_poison_P_gen,TPR,0.09897610921501707,0.09897610921501707,true
phase5d_control_ablation,nq__bm25__seed2026__C_random_poison_P_gen,FPR,0.17386231038506417,0.17386231038506417,true
phase5d_control_ablation,nq__bm25__seed2026__C_random_poison_P_gen,PoisonPresence@5,0.68,0.68,true
phase5d_control_ablation,nq__bm25__seed2026__C_random_poison_P_gen,PoisonFraction@5,0.5279999999999999,0.5279999999999999,true
phase5d_control_ablation,nq__bm25__seed2026__C_random_poison_P_gen,TargetPoisonPresence@5,0.68,0.68,true
phase5d_control_ablation,nq__bm25__seed2026__C_random_poison_P_gen,TargetPoisonFraction@5,0.5279999999999999,0.5279999999999999,true
phase5d_control_ablation,nq__bm25__seed2026__C_random_poison_P_gen,avg_context_count,5,5,true
phase5d_control_ablation,nq__bm25__seed2026__C_random_poison_P_gen,gate_inputs,1736,1736,true
phase5d_control_ablation,nq__bm25__seed2026__C_random_poison_P_gen,gate_clean_inputs,857,857,true
phase5d_control_ablation,nq__bm25__seed2026__C_random_poison_P_gen,gate_poison_inputs,879,879,true
phase5d_control_ablation,nq__bm25__seed2026__C_random_poison_P_ret,num_eval_queries,300,300,true
phase5d_control_ablation,nq__bm25__seed2026__C_random_poison_P_ret,Clean_EM,,,true
phase5d_control_ablation,nq__bm25__seed2026__C_random_poison_P_ret,Clean_F1,,,true
phase5d_control_ablation,nq__bm25__seed2026__C_random_poison_P_ret,ASR,0.4066666666666667,0.4066666666666667,true
phase5d_control_ablation,nq__bm25__seed2026__C_random_poison_P_ret,ambiguous_rate,0.016666666666666666,0.016666666666666666,true
phase5d_control_ablation,nq__bm25__seed2026__C_random_poison_P_ret,TPR,0.05566343042071197,0.05566343042071197,true
phase5d_control_ablation,nq__bm25__seed2026__C_random_poison_P_ret,FPR,0.05284280936454849,0.05284280936454849,true
phase5d_control_ablation,nq__bm25__seed2026__C_random_poison_P_ret,PoisonPresence@5,0.6766666666666666,0.6766666666666666,true
phase5d_control_ablation,nq__bm25__seed2026__C_random_poison_P_ret,PoisonFraction@5,0.5419999999999999,0.5419999999999999,true
phase5d_control_ablation,nq__bm25__seed2026__C_random_poison_P_ret,TargetPoisonPresence@5,0.6766666666666666,0.6766666666666666,true
phase5d_control_ablation,nq__bm25__seed2026__C_random_poison_P_ret,TargetPoisonFraction@5,0.5419999999999999,0.5419999999999999,true
phase5d_control_ablation,nq__bm25__seed2026__C_random_poison_P_ret,avg_context_count,5,5,true
phase5d_control_ablation,nq__bm25__seed2026__C_random_poison_P_ret,gate_inputs,15000,15000,true
phase5d_control_ablation,nq__bm25__seed2026__C_random_poison_P_ret,gate_clean_inputs,13455,13455,true
phase5d_control_ablation,nq__bm25__seed2026__C_random_poison_P_ret,gate_poison_inputs,1545,1545,true
phase5d_control_ablation,nq__bm25__seed42__A_simplified_clean_no_gate,num_eval_queries,300,300,true
phase5d_control_ablation,nq__bm25__seed42__A_simplified_clean_no_gate,Clean_EM,0,0,true
phase5d_control_ablation,nq__bm25__seed42__A_simplified_clean_no_gate,Clean_F1,0.11526151435644487,0.11526151435644487,true
phase5d_control_ablation,nq__bm25__seed42__A_simplified_clean_no_gate,ASR,,,true
phase5d_control_ablation,nq__bm25__seed42__A_simplified_clean_no_gate,ambiguous_rate,,,true
phase5d_control_ablation,nq__bm25__seed42__A_simplified_clean_no_gate,TPR,,,true
phase5d_control_ablation,nq__bm25__seed42__A_simplified_clean_no_gate,FPR,,,true
phase5d_control_ablation,nq__bm25__seed42__A_simplified_clean_no_gate,PoisonPresence@5,0,0,true
phase5d_control_ablation,nq__bm25__seed42__A_simplified_clean_no_gate,PoisonFraction@5,0,0,true
phase5d_control_ablation,nq__bm25__seed42__A_simplified_clean_no_gate,TargetPoisonPresence@5,0,0,true
phase5d_control_ablation,nq__bm25__seed42__A_simplified_clean_no_gate,TargetPoisonFraction@5,0,0,true
phase5d_control_ablation,nq__bm25__seed42__A_simplified_clean_no_gate,avg_context_count,5,5,true
phase5d_control_ablation,nq__bm25__seed42__A_simplified_clean_no_gate,gate_inputs,0,0,true
phase5d_control_ablation,nq__bm25__seed42__A_simplified_clean_no_gate,gate_clean_inputs,0,0,true
phase5d_control_ablation,nq__bm25__seed42__A_simplified_clean_no_gate,gate_poison_inputs,0,0,true
phase5d_control_ablation,nq__bm25__seed42__A_simplified_poison_no_gate,num_eval_queries,300,300,true
phase5d_control_ablation,nq__bm25__seed42__A_simplified_poison_no_gate,Clean_EM,,,true
phase5d_control_ablation,nq__bm25__seed42__A_simplified_poison_no_gate,Clean_F1,,,true
phase5d_control_ablation,nq__bm25__seed42__A_simplified_poison_no_gate,ASR,0.63,0.63,true
phase5d_control_ablation,nq__bm25__seed42__A_simplified_poison_no_gate,ambiguous_rate,0.013333333333333334,0.013333333333333334,true
phase5d_control_ablation,nq__bm25__seed42__A_simplified_poison_no_gate,TPR,,,true
phase5d_control_ablation,nq__bm25__seed42__A_simplified_poison_no_gate,FPR,,,true
phase5d_control_ablation,nq__bm25__seed42__A_simplified_poison_no_gate,PoisonPresence@5,1,1,true
phase5d_control_ablation,nq__bm25__seed42__A_simplified_poison_no_gate,PoisonFraction@5,0.9746666666666666,0.9746666666666666,true
phase5d_control_ablation,nq__bm25__seed42__A_simplified_poison_no_gate,TargetPoisonPresence@5,1,1,true
phase5d_control_ablation,nq__bm25__seed42__A_simplified_poison_no_gate,TargetPoisonFraction@5,0.9746666666666666,0.9746666666666666,true
phase5d_control_ablation,nq__bm25__seed42__A_simplified_poison_no_gate,avg_context_count,5,5,true
phase5d_control_ablation,nq__bm25__seed42__A_simplified_poison_no_gate,gate_inputs,0,0,true
phase5d_control_ablation,nq__bm25__seed42__A_simplified_poison_no_gate,gate_clean_inputs,0,0,true
phase5d_control_ablation,nq__bm25__seed42__A_simplified_poison_no_gate,gate_poison_inputs,0,0,true
phase5d_control_ablation,nq__bm25__seed42__B_single_clean_P_gen,num_eval_queries,300,300,true
phase5d_control_ablation,nq__bm25__seed42__B_single_clean_P_gen,Clean_EM,0,0,true
phase5d_control_ablation,nq__bm25__seed42__B_single_clean_P_gen,Clean_F1,0.14126817837577021,0.14126817837577021,true
phase5d_control_ablation,nq__bm25__seed42__B_single_clean_P_gen,ASR,,,true
phase5d_control_ablation,nq__bm25__seed42__B_single_clean_P_gen,ambiguous_rate,,,true
phase5d_control_ablation,nq__bm25__seed42__B_single_clean_P_gen,TPR,,,true
phase5d_control_ablation,nq__bm25__seed42__B_single_clean_P_gen,FPR,0.15584415584415584,0.15584415584415584,true
phase5d_control_ablation,nq__bm25__seed42__B_single_clean_P_gen,PoisonPresence@5,0,0,true
phase5d_control_ablation,nq__bm25__seed42__B_single_clean_P_gen,PoisonFraction@5,0,0,true
phase5d_control_ablation,nq__bm25__seed42__B_single_clean_P_gen,TargetPoisonPresence@5,0,0,true
phase5d_control_ablation,nq__bm25__seed42__B_single_clean_P_gen,TargetPoisonFraction@5,0,0,true
phase5d_control_ablation,nq__bm25__seed42__B_single_clean_P_gen,avg_context_count,4.983333333333333,4.983333333333333,true
phase5d_control_ablation,nq__bm25__seed42__B_single_clean_P_gen,gate_inputs,1771,1771,true
phase5d_control_ablation,nq__bm25__seed42__B_single_clean_P_gen,gate_clean_inputs,1771,1771,true
phase5d_control_ablation,nq__bm25__seed42__B_single_clean_P_gen,gate_poison_inputs,0,0,true
phase5d_control_ablation,nq__bm25__seed42__B_single_clean_P_ret,num_eval_queries,300,300,true
phase5d_control_ablation,nq__bm25__seed42__B_single_clean_P_ret,Clean_EM,0,0,true
phase5d_control_ablation,nq__bm25__seed42__B_single_clean_P_ret,Clean_F1,0.14126817837577021,0.14126817837577021,true
phase5d_control_ablation,nq__bm25__seed42__B_single_clean_P_ret,ASR,,,true
phase5d_control_ablation,nq__bm25__seed42__B_single_clean_P_ret,ambiguous_rate,,,true
phase5d_control_ablation,nq__bm25__seed42__B_single_clean_P_ret,TPR,,,true
phase5d_control_ablation,nq__bm25__seed42__B_single_clean_P_ret,FPR,0.0402,0.0402,true
phase5d_control_ablation,nq__bm25__seed42__B_single_clean_P_ret,PoisonPresence@5,0,0,true
phase5d_control_ablation,nq__bm25__seed42__B_single_clean_P_ret,PoisonFraction@5,0,0,true
phase5d_control_ablation,nq__bm25__seed42__B_single_clean_P_ret,TargetPoisonPresence@5,0,0,true
phase5d_control_ablation,nq__bm25__seed42__B_single_clean_P_ret,TargetPoisonFraction@5,0,0,true
phase5d_control_ablation,nq__bm25__seed42__B_single_clean_P_ret,avg_context_count,4.983333333333333,4.983333333333333,true
phase5d_control_ablation,nq__bm25__seed42__B_single_clean_P_ret,gate_inputs,15000,15000,true
phase5d_control_ablation,nq__bm25__seed42__B_single_clean_P_ret,gate_clean_inputs,15000,15000,true
phase5d_control_ablation,nq__bm25__seed42__B_single_clean_P_ret,gate_poison_inputs,0,0,true
phase5d_control_ablation,nq__bm25__seed42__B_single_poison_P_gen,num_eval_queries,300,300,true
phase5d_control_ablation,nq__bm25__seed42__B_single_poison_P_gen,Clean_EM,,,true
phase5d_control_ablation,nq__bm25__seed42__B_single_poison_P_gen,Clean_F1,,,true
phase5d_control_ablation,nq__bm25__seed42__B_single_poison_P_gen,ASR,0,0,true
phase5d_control_ablation,nq__bm25__seed42__B_single_poison_P_gen,ambiguous_rate,0,0,true
phase5d_control_ablation,nq__bm25__seed42__B_single_poison_P_gen,TPR,1,1,true
phase5d_control_ablation,nq__bm25__seed42__B_single_poison_P_gen,FPR,0.15774647887323945,0.15774647887323945,true
phase5d_control_ablation,nq__bm25__seed42__B_single_poison_P_gen,PoisonPresence@5,0,0,true
phase5d_control_ablation,nq__bm25__seed42__B_single_poison_P_gen,PoisonFraction@5,0,0,true
phase5d_control_ablation,nq__bm25__seed42__B_single_poison_P_gen,TargetPoisonPresence@5,0,0,true
phase5d_control_ablation,nq__bm25__seed42__B_single_poison_P_gen,TargetPoisonFraction@5,0,0,true
phase5d_control_ablation,nq__bm25__seed42__B_single_poison_P_gen,avg_context_count,4.983333333333333,4.983333333333333,true
phase5d_control_ablation,nq__bm25__seed42__B_single_poison_P_gen,gate_inputs,2845,2845,true
phase5d_control_ablation,nq__bm25__seed42__B_single_poison_P_gen,gate_clean_inputs,1775,1775,true
phase5d_control_ablation,nq__bm25__seed42__B_single_poison_P_gen,gate_poison_inputs,1070,1070,true
phase5d_control_ablation,nq__bm25__seed42__B_single_poison_P_ret,num_eval_queries,300,300,true
phase5d_control_ablation,nq__bm25__seed42__B_single_poison_P_ret,Clean_EM,,,true
phase5d_control_ablation,nq__bm25__seed42__B_single_poison_P_ret,Clean_F1,,,true
phase5d_control_ablation,nq__bm25__seed42__B_single_poison_P_ret,ASR,0,0,true
phase5d_control_ablation,nq__bm25__seed42__B_single_poison_P_ret,ambiguous_rate,0,0,true
phase5d_control_ablation,nq__bm25__seed42__B_single_poison_P_ret,TPR,0.9683666881859264,0.9683666881859264,true
phase5d_control_ablation,nq__bm25__seed42__B_single_poison_P_ret,FPR,0.04311947067132555,0.04311947067132555,true
phase5d_control_ablation,nq__bm25__seed42__B_single_poison_P_ret,PoisonPresence@5,0,0,true
phase5d_control_ablation,nq__bm25__seed42__B_single_poison_P_ret,PoisonFraction@5,0,0,true
phase5d_control_ablation,nq__bm25__seed42__B_single_poison_P_ret,TargetPoisonPresence@5,0,0,true
phase5d_control_ablation,nq__bm25__seed42__B_single_poison_P_ret,TargetPoisonFraction@5,0,0,true
phase5d_control_ablation,nq__bm25__seed42__B_single_poison_P_ret,avg_context_count,4.983333333333333,4.983333333333333,true
phase5d_control_ablation,nq__bm25__seed42__B_single_poison_P_ret,gate_inputs,15000,15000,true
phase5d_control_ablation,nq__bm25__seed42__B_single_poison_P_ret,gate_clean_inputs,13451,13451,true
phase5d_control_ablation,nq__bm25__seed42__B_single_poison_P_ret,gate_poison_inputs,1549,1549,true
phase5d_control_ablation,nq__bm25__seed42__C_random_clean_P_gen,num_eval_queries,300,300,true
phase5d_control_ablation,nq__bm25__seed42__C_random_clean_P_gen,Clean_EM,0,0,true
phase5d_control_ablation,nq__bm25__seed42__C_random_clean_P_gen,Clean_F1,0.14526555353078927,0.14526555353078927,true
phase5d_control_ablation,nq__bm25__seed42__C_random_clean_P_gen,ASR,,,true
phase5d_control_ablation,nq__bm25__seed42__C_random_clean_P_gen,ambiguous_rate,,,true
phase5d_control_ablation,nq__bm25__seed42__C_random_clean_P_gen,TPR,,,true
phase5d_control_ablation,nq__bm25__seed42__C_random_clean_P_gen,FPR,0.08925318761384335,0.08925318761384335,true
phase5d_control_ablation,nq__bm25__seed42__C_random_clean_P_gen,PoisonPresence@5,0,0,true
phase5d_control_ablation,nq__bm25__seed42__C_random_clean_P_gen,PoisonFraction@5,0,0,true
phase5d_control_ablation,nq__bm25__seed42__C_random_clean_P_gen,TargetPoisonPresence@5,0,0,true
phase5d_control_ablation,nq__bm25__seed42__C_random_clean_P_gen,TargetPoisonFraction@5,0,0,true
phase5d_control_ablation,nq__bm25__seed42__C_random_clean_P_gen,avg_context_count,5,5,true
phase5d_control_ablation,nq__bm25__seed42__C_random_clean_P_gen,gate_inputs,1647,1647,true
phase5d_control_ablation,nq__bm25__seed42__C_random_clean_P_gen,gate_clean_inputs,1647,1647,true
phase5d_control_ablation,nq__bm25__seed42__C_random_clean_P_gen,gate_poison_inputs,0,0,true
phase5d_control_ablation,nq__bm25__seed42__C_random_clean_P_ret,num_eval_queries,300,300,true
phase5d_control_ablation,nq__bm25__seed42__C_random_clean_P_ret,Clean_EM,0,0,true
phase5d_control_ablation,nq__bm25__seed42__C_random_clean_P_ret,Clean_F1,0.14818653078787933,0.14818653078787933,true
phase5d_control_ablation,nq__bm25__seed42__C_random_clean_P_ret,ASR,,,true
phase5d_control_ablation,nq__bm25__seed42__C_random_clean_P_ret,ambiguous_rate,,,true
phase5d_control_ablation,nq__bm25__seed42__C_random_clean_P_ret,TPR,,,true
phase5d_control_ablation,nq__bm25__seed42__C_random_clean_P_ret,FPR,0.04426666666666667,0.04426666666666667,true
phase5d_control_ablation,nq__bm25__seed42__C_random_clean_P_ret,PoisonPresence@5,0,0,true
phase5d_control_ablation,nq__bm25__seed42__C_random_clean_P_ret,PoisonFraction@5,0,0,true
phase5d_control_ablation,nq__bm25__seed42__C_random_clean_P_ret,TargetPoisonPresence@5,0,0,true
phase5d_control_ablation,nq__bm25__seed42__C_random_clean_P_ret,TargetPoisonFraction@5,0,0,true
phase5d_control_ablation,nq__bm25__seed42__C_random_clean_P_ret,avg_context_count,5,5,true
phase5d_control_ablation,nq__bm25__seed42__C_random_clean_P_ret,gate_inputs,15000,15000,true
phase5d_control_ablation,nq__bm25__seed42__C_random_clean_P_ret,gate_clean_inputs,15000,15000,true
phase5d_control_ablation,nq__bm25__seed42__C_random_clean_P_ret,gate_poison_inputs,0,0,true
phase5d_control_ablation,nq__bm25__seed42__C_random_poison_P_gen,num_eval_queries,300,300,true
phase5d_control_ablation,nq__bm25__seed42__C_random_poison_P_gen,Clean_EM,,,true
phase5d_control_ablation,nq__bm25__seed42__C_random_poison_P_gen,Clean_F1,,,true
phase5d_control_ablation,nq__bm25__seed42__C_random_poison_P_gen,ASR,0.43333333333333335,0.43333333333333335,true
phase5d_control_ablation,nq__bm25__seed42__C_random_poison_P_gen,ambiguous_rate,0.016666666666666666,0.016666666666666666,true
phase5d_control_ablation,nq__bm25__seed42__C_random_poison_P_gen,TPR,0.08972972972972973,0.08972972972972973,true
phase5d_control_ablation,nq__bm25__seed42__C_random_poison_P_gen,FPR,0.16071428571428573,0.16071428571428573,true
phase5d_control_ablation,nq__bm25__seed42__C_random_poison_P_gen,PoisonPresence@5,0.7133333333333334,0.7133333333333334,true
phase5d_control_ablation,nq__bm25__seed42__C_random_poison_P_gen,PoisonFraction@5,0.5613333333333337,0.5613333333333337,true
phase5d_control_ablation,nq__bm25__seed42__C_random_poison_P_gen,TargetPoisonPresence@5,0.7133333333333334,0.7133333333333334,true
phase5d_control_ablation,nq__bm25__seed42__C_random_poison_P_gen,TargetPoisonFraction@5,0.5613333333333337,0.5613333333333337,true
phase5d_control_ablation,nq__bm25__seed42__C_random_poison_P_gen,avg_context_count,5,5,true
phase5d_control_ablation,nq__bm25__seed42__C_random_poison_P_gen,gate_inputs,1709,1709,true
phase5d_control_ablation,nq__bm25__seed42__C_random_poison_P_gen,gate_clean_inputs,784,784,true
phase5d_control_ablation,nq__bm25__seed42__C_random_poison_P_gen,gate_poison_inputs,925,925,true
phase5d_control_ablation,nq__bm25__seed42__C_random_poison_P_ret,num_eval_queries,300,300,true
phase5d_control_ablation,nq__bm25__seed42__C_random_poison_P_ret,Clean_EM,,,true
phase5d_control_ablation,nq__bm25__seed42__C_random_poison_P_ret,Clean_F1,,,true
phase5d_control_ablation,nq__bm25__seed42__C_random_poison_P_ret,ASR,0.42,0.42,true
phase5d_control_ablation,nq__bm25__seed42__C_random_poison_P_ret,ambiguous_rate,0.023333333333333334,0.023333333333333334,true
phase5d_control_ablation,nq__bm25__seed42__C_random_poison_P_ret,TPR,0.05422853453841188,0.05422853453841188,true
phase5d_control_ablation,nq__bm25__seed42__C_random_poison_P_ret,FPR,0.0526354917849974,0.0526354917849974,true
phase5d_control_ablation,nq__bm25__seed42__C_random_poison_P_ret,PoisonPresence@5,0.71,0.71,true
phase5d_control_ablation,nq__bm25__seed42__C_random_poison_P_ret,PoisonFraction@5,0.5666666666666671,0.5666666666666671,true
phase5d_control_ablation,nq__bm25__seed42__C_random_poison_P_ret,TargetPoisonPresence@5,0.71,0.71,true
phase5d_control_ablation,nq__bm25__seed42__C_random_poison_P_ret,TargetPoisonFraction@5,0.5666666666666671,0.5666666666666671,true
phase5d_control_ablation,nq__bm25__seed42__C_random_poison_P_ret,avg_context_count,5,5,true
phase5d_control_ablation,nq__bm25__seed42__C_random_poison_P_ret,gate_inputs,15000,15000,true
phase5d_control_ablation,nq__bm25__seed42__C_random_poison_P_ret,gate_clean_inputs,13451,13451,true
phase5d_control_ablation,nq__bm25__seed42__C_random_poison_P_ret,gate_poison_inputs,1549,1549,true
